-- Adminer 4.8.0 MySQL 5.5.5-10.3.31-MariaDB-0ubuntu0.20.04.1 dump

SET NAMES utf8;
SET time_zone = '+00:00';
SET foreign_key_checks = 0;
SET sql_mode = 'NO_AUTO_VALUE_ON_ZERO';

DROP TABLE IF EXISTS `announcements`;
CREATE TABLE `announcements` (
  `id` int(11) NOT NULL AUTO_INCREMENT,
  `description` longtext COLLATE utf8_unicode_ci DEFAULT NULL,
  `created_by` int(11) DEFAULT NULL,
  `updated_by` int(11) DEFAULT NULL,
  `created_at` timestamp NOT NULL DEFAULT current_timestamp(),
  `updated_at` timestamp NOT NULL DEFAULT current_timestamp(),
  PRIMARY KEY (`id`),
  KEY `created_by` (`created_by`),
  KEY `updated_by` (`updated_by`),
  CONSTRAINT `announcements_ibfk_1` FOREIGN KEY (`created_by`) REFERENCES `users` (`id`) ON UPDATE CASCADE,
  CONSTRAINT `announcements_ibfk_2` FOREIGN KEY (`updated_by`) REFERENCES `users` (`id`) ON UPDATE CASCADE
) ENGINE=InnoDB DEFAULT CHARSET=utf8 COLLATE=utf8_unicode_ci;


DROP TABLE IF EXISTS `approval_leaves`;
CREATE TABLE `approval_leaves` (
  `id` int(11) NOT NULL AUTO_INCREMENT,
  `leave_id` int(11) DEFAULT NULL,
  `approver_id` int(11) DEFAULT NULL,
  `approver_name` varchar(255) COLLATE utf8_unicode_ci DEFAULT NULL,
  `flag` int(11) DEFAULT 4,
  `description` longtext COLLATE utf8_unicode_ci DEFAULT NULL,
  `created_at` timestamp NOT NULL DEFAULT current_timestamp(),
  `updated_at` timestamp NOT NULL DEFAULT current_timestamp(),
  PRIMARY KEY (`id`),
  KEY `leave_id` (`leave_id`),
  KEY `approver_id` (`approver_id`),
  KEY `flag` (`flag`),
  CONSTRAINT `approval_leaves_ibfk_1` FOREIGN KEY (`leave_id`) REFERENCES `leaves` (`id`) ON UPDATE CASCADE,
  CONSTRAINT `approval_leaves_ibfk_2` FOREIGN KEY (`approver_id`) REFERENCES `positions` (`id`) ON DELETE CASCADE ON UPDATE CASCADE,
  CONSTRAINT `approval_leaves_ibfk_3` FOREIGN KEY (`flag`) REFERENCES `approval_status` (`id`) ON UPDATE CASCADE
) ENGINE=InnoDB DEFAULT CHARSET=utf8 COLLATE=utf8_unicode_ci;


DROP TABLE IF EXISTS `approval_overtimes`;
CREATE TABLE `approval_overtimes` (
  `id` int(11) NOT NULL AUTO_INCREMENT,
  `overtime_id` int(11) DEFAULT NULL,
  `approver_id` int(11) DEFAULT NULL,
  `approver_name` varchar(255) COLLATE utf8_unicode_ci DEFAULT NULL,
  `flag` int(11) DEFAULT 4,
  `overtime_type` int(11) NOT NULL,
  `description` longtext COLLATE utf8_unicode_ci DEFAULT NULL,
  `created_at` timestamp NOT NULL DEFAULT current_timestamp(),
  `updated_at` timestamp NOT NULL DEFAULT current_timestamp(),
  PRIMARY KEY (`id`),
  KEY `overtime_id` (`overtime_id`),
  KEY `approver_id` (`approver_id`),
  KEY `flag` (`flag`),
  KEY `overtime_type` (`overtime_type`),
  CONSTRAINT `approval_overtimes_ibfk_1` FOREIGN KEY (`overtime_id`) REFERENCES `overtimes` (`id`) ON UPDATE CASCADE,
  CONSTRAINT `approval_overtimes_ibfk_2` FOREIGN KEY (`approver_id`) REFERENCES `positions` (`id`) ON DELETE CASCADE ON UPDATE CASCADE,
  CONSTRAINT `approval_overtimes_ibfk_3` FOREIGN KEY (`flag`) REFERENCES `approval_status` (`id`) ON UPDATE CASCADE,
  CONSTRAINT `approval_overtimes_ibfk_4` FOREIGN KEY (`overtime_type`) REFERENCES `overtime_type` (`id`)
) ENGINE=InnoDB DEFAULT CHARSET=utf8 COLLATE=utf8_unicode_ci;

DROP TABLE IF EXISTS `approval_status`;
CREATE TABLE `approval_status` (
  `id` int(11) NOT NULL AUTO_INCREMENT,
  `status` varchar(255) COLLATE utf8_unicode_ci DEFAULT NULL,
  PRIMARY KEY (`id`)
) ENGINE=InnoDB DEFAULT CHARSET=utf8 COLLATE=utf8_unicode_ci;

INSERT INTO `approval_status` (`id`, `status`) VALUES
(1, 'Submitted'),
(2, 'Approved'),
(3, 'Rejected'),
(4, 'Waiting for Approval'),
(5, 'Cancelled'),
(6, 'Reported'),
(7, 'Verification'),
(8, 'Draft'),
(9, 'Published');

DROP TABLE IF EXISTS `approval_workflow`;
CREATE TABLE `approval_workflow` (
  `id` int(11) NOT NULL AUTO_INCREMENT,
  `event` varchar(255) COLLATE utf8_unicode_ci DEFAULT NULL,
  `sequence` int(11) DEFAULT NULL,
  PRIMARY KEY (`id`)
) ENGINE=InnoDB DEFAULT CHARSET=utf8 COLLATE=utf8_unicode_ci;


SET NAMES utf8mb4;

DROP TABLE IF EXISTS `assessment_peer_review`;
CREATE TABLE `assessment_peer_review` (
  `id` int(11) NOT NULL AUTO_INCREMENT,
  `assessor_peer_review_id` int(11) DEFAULT NULL,
  `criteria_peer_review_id` int(11) DEFAULT NULL,
  `score` int(11) DEFAULT NULL,
  PRIMARY KEY (`id`),
  KEY `assessor_peer_review_id` (`assessor_peer_review_id`),
  KEY `criteria_peer_review_id` (`criteria_peer_review_id`),
  CONSTRAINT `assessment_peer_review_ibfk_1` FOREIGN KEY (`assessor_peer_review_id`) REFERENCES `assessor_peer_review` (`id`),
  CONSTRAINT `assessment_peer_review_ibfk_2` FOREIGN KEY (`criteria_peer_review_id`) REFERENCES `criteria_peer_review` (`id`)
) ENGINE=InnoDB DEFAULT CHARSET=utf8mb4;

DROP TABLE IF EXISTS `assessment_specific`;
CREATE TABLE `assessment_specific` (
  `id` int(11) NOT NULL AUTO_INCREMENT,
  `performance_id` int(11) DEFAULT NULL,
  `kra` varchar(255) COLLATE utf8_unicode_ci DEFAULT NULL,
  `kpi` varchar(255) COLLATE utf8_unicode_ci DEFAULT NULL,
  `score` int(11) DEFAULT NULL,
  `comment` varchar(255) COLLATE utf8_unicode_ci DEFAULT NULL,
  `criteria` longtext COLLATE utf8_unicode_ci DEFAULT NULL,
  `status` int(11) DEFAULT NULL,
  `created_by` int(11) DEFAULT NULL,
  `updated_by` int(11) DEFAULT NULL,
  `created_at` timestamp NOT NULL DEFAULT current_timestamp(),
  `updated_at` timestamp NOT NULL DEFAULT current_timestamp(),
  PRIMARY KEY (`id`),
  KEY `performance_id` (`performance_id`),
  KEY `status` (`status`),
  KEY `created_by` (`created_by`),
  KEY `updated_by` (`updated_by`),
  CONSTRAINT `assessment_specific_ibfk_1` FOREIGN KEY (`performance_id`) REFERENCES `performances` (`id`),
  CONSTRAINT `assessment_specific_ibfk_2` FOREIGN KEY (`status`) REFERENCES `approval_status` (`id`),
  CONSTRAINT `assessment_specific_ibfk_3` FOREIGN KEY (`created_by`) REFERENCES `users` (`id`),
  CONSTRAINT `assessment_specific_ibfk_4` FOREIGN KEY (`updated_by`) REFERENCES `users` (`id`)
) ENGINE=InnoDB DEFAULT CHARSET=utf8 COLLATE=utf8_unicode_ci;

INSERT INTO `assessment_specific` (`id`, `performance_id`, `kra`, `kpi`, `score`, `comment`, `criteria`, `status`, `created_by`, `updated_by`, `created_at`, `updated_at`) VALUES
(41,  20, 'Komunikasi', 'Komunikasi teamwork',  7,  'Sudah baik', '1-2 Tidak pernah berkomunikasi dengan tim, selalu mengambil keputusan sendiri. Sulit beradaptasi dengan orang lain.\r\n3-4 Jarang berkomunikasi dalam tim, beberapa kali tidak mengikuti hasil keputusan tim. Kurang baik dalam beradaptasi dengan orang lain.\r\n5-6 Menjalin komunikasi yang baik dengan tim, mengikuti keputusan yang diambil tim. Adaptasi yang baik dengan orang lain.\r\n7-8 Komunikasinya sangat baik dan memotivasi tim. Membantu rekan satu tim lain untuk beradaptasi.', NULL, 21, 21, '2021-07-08 09:52:58',  '2021-07-08 09:52:58');

DROP TABLE IF EXISTS `assessment_standard`;
CREATE TABLE `assessment_standard` (
  `id` int(11) NOT NULL AUTO_INCREMENT,
  `pac_id` int(11) DEFAULT NULL,
  `kra` varchar(255) COLLATE utf8_unicode_ci DEFAULT NULL,
  `kpi` varchar(255) COLLATE utf8_unicode_ci DEFAULT NULL,
  `criteria` longtext COLLATE utf8_unicode_ci DEFAULT NULL,
  `status` int(11) DEFAULT NULL,
  `created_by` int(11) DEFAULT NULL,
  `updated_by` int(11) DEFAULT NULL,
  `created_at` timestamp NOT NULL DEFAULT current_timestamp(),
  `updated_at` timestamp NOT NULL DEFAULT current_timestamp(),
  PRIMARY KEY (`id`),
  KEY `pac_id` (`pac_id`),
  KEY `status` (`status`),
  KEY `created_by` (`created_by`),
  KEY `updated_by` (`updated_by`),
  CONSTRAINT `assessment_standard_ibfk_1` FOREIGN KEY (`pac_id`) REFERENCES `performance_appraisal_calendar` (`id`),
  CONSTRAINT `assessment_standard_ibfk_2` FOREIGN KEY (`status`) REFERENCES `approval_status` (`id`),
  CONSTRAINT `assessment_standard_ibfk_3` FOREIGN KEY (`created_by`) REFERENCES `users` (`id`),
  CONSTRAINT `assessment_standard_ibfk_4` FOREIGN KEY (`updated_by`) REFERENCES `users` (`id`)
) ENGINE=InnoDB DEFAULT CHARSET=utf8 COLLATE=utf8_unicode_ci;

DROP TABLE IF EXISTS `assessor_peer_review`;
CREATE TABLE `assessor_peer_review` (
  `id` int(11) NOT NULL AUTO_INCREMENT,
  `peer_review_id` int(11) DEFAULT NULL,
  `assessor_id` int(11) DEFAULT NULL,
  `status` int(11) DEFAULT NULL,
  PRIMARY KEY (`id`),
  KEY `peer_review_id` (`peer_review_id`),
  KEY `assessor_id` (`assessor_id`),
  KEY `status` (`status`),
  CONSTRAINT `assessor_peer_review_ibfk_1` FOREIGN KEY (`peer_review_id`) REFERENCES `peer_review` (`id`),
  CONSTRAINT `assessor_peer_review_ibfk_2` FOREIGN KEY (`assessor_id`) REFERENCES `employee_pt` (`employee_id`),
  CONSTRAINT `assessor_peer_review_ibfk_3` FOREIGN KEY (`status`) REFERENCES `approval_status` (`id`)
) ENGINE=InnoDB DEFAULT CHARSET=utf8mb4;

DROP TABLE IF EXISTS `cities`;
CREATE TABLE `cities` (
  `id` int(11) NOT NULL AUTO_INCREMENT,
  `province_id` int(11) DEFAULT NULL,
  `city` varchar(255) COLLATE utf8_unicode_ci DEFAULT NULL,
  PRIMARY KEY (`id`)
) ENGINE=InnoDB DEFAULT CHARSET=utf8 COLLATE=utf8_unicode_ci;

INSERT INTO `cities` (`id`, `province_id`, `city`) VALUES
(10100, 10000,  'Kepulauan Seribu'),
(16000, 10000,  'Kota Jakarta Pusat'),
(16100, 10000,  'Kota Jakarta Utara'),
(16200, 10000,  'Kota Jakarta Barat'),
(16300, 10000,  'Kota Jakarta Selatan'),
(16400, 10000,  'Kota Jakarta Timur'),
(20500, 20000,  'Bogor'),
(20600, 20000,  'Sukabumi'),
(20700, 20000,  'Cianjur'),
(20800, 20000,  'Bandung'),
(21000, 20000,  'Sumedang'),
(21100, 20000,  'Garut'),
(21200, 20000,  'Tasikmalaya'),
(21400, 20000,  'Ciamis'),
(21500, 20000,  'Kuningan'),
(21600, 20000,  'Majalengka'),
(21700, 20000,  'Cirebon'),
(21800, 20000,  'Indramayu'),
(21900, 20000,  'Subang'),
(22000, 20000,  'Purwakarta'),
(22100, 20000,  'Karawang'),
(22200, 20000,  'Bekasi'),
(22300, 20000,  'Bandung Barat'),
(22500, 20000,  'Pangandaran'),
(26000, 20000,  'Kota Bandung'),
(26100, 20000,  'Kota Bogor'),
(26200, 20000,  'Kota Sukabumi'),
(26300, 20000,  'Kota Cirebon'),
(26500, 20000,  'Kota Bekasi'),
(26600, 20000,  'Kota Depok'),
(26700, 20000,  'Kota Cimahi'),
(26800, 20000,  'Kota Tasikmalaya'),
(26900, 20000,  'Kota Banjar'),
(30100, 30000,  'Cilacap'),
(30200, 30000,  'Banyumas'),
(30300, 30000,  'Purbalingga'),
(30400, 30000,  'Banjarnegara'),
(30500, 30000,  'Kebumen'),
(30600, 30000,  'Purworejo'),
(30700, 30000,  'Wonosobo'),
(30800, 30000,  'Magelang'),
(30900, 30000,  'Boyolali'),
(31000, 30000,  'Klaten'),
(31100, 30000,  'Sukoharjo'),
(31200, 30000,  'Wonogiri'),
(31300, 30000,  'Karanganyar'),
(31400, 30000,  'Sragen'),
(31500, 30000,  'Grobogan'),
(31600, 30000,  'Blora'),
(31700, 30000,  'Rembang'),
(31800, 30000,  'Pati'),
(31900, 30000,  'Kudus'),
(32000, 30000,  'Jepara'),
(32100, 30000,  'Demak'),
(32200, 30000,  'Semarang'),
(32300, 30000,  'Temanggung'),
(32400, 30000,  'Kendal'),
(32500, 30000,  'Batang'),
(32600, 30000,  'Pekalongan'),
(32700, 30000,  'Pemalang'),
(32800, 30000,  'Tegal'),
(32900, 30000,  'Brebes'),
(36000, 30000,  'Kota Magelang'),
(36100, 30000,  'Kota Surakarta'),
(36200, 30000,  'Kota Salatiga'),
(36300, 30000,  'Kota Semarang'),
(36400, 30000,  'Kota Pekalongan'),
(36500, 30000,  'Kota Tegal'),
(40100, 40000,  'Bantul'),
(40200, 40000,  'Sleman'),
(40300, 40000,  'Gunung Kidul'),
(40400, 40000,  'Kulon Progo'),
(46000, 40000,  'Kota Yogyakarta'),
(50100, 50000,  'Gresik'),
(50200, 50000,  'Sidoarjo'),
(50300, 50000,  'Mojokerto'),
(50400, 50000,  'Jombang'),
(50500, 50000,  'Bojonegoro'),
(50600, 50000,  'Tuban'),
(50700, 50000,  'Lamongan'),
(50800, 50000,  'Madiun'),
(50900, 50000,  'Ngawi'),
(51000, 50000,  'Magetan'),
(51100, 50000,  'Ponorogo'),
(51200, 50000,  'Pacitan'),
(51300, 50000,  'Kediri'),
(51400, 50000,  'Nganjuk'),
(51500, 50000,  'Blitar'),
(51600, 50000,  'Tulungagung'),
(51700, 50000,  'Trenggalek'),
(51800, 50000,  'Malang'),
(51900, 50000,  'Pasuruan'),
(52000, 50000,  'Probolinggo'),
(52100, 50000,  'Lumajang'),
(52200, 50000,  'Bondowoso'),
(52300, 50000,  'Situbondo'),
(52400, 50000,  'Jember'),
(52500, 50000,  'Banyuwangi'),
(52600, 50000,  'Pamekasan'),
(52700, 50000,  'Sampang'),
(52800, 50000,  'Sumenep'),
(52900, 50000,  'Bangkalan'),
(56000, 50000,  'Kota Surabaya'),
(56100, 50000,  'Kota Malang'),
(56200, 50000,  'Kota Madiun'),
(56300, 50000,  'Kota Kediri'),
(56400, 50000,  'Kota Mojokerto'),
(56500, 50000,  'Kota Blitar'),
(56600, 50000,  'Kota Pasuruan'),
(56700, 50000,  'Kota Probolinggo'),
(56800, 50000,  'Kota Batu'),
(60100, 60000,  'Aceh Besar'),
(60200, 60000,  'Pidie'),
(60300, 60000,  'Aceh Utara'),
(60400, 60000,  'Aceh Timur'),
(60500, 60000,  'Aceh Tengah'),
(60600, 60000,  'Aceh Barat'),
(60700, 60000,  'Aceh Selatan'),
(60800, 60000,  'Aceh Tenggara'),
(61100, 60000,  'Simeulue'),
(61200, 60000,  'Bireuen'),
(61300, 60000,  'Aceh Singkil'),
(61400, 60000,  'Aceh Tamiang'),
(61500, 60000,  'Nagan Raya'),
(61600, 60000,  'Aceh Jaya'),
(61700, 60000,  'Aceh Barat Daya'),
(61800, 60000,  'Gayo Lues'),
(61900, 60000,  'Bener Meriah'),
(62000, 60000,  'Pidie Jaya'),
(66000, 60000,  'Kota Sabang'),
(66100, 60000,  'Kota Banda Aceh'),
(66200, 60000,  'Kota Lhokseumawe'),
(66300, 60000,  'Kota Langsa'),
(66400, 60000,  'Kota Subulussalam'),
(70100, 70000,  'Deli Serdang'),
(70200, 70000,  'Langkat'),
(70300, 70000,  'Karo'),
(70400, 70000,  'Simalungun'),
(70500, 70000,  'Dairi'),
(70600, 70000,  'Asahan'),
(70700, 70000,  'Labuhan Batu'),
(70800, 70000,  'Tapanuli Utara'),
(70900, 70000,  'Tapanuli Tengah'),
(71000, 70000,  'Tapanuli Selatan'),
(71100, 70000,  'Nias'),
(71500, 70000,  'Mandailing Natal'),
(71600, 70000,  'Toba Samosir'),
(71700, 70000,  'Nias Selatan'),
(71800, 70000,  'Pakpak Bharat'),
(71900, 70000,  'Humbang Hasudutan'),
(72000, 70000,  'Samosir'),
(72100, 70000,  'Serdang Bedagai'),
(72200, 70000,  'Batubara'),
(72300, 70000,  'Padang Lawas Utara'),
(72400, 70000,  'Padang Lawas'),
(72500, 70000,  'Labuhan Batu Utara'),
(72600, 70000,  'Labuhan Batu Selatan'),
(72700, 70000,  'Nias Barat'),
(72800, 70000,  'Nias Utara'),
(76000, 70000,  'Kota Medan'),
(76100, 70000,  'Kota Binjai'),
(76200, 70000,  'Kota Tebing Tinggi'),
(76300, 70000,  'Kota Pematangsiantar'),
(76400, 70000,  'Kota Tanjung Balai'),
(76500, 70000,  'Kota Sibolga'),
(76600, 70000,  'Kota Padang Sidimpuan'),
(76700, 70000,  'Kota Gunungsitoli'),
(80100, 80000,  'Agam'),
(80200, 80000,  'Pasaman'),
(80300, 80000,  'Lima Puluh Koto'),
(80400, 80000,  'Solok'),
(80500, 80000,  'Padang Pariaman'),
(80600, 80000,  'Pesisir Selatan'),
(80700, 80000,  'Tanah Datar'),
(80800, 80000,  'Sijunjung'),
(81000, 80000,  'Kepulauan Mentawai'),
(81100, 80000,  'Solok Selatan'),
(81200, 80000,  'Dharmasraya'),
(81300, 80000,  'Pasaman Barat'),
(86000, 80000,  'Kota Bukittinggi'),
(86100, 80000,  'Kota Padang'),
(86200, 80000,  'Kota Padang Panjang'),
(86300, 80000,  'Kota Sawah Lunto'),
(86400, 80000,  'Kota Solok'),
(86500, 80000,  'Kota Payakumbuh'),
(86600, 80000,  'Kota Pariaman'),
(90100, 90000,  'Kampar'),
(90200, 90000,  'Bengkalis'),
(90400, 90000,  'Indragiri Hulu'),
(90500, 90000,  'Indragiri Hilir'),
(90800, 90000,  'Pelalawan'),
(90900, 90000,  'Rokan Hulu'),
(91000, 90000,  'Rokan Hilir'),
(91100, 90000,  'Siak'),
(91400, 90000,  'Kuantan Singingi'),
(91500, 90000,  'Kepulauan Meranti'),
(96000, 90000,  'Kota Pekanbaru'),
(96200, 90000,  'Kota Dumai'),
(100100,  100000, 'Batang Hari'),
(100200,  100000, 'Bungo'),
(100300,  100000, 'Sarolangun'),
(100400,  100000, 'Tanjung Jabung Barat'),
(100500,  100000, 'Kerinci'),
(100600,  100000, 'Tebo'),
(100700,  100000, 'Muaro Jambi'),
(100800,  100000, 'Tanjung Jabung Timur'),
(100900,  100000, 'Merangin'),
(106000,  100000, 'Kota Jambi'),
(106100,  100000, 'Kota Sungai Penuh'),
(110100,  110000, 'Musi Banyuasin'),
(110200,  110000, 'Ogan Komering Ilir'),
(110300,  110000, 'Ogan Komering Ulu'),
(110400,  110000, 'Muara Enim'),
(110500,  110000, 'Lahat'),
(110600,  110000, 'Musi Rawas'),
(110700,  110000, 'Banyuasin'),
(110800,  110000, 'Ogan Komering Ulu Timur'),
(110900,  110000, 'Ogan Komering Ulu Selatan'),
(111000,  110000, 'Ogan Ilir'),
(111100,  110000, 'Empat Lawang'),
(111200,  110000, 'Penukal Abab Lematang Ilir'),
(111300,  110000, 'Musi Rawas Utara'),
(116000,  110000, 'Kota Palembang'),
(116100,  110000, 'Kota Prabumulih'),
(116200,  110000, 'Kota Lubuk Linggau'),
(116300,  110000, 'Kota Pagar Alam'),
(120100,  120000, 'Lampung Selatan'),
(120200,  120000, 'Lampung Tengah'),
(120300,  120000, 'Lampung Utara'),
(120400,  120000, 'Lampung Barat'),
(120500,  120000, 'Tulang Bawang'),
(120600,  120000, 'Tanggamus'),
(120700,  120000, 'Lampung Timur'),
(120800,  120000, 'Way Kanan'),
(120900,  120000, 'Pesawaran'),
(121000,  120000, 'Pringsewu'),
(121100,  120000, 'Mesuji'),
(121200,  120000, 'Tulang Bawang Barat'),
(121300,  120000, 'Pesisir Barat'),
(126000,  120000, 'Kota Bandar Lampung'),
(126100,  120000, 'Kota Metro'),
(130100,  130000, 'Sambas'),
(130200,  130000, 'Mempawah'),
(130300,  130000, 'Sanggau'),
(130400,  130000, 'Sintang'),
(130500,  130000, 'Kapuas Hulu'),
(130600,  130000, 'Ketapang'),
(130800,  130000, 'Bengkayang'),
(130900,  130000, 'Landak'),
(131000,  130000, 'Sekadau'),
(131100,  130000, 'Melawi'),
(131200,  130000, 'Kayong Utara'),
(131300,  130000, 'Kuburaya'),
(136000,  130000, 'Kota Pontianak'),
(136100,  130000, 'Kota Singkawang'),
(140100,  140000, 'Kapuas'),
(140200,  140000, 'Barito Selatan'),
(140300,  140000, 'Barito Utara'),
(140400,  140000, 'Kotawaringin Timur'),
(140500,  140000, 'Kotawaringin Barat'),
(140600,  140000, 'Katingan'),
(140700,  140000, 'Seruyan'),
(140800,  140000, 'Sukamara'),
(140900,  140000, 'Lamandau'),
(141000,  140000, 'Gunung Mas'),
(141100,  140000, 'Pulang Pisau'),
(141200,  140000, 'Murung Raya'),
(141300,  140000, 'Barito Timur'),
(146000,  140000, 'Kota Palangka Raya'),
(150100,  150000, 'Banjar'),
(150200,  150000, 'Tanah Laut'),
(150300,  150000, 'Barito Kuala'),
(150400,  150000, 'Tapin'),
(150500,  150000, 'Hulu Sungai Selatan'),
(150600,  150000, 'Hulu Sungai Tengah'),
(150700,  150000, 'Hulu Sungai Utara'),
(150800,  150000, 'Tabalong'),
(150900,  150000, 'Kotabaru'),
(151000,  150000, 'Balangan'),
(151100,  150000, 'Tanah Bumbu'),
(156000,  150000, 'Kota Banjarmasin'),
(156100,  150000, 'Kota Banjarbaru'),
(160100,  160000, 'Paser'),
(160200,  160000, 'Kutai Kartanegara'),
(160300,  160000, 'Berau'),
(160900,  160000, 'Kutai Barat'),
(161000,  160000, 'Kutai Timur'),
(161100,  160000, 'Penajam Paser Utara'),
(161200,  160000, 'Mahakam Ulu'),
(166000,  160000, 'Kota Samarinda'),
(166100,  160000, 'Kota Balikpapan'),
(166300,  160000, 'Kota Bontang'),
(170100,  170000, 'Bolaang Mongondow'),
(170200,  170000, 'Minahasa'),
(170300,  170000, 'Kep. Sangihe'),
(170400,  170000, 'Kepulauan Talaud'),
(170500,  170000, 'Minahasa Selatan'),
(170600,  170000, 'Minahasa Utara'),
(170800,  170000, 'Bolaang Mongondow Utara'),
(170900,  170000, 'Kepulauan Siau Tagulandang Biaro'),
(171000,  170000, 'Minahasa Tenggara'),
(171100,  170000, 'Bolaang Mongondow Timur'),
(171200,  170000, 'Bolaang Mongondow Selatan'),
(176000,  170000, 'Kota Manado'),
(176100,  170000, 'Kota Bitung'),
(176200,  170000, 'Kota Tomohon'),
(176300,  170000, 'Kota Kotamobagu'),
(180100,  180000, 'Banggai Kepulauan'),
(180200,  180000, 'Donggala'),
(180300,  180000, 'Poso'),
(180400,  180000, 'Banggai'),
(180500,  180000, 'Buol'),
(180600,  180000, 'Tolitoli'),
(180700,  180000, 'Morowali'),
(180800,  180000, 'Parigi Moutong'),
(180900,  180000, 'Tojo Una-Una'),
(181000,  180000, 'Sigi'),
(181100,  180000, 'Banggai Laut'),
(181200,  180000, 'Morowali Utara'),
(186000,  180000, 'Kota Palu'),
(190100,  190000, 'Maros'),
(190200,  190000, 'Pangkajene Kepulauan'),
(190300,  190000, 'Gowa'),
(190400,  190000, 'Takalar'),
(190500,  190000, 'Jeneponto'),
(190600,  190000, 'Barru'),
(190700,  190000, 'Bone'),
(190800,  190000, 'Wajo'),
(190900,  190000, 'Soppeng'),
(191000,  190000, 'Bantaeng'),
(191100,  190000, 'Bulukumba'),
(191200,  190000, 'Sinjai'),
(191300,  190000, 'Kepulauan Selayar'),
(191400,  190000, 'Pinrang'),
(191500,  190000, 'Sidenreng Rappang'),
(191600,  190000, 'Enrekang'),
(191700,  190000, 'Luwu'),
(191800,  190000, 'Tana Toraja'),
(192400,  190000, 'Luwu Utara'),
(192600,  190000, 'Luwu Timur'),
(192700,  190000, 'Toraja Utara'),
(196000,  190000, 'Kota Makassar'),
(196100,  190000, 'Kota Parepare'),
(196200,  190000, 'Kota Palopo'),
(200100,  200000, 'Konawe'),
(200200,  200000, 'Muna'),
(200300,  200000, 'Buton'),
(200400,  200000, 'Kolaka'),
(200500,  200000, 'Konawe Selatan'),
(200600,  200000, 'Wakatobi'),
(200700,  200000, 'Bombana'),
(200800,  200000, 'Kolaka Utara'),
(200900,  200000, 'Konawe Utara'),
(201000,  200000, 'Buton Utara'),
(201100,  200000, 'Kolaka Timur'),
(201200,  200000, 'Konawe Kepulauan'),
(201300,  200000, 'Muna Barat'),
(201400,  200000, 'Buton Selatan'),
(201600,  200000, 'Buton Tengah'),
(206000,  200000, 'Kota Kendari'),
(206100,  200000, 'Kota Baubau'),
(210100,  210000, 'Maluku Tengah'),
(210200,  210000, 'Maluku Tenggara'),
(210300,  210000, 'Buru'),
(210400,  210000, 'Maluku Tenggara Barat'),
(210500,  210000, 'Seram Bagian Barat'),
(210600,  210000, 'Seram Bagian Timur'),
(210700,  210000, 'Kepulauan Aru'),
(210800,  210000, 'Maluku Barat Daya'),
(210900,  210000, 'Buru Selatan'),
(216000,  210000, 'Kota Ambon'),
(216100,  210000, 'Kota Tual'),
(220100,  220000, 'Buleleng'),
(220200,  220000, 'Jembrana'),
(220300,  220000, 'Tabanan'),
(220400,  220000, 'Badung'),
(220500,  220000, 'Gianyar'),
(220600,  220000, 'Klungkung'),
(220700,  220000, 'Bangli'),
(220800,  220000, 'Karang Asem'),
(226000,  220000, 'Kota Denpasar'),
(230100,  230000, 'Lombok Barat'),
(230200,  230000, 'Lombok Tengah'),
(230300,  230000, 'Lombok Timur'),
(230400,  230000, 'Sumbawa'),
(230500,  230000, 'Dompu'),
(230600,  230000, 'Bima'),
(230700,  230000, 'Sumbawa Barat'),
(230800,  230000, 'Lombok Utara'),
(236000,  230000, 'Kota Mataram'),
(236100,  230000, 'Kota Bima'),
(240100,  240000, 'Kupang'),
(240300,  240000, 'Timor Tengah Selatan'),
(240400,  240000, 'Timor Tengah Utara'),
(240500,  240000, 'Belu'),
(240600,  240000, 'Alor'),
(240700,  240000, 'Flores Timur'),
(240800,  240000, 'Sikka'),
(240900,  240000, 'Ende'),
(241000,  240000, 'Ngada'),
(241100,  240000, 'Manggarai'),
(241200,  240000, 'Sumba Timur'),
(241300,  240000, 'Sumba Barat'),
(241400,  240000, 'Lembata'),
(241500,  240000, 'Rote-Ndao'),
(241600,  240000, 'Manggarai Barat'),
(241700,  240000, 'Nagakeo'),
(241800,  240000, 'Sumba Tengah'),
(241900,  240000, 'Sumba Barat Daya'),
(242000,  240000, 'Manggarai Timur'),
(242100,  240000, 'Sabu Raijua'),
(242200,  240000, 'Malaka'),
(246000,  240000, 'Kota Kupang'),
(250100,  250000, 'Jayapura'),
(250200,  250000, 'Biak Numfor'),
(250300,  250000, 'Kepulauan Yapen'),
(250700,  250000, 'Merauke'),
(250800,  250000, 'Jaya Wijaya'),
(250900,  250000, 'Nabire'),
(251000,  250000, 'Paniai'),
(251100,  250000, 'Puncak Jaya'),
(251200,  250000, 'Mimika'),
(251300,  250000, 'Boven Digoel'),
(251400,  250000, 'Mappi'),
(251500,  250000, 'Asmat'),
(251600,  250000, 'Yahukimo'),
(251700,  250000, 'Pegunungan Bintang'),
(251800,  250000, 'Tolikara'),
(251900,  250000, 'Sarmi'),
(252000,  250000, 'Keerom'),
(252600,  250000, 'Waropen'),
(252700,  250000, 'Supiori'),
(252800,  250000, 'Memberamo Raya'),
(252900,  250000, 'Nduga'),
(253000,  250000, 'Lanny Jaya'),
(253100,  250000, 'Membramo Tengah'),
(253200,  250000, 'Yalimo'),
(253300,  250000, 'Puncak'),
(253400,  250000, 'Dogiyai'),
(253500,  250000, 'Deiyai'),
(253600,  250000, 'Intan Jaya'),
(256000,  250000, 'Kota Jayapura'),
(260100,  260000, 'Bengkulu Utara'),
(260200,  260000, 'Rejang Lebong'),
(260300,  260000, 'Bengkulu Selatan'),
(260400,  260000, 'Muko-Muko'),
(260500,  260000, 'Kepahiang'),
(260600,  260000, 'Lebong'),
(260700,  260000, 'Kaur'),
(260800,  260000, 'Seluma'),
(260900,  260000, 'Bengkulu Tengah'),
(266000,  260000, 'Kota Bengkulu'),
(270100,  270000, 'Pulau Taliabu'),
(270200,  270000, 'Halmahera Tengah'),
(270300,  270000, 'Halmahera Barat'),
(270400,  270000, 'Halmahera Utara'),
(270500,  270000, 'Halmahera Selatan'),
(270600,  270000, 'Halmahera Timur'),
(270700,  270000, 'Kepulauan Sula'),
(270800,  270000, 'Kepulauan Morotai'),
(276000,  270000, 'Kota Ternate'),
(276100,  270000, 'Kota Tidore Kepulauan'),
(280100,  280000, 'Pandeglang'),
(280200,  280000, 'Lebak'),
(280300,  280000, 'Tangerang'),
(280400,  280000, 'Serang'),
(286000,  280000, 'Kota Cilegon'),
(286100,  280000, 'Kota Tangerang'),
(286200,  280000, 'Kota Serang'),
(286300,  280000, 'Kota Tangerang Selatan'),
(290100,  290000, 'Bangka'),
(290200,  290000, 'Belitung'),
(290300,  290000, 'Bangka Tengah'),
(290400,  290000, 'Bangka Barat'),
(290500,  290000, 'Bangka Selatan'),
(290600,  290000, 'Belitung Timur'),
(296000,  290000, 'Kota Pangkalpinang'),
(300100,  300000, 'Boalemo'),
(300200,  300000, 'Gorontalo'),
(300300,  300000, 'Pohuwato'),
(300400,  300000, 'Bone Bolango'),
(300500,  300000, 'Gorontalo Utara'),
(306000,  300000, 'Kota Gorontalo'),
(310100,  310000, 'Bintan'),
(310200,  310000, 'Karimun'),
(310300,  310000, 'Natuna'),
(310400,  310000, 'Lingga'),
(310500,  310000, 'Kepulauan Anambas'),
(316000,  310000, 'Kota Batam'),
(316100,  310000, 'Kota Tanjungpinang'),
(320100,  320000, 'Fak-Fak'),
(320200,  320000, 'Kaimana'),
(320300,  320000, 'Teluk Wondama'),
(320400,  320000, 'Teluk Bintuni'),
(320500,  320000, 'Manokwari'),
(320600,  320000, 'Sorong Selatan'),
(320700,  320000, 'Sorong'),
(320800,  320000, 'Raja Ampat'),
(320900,  320000, 'Tambrauw'),
(321000,  320000, 'Maybrat'),
(321100,  320000, 'Pegunungan Arfak'),
(321200,  320000, 'Manokwari Selatan'),
(326000,  320000, 'Kota Sorong'),
(330100,  330000, 'Mamuju'),
(330200,  330000, 'Pasangkayu'),
(330300,  330000, 'Polewali Mandar'),
(330400,  330000, 'Mamasa'),
(330500,  330000, 'Majene'),
(330600,  330000, 'Mamuju Tengah'),
(340100,  340000, 'Malinau'),
(340200,  340000, 'Bulungan'),
(340300,  340000, 'Tana Tidung'),
(340500,  340000, 'Nunukan'),
(346000,  340000, 'Kota Tarakan');

DROP TABLE IF EXISTS `company`;
CREATE TABLE `company` (
  `id` int(11) NOT NULL AUTO_INCREMENT,
  `name` varchar(255) COLLATE utf8_unicode_ci DEFAULT NULL,
  `email` varchar(255) COLLATE utf8_unicode_ci DEFAULT NULL,
  `phone` varchar(255) COLLATE utf8_unicode_ci DEFAULT NULL,
  `address` varchar(255) COLLATE utf8_unicode_ci DEFAULT NULL,
  `website` varchar(255) COLLATE utf8_unicode_ci DEFAULT NULL,
  `logo` varchar(255) COLLATE utf8_unicode_ci DEFAULT NULL,
  `code_pt` varchar(10) COLLATE utf8_unicode_ci DEFAULT NULL,
  `status` varchar(50) COLLATE utf8_unicode_ci DEFAULT NULL,
  `accreditation` varchar(20) COLLATE utf8_unicode_ci DEFAULT NULL,
  `create_date` date DEFAULT NULL,
  `fax` varchar(20) COLLATE utf8_unicode_ci DEFAULT NULL,
  `latitude` varchar(50) COLLATE utf8_unicode_ci DEFAULT NULL,
  `longitude` varchar(50) COLLATE utf8_unicode_ci DEFAULT NULL,
  `sk_number_pt` varchar(50) COLLATE utf8_unicode_ci DEFAULT NULL,
  `date_sk_number` date DEFAULT NULL,
  PRIMARY KEY (`id`)
) ENGINE=InnoDB DEFAULT CHARSET=utf8 COLLATE=utf8_unicode_ci;

INSERT INTO `company` (`id`, `name`, `email`, `phone`, `address`, `website`, `logo`, `code_pt`, `status`, `accreditation`, `create_date`, `fax`, `latitude`, `longitude`, `sk_number_pt`, `date_sk_number`) VALUES
(1, 'Universitas Pertamina',  'info@universitaspertamina.ac.id',  '021-29044308', 'Jalan Teuku Nyak Arief, Simprug, Kebayoran Lama, Jakarta 12220', 'universitaspertamina.ac.id', 'logo-up.png',  '031062', 'Aktif',  'Baik', '2016-02-01', '021-29044316', '-6.228295',  '106.789411', '60/KPT/I/2016',  '2016-02-01');

DROP TABLE IF EXISTS `criteria_peer_review`;
CREATE TABLE `criteria_peer_review` (
  `id` int(11) NOT NULL AUTO_INCREMENT,
  `pac_id` int(11) DEFAULT NULL,
  `kra` varchar(255) DEFAULT NULL,
  `sequence` int(11) DEFAULT NULL,
  `criteria` longtext DEFAULT NULL,
  `status` int(11) DEFAULT 8,
  `created_by` int(11) DEFAULT NULL,
  `updated_by` int(11) DEFAULT NULL,
  `created_at` timestamp NOT NULL DEFAULT current_timestamp(),
  `updated_at` timestamp NOT NULL DEFAULT current_timestamp(),
  PRIMARY KEY (`id`),
  KEY `pac_id` (`pac_id`),
  KEY `status` (`status`),
  KEY `created_by` (`created_by`),
  KEY `updated_by` (`updated_by`),
  CONSTRAINT `criteria_peer_review_ibfk_1` FOREIGN KEY (`pac_id`) REFERENCES `performance_appraisal_calendar` (`id`),
  CONSTRAINT `criteria_peer_review_ibfk_2` FOREIGN KEY (`status`) REFERENCES `approval_status` (`id`),
  CONSTRAINT `criteria_peer_review_ibfk_3` FOREIGN KEY (`created_by`) REFERENCES `users` (`id`),
  CONSTRAINT `criteria_peer_review_ibfk_4` FOREIGN KEY (`updated_by`) REFERENCES `users` (`id`)
) ENGINE=InnoDB DEFAULT CHARSET=utf8mb4;

DROP TABLE IF EXISTS `districts`;
CREATE TABLE `districts` (
  `id` int(11) NOT NULL AUTO_INCREMENT,
  `city_id` int(11) DEFAULT NULL,
  `district` varchar(255) COLLATE utf8_unicode_ci DEFAULT NULL,
  PRIMARY KEY (`id`)
) ENGINE=InnoDB DEFAULT CHARSET=utf8 COLLATE=utf8_unicode_ci;

INSERT INTO `districts` (`id`, `city_id`, `district`) VALUES
(10101, 10100,  'Kepulauan Seribu Selatan'),
(10102, 10100,  'Kepulauan Seribu Utara'),
(16001, 16000,  'Tanah Abang'),
(16002, 16000,  'Menteng'),
(16003, 16000,  'Senen'),
(16004, 16000,  'Johar Baru'),
(16005, 16000,  'Cempaka Putih'),
(16006, 16000,  'Kemayoran'),
(16007, 16000,  'Sawah Besar'),
(16008, 16000,  'Gambir'),
(16101, 16100,  'Penjaringan'),
(16102, 16100,  'Pademangan'),
(16103, 16100,  'Tanjung Priok'),
(16104, 16100,  'Koja'),
(16105, 16100,  'Kelapa Gading'),
(16106, 16100,  'Cilincing'),
(16201, 16200,  'Kembangan'),
(16202, 16200,  'Kebon Jeruk'),
(16203, 16200,  'Palmerah'),
(16204, 16200,  'Grogol Petamburan'),
(16205, 16200,  'Tambora'),
(16206, 16200,  'Taman Sari'),
(16207, 16200,  'Cengkareng'),
(16208, 16200,  'Kali Deres'),
(16301, 16300,  'Jagakarsa'),
(16302, 16300,  'Pasar Minggu'),
(16303, 16300,  'Cilandak'),
(16304, 16300,  'Pesanggrahan'),
(16305, 16300,  'Kebayoran Lama'),
(16306, 16300,  'Kebayoran Baru'),
(16307, 16300,  'Mampang Prapatan'),
(16308, 16300,  'Pancoran'),
(16309, 16300,  'Tebet'),
(16310, 16300,  'Setia Budi'),
(16401, 16400,  'Pasar Rebo'),
(16402, 16400,  'Ciracas'),
(16403, 16400,  'Cipayung'),
(16404, 16400,  'Makasar'),
(16405, 16400,  'Kramat Jati'),
(16406, 16400,  'Jatinegara'),
(16407, 16400,  'Duren Sawit'),
(16408, 16400,  'Cakung'),
(16409, 16400,  'Pulo Gadung'),
(16410, 16400,  'Matraman'),
(20501, 20500,  'Nanggung'),
(20502, 20500,  'Leuwiliang'),
(20503, 20500,  'Pamijahan'),
(20504, 20500,  'Cibungbulang'),
(20505, 20500,  'Ciampea'),
(20506, 20500,  'Dramaga'),
(20507, 20500,  'Ciomas'),
(20508, 20500,  'Cijeruk'),
(20509, 20500,  'Caringin'),
(20510, 20500,  'Ciawi'),
(20511, 20500,  'Cisarua'),
(20512, 20500,  'Megamendung'),
(20513, 20500,  'Sukaraja'),
(20514, 20500,  'Babakan Madang'),
(20515, 20500,  'Sukamakmur'),
(20516, 20500,  'Cariu'),
(20517, 20500,  'Jonggol'),
(20518, 20500,  'Cileungsi'),
(20519, 20500,  'Gunungputri'),
(20520, 20500,  'Citeureup'),
(20521, 20500,  'Cibinong'),
(20522, 20500,  'Bojong Gede'),
(20523, 20500,  'Kemang'),
(20524, 20500,  'Parung'),
(20525, 20500,  'Gunung Sindur'),
(20526, 20500,  'Rumpin'),
(20527, 20500,  'Cigudeg'),
(20528, 20500,  'Jasinga'),
(20529, 20500,  'Tenjo'),
(20530, 20500,  'Parungpanjang'),
(20531, 20500,  'Tamansari'),
(20532, 20500,  'Ciseeng'),
(20533, 20500,  'Klapanunggal'),
(20534, 20500,  'Sukajaya'),
(20535, 20500,  'Ranca Bungur'),
(20536, 20500,  'Tanjung Sari'),
(20537, 20500,  'Tajurhalang'),
(20538, 20500,  'Cigombong'),
(20539, 20500,  'Leuwisadeng'),
(20540, 20500,  'Tenjolaya'),
(20601, 20600,  'Ciemas'),
(20602, 20600,  'Ciracap'),
(20603, 20600,  'Surade'),
(20604, 20600,  'Jampang Kulon'),
(20605, 20600,  'Kalibunder'),
(20606, 20600,  'Tegalbuleud'),
(20607, 20600,  'Cidolog'),
(20608, 20600,  'Sagaranten'),
(20609, 20600,  'Pabuaran'),
(20610, 20600,  'Lengkong'),
(20611, 20600,  'Pelabuhan Ratu'),
(20612, 20600,  'Warung Kiara'),
(20613, 20600,  'Jampang Tengah'),
(20614, 20600,  'Cikembar'),
(20615, 20600,  'Nyalindung'),
(20616, 20600,  'Gegerbitung'),
(20617, 20600,  'Sukaraja'),
(20618, 20600,  'Sukabumi'),
(20619, 20600,  'Kadudampit'),
(20620, 20600,  'Cisaat'),
(20621, 20600,  'Cibadak'),
(20622, 20600,  'Nagrak'),
(20623, 20600,  'Cicurug'),
(20624, 20600,  'Cidahu'),
(20625, 20600,  'Parakansalak'),
(20626, 20600,  'Parungkuda'),
(20627, 20600,  'Kalapa Nunggal'),
(20628, 20600,  'Cikidang'),
(20629, 20600,  'Cisolok'),
(20630, 20600,  'Kabandungan'),
(20631, 20600,  'Gunung Guruh'),
(20632, 20600,  'Cikakak'),
(20633, 20600,  'Bantar Gadung'),
(20634, 20600,  'Cicantayan'),
(20635, 20600,  'Simpenan'),
(20636, 20600,  'Kebon Pedes'),
(20637, 20600,  'Cidadap'),
(20638, 20600,  'Cibitung'),
(20639, 20600,  'Curugkembar'),
(20640, 20600,  'Purabaya'),
(20641, 20600,  'Cireunghas'),
(20642, 20600,  'Sukalarang'),
(20643, 20600,  'Caringin'),
(20644, 20600,  'Bojong Genteng'),
(20645, 20600,  'Waluran'),
(20646, 20600,  'Cimanggu'),
(20647, 20600,  'Ciambar'),
(20701, 20700,  'Agrabinta'),
(20702, 20700,  'Sindang Barang'),
(20703, 20700,  'Cidaun'),
(20704, 20700,  'Naringgul'),
(20705, 20700,  'Cibinong'),
(20706, 20700,  'Tanggeung'),
(20707, 20700,  'Kadupandak'),
(20708, 20700,  'Takokak'),
(20709, 20700,  'Sukanagara'),
(20710, 20700,  'Pagelaran'),
(20711, 20700,  'Campaka'),
(20712, 20700,  'Cibeber'),
(20713, 20700,  'Warungkondang'),
(20714, 20700,  'Cilaku'),
(20715, 20700,  'Sukaluyu'),
(20717, 20700,  'Ciranjang'),
(20718, 20700,  'Mande'),
(20719, 20700,  'Karang Tengah'),
(20720, 20700,  'Cianjur'),
(20721, 20700,  'Cugenang'),
(20722, 20700,  'Pacet'),
(20723, 20700,  'Sukaresmi'),
(20724, 20700,  'Cikalong Kulon'),
(20725, 20700,  'Bojong Picung'),
(20726, 20700,  'Campaka Mulya'),
(20727, 20700,  'Cikadu'),
(20728, 20700,  'Leles'),
(20729, 20700,  'Cijati'),
(20730, 20700,  'Gekbrong'),
(20731, 20700,  'Cipanas'),
(20732, 20700,  'Haurwangi'),
(20733, 20700,  'Pasirkuda'),
(20801, 20800,  'Ciwidey'),
(20802, 20800,  'Pasirjambu'),
(20803, 20800,  'Cimaung'),
(20804, 20800,  'Pangalengan'),
(20805, 20800,  'Kertasari'),
(20806, 20800,  'Pacet'),
(20807, 20800,  'Ibun'),
(20808, 20800,  'Paseh'),
(20809, 20800,  'Cikancung'),
(20810, 20800,  'Cicalengka'),
(20811, 20800,  'Rancaekek'),
(20812, 20800,  'Majalaya'),
(20813, 20800,  'Ciparay'),
(20814, 20800,  'Baleendah'),
(20815, 20800,  'Arjasari'),
(20816, 20800,  'Banjaran'),
(20817, 20800,  'Pameungpeuk'),
(20818, 20800,  'Katapang'),
(20819, 20800,  'Soreang'),
(20820, 20800,  'Margaasih'),
(20821, 20800,  'Margahayu'),
(20822, 20800,  'Dayeuhkolot'),
(20823, 20800,  'Bojongsoang'),
(20824, 20800,  'Cileunyi'),
(20825, 20800,  'Cilengkrang'),
(20826, 20800,  'Cimenyan'),
(20829, 20800,  'Rancabali'),
(20830, 20800,  'Nagreg'),
(20831, 20800,  'Solokanjeruk'),
(20832, 20800,  'Cangkuang'),
(20833, 20800,  'Kutawaringin'),
(21001, 21000,  'Jatinangor'),
(21002, 21000,  'Cimanggung'),
(21003, 21000,  'Tanjungsari'),
(21004, 21000,  'Rancakalong'),
(21005, 21000,  'Sumedang Selatan'),
(21006, 21000,  'Sumedang Utara'),
(21007, 21000,  'Situraja'),
(21008, 21000,  'Darmaraja'),
(21009, 21000,  'Cibugel'),
(21010, 21000,  'Wado'),
(21012, 21000,  'Tomo'),
(21013, 21000,  'Ujungjaya'),
(21014, 21000,  'Conggeang'),
(21015, 21000,  'Paseh'),
(21016, 21000,  'Cimalaka'),
(21017, 21000,  'Tanjungkerta'),
(21018, 21000,  'Buahdua'),
(21019, 21000,  'Ganeas'),
(21020, 21000,  'Jatigede'),
(21023, 21000,  'Pamulihan'),
(21024, 21000,  'Cisitu'),
(21025, 21000,  'Jatinunggal'),
(21026, 21000,  'Cisarua'),
(21027, 21000,  'Tanjungmedar'),
(21028, 21000,  'Surian'),
(21029, 21000,  'Sukasari'),
(21101, 21100,  'Talegong'),
(21102, 21100,  'Cisewu'),
(21103, 21100,  'Bungbulang'),
(21104, 21100,  'Pamulihan'),
(21105, 21100,  'Pakenjeng'),
(21106, 21100,  'Cikelet'),
(21107, 21100,  'Pameungpeuk'),
(21108, 21100,  'Cibalong'),
(21109, 21100,  'Cisompet'),
(21110, 21100,  'Peundeuy'),
(21111, 21100,  'Singajaya'),
(21112, 21100,  'Cikajang'),
(21113, 21100,  'Banjarwangi'),
(21114, 21100,  'Cilawu'),
(21115, 21100,  'Bayongbong'),
(21116, 21100,  'Cisurupan'),
(21117, 21100,  'Samarang'),
(21119, 21100,  'Garut Kota'),
(21120, 21100,  'Karangpawitan'),
(21121, 21100,  'Wanaraja'),
(21122, 21100,  'Sukawening'),
(21123, 21100,  'Banyuresmi'),
(21124, 21100,  'Leles'),
(21125, 21100,  'Leuwigoong'),
(21126, 21100,  'Cibatu'),
(21127, 21100,  'Cibiuk'),
(21128, 21100,  'Kadungora'),
(21129, 21100,  'Blubur Limbangan'),
(21130, 21100,  'Selaawi'),
(21131, 21100,  'Malangbong'),
(21132, 21100,  'Mekarmukti'),
(21133, 21100,  'Caringin'),
(21134, 21100,  'Cihurip'),
(21135, 21100,  'Sukaresmi'),
(21136, 21100,  'Pasirwangi'),
(21137, 21100,  'Karangtengah'),
(21138, 21100,  'Kersamanah'),
(21139, 21100,  'Tarogong Kaler'),
(21140, 21100,  'Tarogong Kidul'),
(21141, 21100,  'Cigedug'),
(21142, 21100,  'Sucinaraja'),
(21143, 21100,  'Pangatikan'),
(21201, 21200,  'Cipatujah'),
(21202, 21200,  'Karangnunggal'),
(21203, 21200,  'Cikalong'),
(21204, 21200,  'Pancatengah'),
(21205, 21200,  'Cikatomas'),
(21206, 21200,  'Cibalong'),
(21207, 21200,  'Bantarkalong'),
(21208, 21200,  'Bojonggambir'),
(21209, 21200,  'Sodonghilir'),
(21210, 21200,  'Taraju'),
(21211, 21200,  'Salawu'),
(21212, 21200,  'Tanjungjaya'),
(21213, 21200,  'Sukaraja'),
(21214, 21200,  'Salopa'),
(21215, 21200,  'Cineam'),
(21216, 21200,  'Manonjaya'),
(21219, 21200,  'Singaparna'),
(21220, 21200,  'Cigalontang'),
(21221, 21200,  'Leuwisari'),
(21223, 21200,  'Cisayong'),
(21224, 21200,  'Rajapolah'),
(21225, 21200,  'Jamanis'),
(21226, 21200,  'Ciawi'),
(21227, 21200,  'Pagerageung'),
(21228, 21200,  'Parungponteng'),
(21229, 21200,  'Sariwangi'),
(21230, 21200,  'Sukaratu'),
(21231, 21200,  'Sukarame'),
(21232, 21200,  'Bojongasih'),
(21233, 21200,  'Culamega'),
(21234, 21200,  'Puspahiang'),
(21235, 21200,  'Jatiwaras'),
(21236, 21200,  'Mangunreja'),
(21237, 21200,  'Gunungtanjung'),
(21238, 21200,  'Karangjaya'),
(21239, 21200,  'Padakembang'),
(21240, 21200,  'Sukahening'),
(21241, 21200,  'Kadipaten'),
(21242, 21200,  'Sukaresik'),
(21410, 21400,  'Banjarsari'),
(21411, 21400,  'Lakbok'),
(21412, 21400,  'Pamarican'),
(21413, 21400,  'Cidolog'),
(21414, 21400,  'Cimaragas'),
(21415, 21400,  'Cijeungjing'),
(21416, 21400,  'Cisaga'),
(21417, 21400,  'Tambaksari'),
(21418, 21400,  'Rancah'),
(21419, 21400,  'Rajadesa'),
(21420, 21400,  'Sukadana'),
(21421, 21400,  'Ciamis'),
(21422, 21400,  'Cikoneng'),
(21423, 21400,  'Cihaurbeuti'),
(21424, 21400,  'Sadananya'),
(21425, 21400,  'Cipaku'),
(21426, 21400,  'Jatinagara'),
(21427, 21400,  'Panawangan'),
(21428, 21400,  'Kawali'),
(21429, 21400,  'Panjalu'),
(21430, 21400,  'Panumbangan'),
(21431, 21400,  'Kec.Sukamantri'),
(21432, 21400,  'Sindangkasih'),
(21433, 21400,  'Purwadadi'),
(21434, 21400,  'Baregbeg'),
(21435, 21400,  'Lumbung'),
(21438, 21400,  'Banjaranyar'),
(21501, 21500,  'Darma'),
(21502, 21500,  'Kadugede'),
(21503, 21500,  'Ciniru'),
(21504, 21500,  'Selajambe'),
(21505, 21500,  'Subang'),
(21506, 21500,  'Ciwaru'),
(21507, 21500,  'Cibingbin'),
(21508, 21500,  'Luragung'),
(21509, 21500,  'Cidahu'),
(21510, 21500,  'Ciawigebang'),
(21511, 21500,  'Lebakwangi'),
(21512, 21500,  'Garawangi'),
(21513, 21500,  'Kuningan'),
(21514, 21500,  'Cigugur'),
(21515, 21500,  'Kramatmulya'),
(21516, 21500,  'Jalaksana'),
(21517, 21500,  'Cilimus'),
(21518, 21500,  'Mandirancan'),
(21519, 21500,  'Pasawahan'),
(21520, 21500,  'Pancalang'),
(21521, 21500,  'Cipicung'),
(21522, 21500,  'Kalimanggis'),
(21523, 21500,  'Japara'),
(21524, 21500,  'Karangkancana'),
(21525, 21500,  'Nusaherang'),
(21526, 21500,  'Cilebak'),
(21527, 21500,  'Hantara'),
(21528, 21500,  'Cimahi'),
(21529, 21500,  'Cibeureum'),
(21530, 21500,  'Sindangagung'),
(21531, 21500,  'Maleber'),
(21532, 21500,  'Cigandamekar'),
(21601, 21600,  'Lemahsugih'),
(21602, 21600,  'Bantarujeg'),
(21603, 21600,  'Cikijing'),
(21604, 21600,  'Talaga'),
(21605, 21600,  'Argapura'),
(21606, 21600,  'Maja'),
(21607, 21600,  'Majalengka'),
(21608, 21600,  'Cigasong'),
(21609, 21600,  'Sukahaji'),
(21610, 21600,  'Rajagaluh'),
(21611, 21600,  'Sindangwangi'),
(21612, 21600,  'Leuwimunding'),
(21613, 21600,  'Palasah'),
(21614, 21600,  'Jatiwangi'),
(21615, 21600,  'Dawuan'),
(21616, 21600,  'Panyingkiran'),
(21617, 21600,  'Kadipaten'),
(21618, 21600,  'Kertajati'),
(21619, 21600,  'Jatitujuh'),
(21620, 21600,  'Ligung'),
(21621, 21600,  'Sumberjaya'),
(21622, 21600,  'Banjaran'),
(21623, 21600,  'Cingambul'),
(21624, 21600,  'Malausma'),
(21625, 21600,  'Sindang'),
(21626, 21600,  'Kasokandel'),
(21701, 21700,  'Waled'),
(21702, 21700,  'Ciledug'),
(21703, 21700,  'Losari'),
(21704, 21700,  'Babakan'),
(21705, 21700,  'Karang Sembung'),
(21706, 21700,  'Lemah Abang'),
(21707, 21700,  'Sedong'),
(21708, 21700,  'Astana Japura'),
(21709, 21700,  'Mundu'),
(21710, 21700,  'Beber'),
(21712, 21700,  'Sumber'),
(21713, 21700,  'Palimanan'),
(21714, 21700,  'Plumbon'),
(21715, 21700,  'Weru'),
(21718, 21700,  'Kapetakan'),
(21719, 21700,  'Klangenan'),
(21720, 21700,  'Arjawinangun'),
(21721, 21700,  'Ciwaringin'),
(21722, 21700,  'Susukan'),
(21723, 21700,  'Gegesik'),
(21724, 21700,  'Susukan Lebak'),
(21725, 21700,  'Pabedilan'),
(21726, 21700,  'Dukupuntang'),
(21727, 21700,  'Panguragan'),
(21728, 21700,  'Kaliwedi'),
(21729, 21700,  'Pangenan'),
(21730, 21700,  'Gebang'),
(21731, 21700,  'Depok'),
(21732, 21700,  'Kedawung'),
(21733, 21700,  'Karangwareng'),
(21734, 21700,  'Talun'),
(21735, 21700,  'Gunung Jati'),
(21736, 21700,  'Pasaleman'),
(21737, 21700,  'Pabuaran'),
(21738, 21700,  'Tengah Tani'),
(21739, 21700,  'Plered'),
(21740, 21700,  'Gempol'),
(21741, 21700,  'Greged'),
(21742, 21700,  'Suranenggala'),
(21743, 21700,  'Jamblang'),
(21801, 21800,  'Haurgeulis'),
(21802, 21800,  'Kroya'),
(21803, 21800,  'Gabuswetan'),
(21804, 21800,  'Cikedung'),
(21805, 21800,  'Lelea'),
(21806, 21800,  'Bangodua'),
(21807, 21800,  'Widasari'),
(21808, 21800,  'Kertasemaya'),
(21809, 21800,  'Krangkeng'),
(21810, 21800,  'Karangampel'),
(21811, 21800,  'Juntinyuat'),
(21812, 21800,  'Sliyeg'),
(21813, 21800,  'Jatibarang'),
(21814, 21800,  'Balongan'),
(21815, 21800,  'Indramayu'),
(21816, 21800,  'Sindang'),
(21817, 21800,  'Lohbener'),
(21818, 21800,  'Losarang'),
(21819, 21800,  'Kandanghaur'),
(21820, 21800,  'Bongas'),
(21821, 21800,  'Anjatan'),
(21822, 21800,  'Sukra'),
(21823, 21800,  'Arahan'),
(21824, 21800,  'Cantigi'),
(21825, 21800,  'Gantar'),
(21826, 21800,  'Terisi'),
(21827, 21800,  'Sukagumiwang'),
(21828, 21800,  'Kedokan Bunder'),
(21829, 21800,  'Pasekan'),
(21830, 21800,  'Tukdana'),
(21831, 21800,  'Patrol'),
(21901, 21900,  'Sagalaherang'),
(21902, 21900,  'Jalancagak'),
(21903, 21900,  'Cisalak'),
(21904, 21900,  'Tanjungsiang'),
(21905, 21900,  'Cijambe'),
(21906, 21900,  'Cibogo'),
(21907, 21900,  'Subang'),
(21908, 21900,  'Kalijati'),
(21909, 21900,  'Cipeundeuy'),
(21910, 21900,  'Pabuaran'),
(21911, 21900,  'Patokbeusi'),
(21912, 21900,  'Purwadadi'),
(21913, 21900,  'Cikaum'),
(21914, 21900,  'Pagaden'),
(21915, 21900,  'Cipunagara'),
(21916, 21900,  'Compreng'),
(21917, 21900,  'Binong'),
(21918, 21900,  'Ciasem'),
(21919, 21900,  'Pamanukan'),
(21920, 21900,  'Pusakanagara'),
(21921, 21900,  'Legon Kulon'),
(21922, 21900,  'Blanakan'),
(21923, 21900,  'Dawuan'),
(21924, 21900,  'Serangpanjang'),
(21925, 21900,  'Kasomalang'),
(21926, 21900,  'Tambakdahan'),
(21927, 21900,  'Pagaden Barat'),
(21928, 21900,  'Pusakajaya'),
(21929, 21900,  'Ciater'),
(21930, 21900,  'Sukasari'),
(22001, 22000,  'Jatiluhur'),
(22002, 22000,  'Maniis'),
(22003, 22000,  'Tegalwaru'),
(22004, 22000,  'Plered'),
(22005, 22000,  'Sukatani'),
(22006, 22000,  'Darangdan'),
(22007, 22000,  'Bojong'),
(22008, 22000,  'Wanayasa'),
(22009, 22000,  'Pasawahan'),
(22010, 22000,  'Purwakarta'),
(22011, 22000,  'Campaka'),
(22012, 22000,  'Sukasari'),
(22013, 22000,  'Kiarapedes'),
(22014, 22000,  'Babakancikao'),
(22015, 22000,  'Cibatu'),
(22016, 22000,  'Bungursari'),
(22017, 22000,  'Pondok Salam'),
(22101, 22100,  'Pangkalan'),
(22102, 22100,  'Ciampel'),
(22104, 22100,  'Klari'),
(22105, 22100,  'Cikampek'),
(22106, 22100,  'Tirtamulya'),
(22107, 22100,  'Jatisari'),
(22109, 22100,  'Lemahabang'),
(22110, 22100,  'Telagasari'),
(22112, 22100,  'Rawamerta'),
(22113, 22100,  'Tempuran'),
(22114, 22100,  'Kutawaluya'),
(22115, 22100,  'Rengasdengklok'),
(22116, 22100,  'Pedes'),
(22117, 22100,  'Cibuaya'),
(22118, 22100,  'Tirtajaya'),
(22119, 22100,  'Batujaya'),
(22120, 22100,  'Pakisjaya'),
(22121, 22100,  'Majalaya'),
(22122, 22100,  'Jayakerta'),
(22123, 22100,  'Cilamaya Kulon'),
(22124, 22100,  'Banyusari'),
(22125, 22100,  'Kotabaru'),
(22126, 22100,  'Cilamaya Wetan'),
(22127, 22100,  'Purwasari'),
(22128, 22100,  'Teluk Jambe Barat'),
(22129, 22100,  'Teluk Jambe Timur'),
(22130, 22100,  'Karawang Timur'),
(22131, 22100,  'Tegalwaru'),
(22132, 22100,  'Cilebar'),
(22133, 22100,  'Karawang Barat'),
(22201, 22200,  'Setu'),
(22203, 22200,  'Cibarusah'),
(22205, 22200,  'Kedung Waringin'),
(22207, 22200,  'Cibitung'),
(22209, 22200,  'Babelan'),
(22210, 22200,  'Taruma Jaya'),
(22211, 22200,  'Tambelang'),
(22212, 22200,  'Sukatani'),
(22213, 22200,  'Pebayuran'),
(22214, 22200,  'Cabangbungin'),
(22215, 22200,  'Muara Gembong'),
(22216, 22200,  'Tambun Selatan'),
(22217, 22200,  'Tambun Utara'),
(22218, 22200,  'Cikarang Barat'),
(22219, 22200,  'Karang Bahagia'),
(22220, 22200,  'Cikarang Utara'),
(22221, 22200,  'Cikarang Selatan'),
(22222, 22200,  'Cikarang Timur'),
(22223, 22200,  'Bojong Mangu'),
(22224, 22200,  'Cikarang Pusat'),
(22225, 22200,  'Sukakarya'),
(22226, 22200,  'Sukawangi'),
(22227, 22200,  'Serang Baru'),
(22301, 22300,  'Rongga'),
(22302, 22300,  'Gununghalu'),
(22303, 22300,  'Sindangkerta'),
(22304, 22300,  'Cililin'),
(22305, 22300,  'Cihampelas'),
(22306, 22300,  'Cipongkor'),
(22307, 22300,  'Batujajar'),
(22308, 22300,  'Cipatat'),
(22309, 22300,  'Padalarang'),
(22310, 22300,  'Ngamprah'),
(22311, 22300,  'Parongpong'),
(22312, 22300,  'Lembang'),
(22313, 22300,  'Cisarua'),
(22314, 22300,  'Cikalongwetan'),
(22315, 22300,  'Cipeundeuy'),
(22316, 22300,  'Saguling'),
(22551, 22500,  'Cijulang'),
(22552, 22500,  'Cimerak'),
(22553, 22500,  'Cigugur'),
(22554, 22500,  'Langkaplancar'),
(22555, 22500,  'Mangunjaya'),
(22556, 22500,  'Padaherang'),
(22557, 22500,  'Kalipucang'),
(22558, 22500,  'Pangandaran'),
(22559, 22500,  'Sidamulih'),
(22560, 22500,  'Parigi'),
(26001, 26000,  'Bandung Kulon'),
(26002, 26000,  'Babakan Ciparay'),
(26003, 26000,  'Bojong Loa Kaler'),
(26004, 26000,  'Bojong Loa Kidul'),
(26005, 26000,  'Astanaanyar'),
(26006, 26000,  'Regol'),
(26007, 26000,  'Lengkong'),
(26008, 26000,  'Bandung Kidul'),
(26009, 26000,  'Buahbatu'),
(26010, 26000,  'Rancasari'),
(26011, 26000,  'Cibiru'),
(26012, 26000,  'Ujungberung'),
(26013, 26000,  'Arcamanik'),
(26015, 26000,  'Kiaracondong'),
(26016, 26000,  'Batununggal'),
(26017, 26000,  'Sumur Bandung'),
(26018, 26000,  'Andir'),
(26019, 26000,  'Cicendo'),
(26020, 26000,  'Bandung Wetan'),
(26021, 26000,  'Cibeunying Kidul'),
(26022, 26000,  'Cibeunying Kaler'),
(26023, 26000,  'Coblong'),
(26024, 26000,  'Sukajadi'),
(26025, 26000,  'Sukasari'),
(26026, 26000,  'Cidadap'),
(26027, 26000,  'Gedebage'),
(26028, 26000,  'Panyileukan'),
(26029, 26000,  'Cinambo'),
(26030, 26000,  'Mandalajati'),
(26031, 26000,  'Antapani'),
(26101, 26100,  'Kota Bogor Selatan'),
(26102, 26100,  'Kota Bogor Timur'),
(26103, 26100,  'Kota Bogor Utara'),
(26104, 26100,  'Kota Bogor Tengah'),
(26105, 26100,  'Kota Bogor Barat'),
(26106, 26100,  'Tanah Sareal'),
(26201, 26200,  'Baros'),
(26202, 26200,  'Citamiang'),
(26203, 26200,  'Warudoyong'),
(26204, 26200,  'Gunung Puyuh'),
(26205, 26200,  'Cikole'),
(26206, 26200,  'Lembur Situ'),
(26207, 26200,  'Cibeureum'),
(26301, 26300,  'Harjamukti'),
(26302, 26300,  'Lemahwungkuk'),
(26303, 26300,  'Pekalipan'),
(26304, 26300,  'Kesambi'),
(26305, 26300,  'Kejaksan'),
(26501, 26500,  'Pondokgede'),
(26502, 26500,  'Jatiasih'),
(26503, 26500,  'Bantargebang'),
(26504, 26500,  'Bekasi Timur'),
(26505, 26500,  'Bekasi Selatan'),
(26506, 26500,  'Bekasi Barat'),
(26507, 26500,  'Bekasi Utara'),
(26508, 26500,  'Jati Sampurna'),
(26509, 26500,  'Medan Satria'),
(26510, 26500,  'Rawalumbu'),
(26511, 26500,  'Mustika Jaya'),
(26512, 26500,  'Pondok Melati'),
(26601, 26600,  'Sawangan'),
(26602, 26600,  'Pancoran Mas'),
(26603, 26600,  'Sukmajaya'),
(26604, 26600,  'Cimanggis'),
(26605, 26600,  'Beji'),
(26606, 26600,  'Limo'),
(26607, 26600,  'Cipayung'),
(26608, 26600,  'Cilodong'),
(26609, 26600,  'Cinere'),
(26610, 26600,  'Tapos'),
(26611, 26600,  'Bojongsari'),
(26701, 26700,  'Cimahi Selatan'),
(26702, 26700,  'Cimahi Tengah'),
(26703, 26700,  'Cimahi Utara'),
(26801, 26800,  'Cibeureum'),
(26802, 26800,  'Tamansari'),
(26803, 26800,  'Kawalu'),
(26804, 26800,  'Mangkubumi'),
(26805, 26800,  'Indihiang'),
(26806, 26800,  'Cipedes'),
(26807, 26800,  'Cihideung'),
(26808, 26800,  'Tawang'),
(26809, 26800,  'Purbaratu'),
(26810, 26800,  'Bungursari'),
(26901, 26900,  'Banjar'),
(26902, 26900,  'Purwaharja'),
(26903, 26900,  'Pataruman'),
(26904, 26900,  'Langensari'),
(30101, 30100,  'Dayeuhluhur'),
(30102, 30100,  'Wanareja'),
(30103, 30100,  'Majenang'),
(30104, 30100,  'Cimanggu'),
(30105, 30100,  'Karangpucung'),
(30106, 30100,  'Cipari'),
(30107, 30100,  'Sidareja'),
(30108, 30100,  'Kedungreja'),
(30109, 30100,  'Patimuan'),
(30110, 30100,  'Gandrungmangu'),
(30111, 30100,  'Bantarsari'),
(30112, 30100,  'Kawunganten'),
(30113, 30100,  'Kampung Laut'),
(30114, 30100,  'Jeruklegi'),
(30115, 30100,  'Kesugihan'),
(30116, 30100,  'Adipala'),
(30117, 30100,  'Maos'),
(30118, 30100,  'Sampang'),
(30119, 30100,  'Kroya'),
(30120, 30100,  'Binangun'),
(30121, 30100,  'Nusawungu'),
(30122, 30100,  'Cilacap Selatan'),
(30123, 30100,  'Cilacap Tengah'),
(30124, 30100,  'Cilacap Utara'),
(30201, 30200,  'Lumbir'),
(30202, 30200,  'Wangon'),
(30203, 30200,  'Jatilawang'),
(30204, 30200,  'Rawalo'),
(30205, 30200,  'Kebasen'),
(30206, 30200,  'Kemranjen'),
(30207, 30200,  'Sumpiuh'),
(30208, 30200,  'Tambak'),
(30209, 30200,  'Somagede'),
(30210, 30200,  'Kalibagor'),
(30211, 30200,  'Banyumas'),
(30212, 30200,  'Patikraja'),
(30213, 30200,  'Purwojati'),
(30214, 30200,  'Ajibarang'),
(30215, 30200,  'Gumelar'),
(30216, 30200,  'Pekuncen'),
(30217, 30200,  'Cilongok'),
(30218, 30200,  'Karanglewas'),
(30219, 30200,  'Kedung Banteng'),
(30220, 30200,  'Baturaden'),
(30221, 30200,  'Sumbang'),
(30222, 30200,  'Kembaran'),
(30223, 30200,  'Sokaraja'),
(30224, 30200,  'Purwokerto Selatan'),
(30225, 30200,  'Purwokerto Barat'),
(30226, 30200,  'Purwokerto Timur'),
(30227, 30200,  'Purwokerto Utara'),
(30301, 30300,  'Kemangkon'),
(30302, 30300,  'Bukateja'),
(30303, 30300,  'Kejobong'),
(30304, 30300,  'Pengadegan'),
(30305, 30300,  'Kaligondang'),
(30306, 30300,  'Purbalingga'),
(30307, 30300,  'Kalimanah'),
(30308, 30300,  'Padamara'),
(30309, 30300,  'Kutasari'),
(30310, 30300,  'Bojongsari'),
(30311, 30300,  'Mrebet'),
(30312, 30300,  'Bobotsari'),
(30313, 30300,  'Karangreja'),
(30314, 30300,  'Karanganyar'),
(30315, 30300,  'Karangmoncol'),
(30316, 30300,  'Rembang'),
(30317, 30300,  'Karangjambu'),
(30318, 30300,  'Kertanegara'),
(30401, 30400,  'Susukan'),
(30402, 30400,  'Purwareja Klampok'),
(30403, 30400,  'Mandiraja'),
(30404, 30400,  'Purwanegara'),
(30405, 30400,  'Bawang'),
(30406, 30400,  'Banjarnegara'),
(30407, 30400,  'Sigaluh'),
(30408, 30400,  'Madukara'),
(30409, 30400,  'Banjarmangu'),
(30410, 30400,  'Wanadadi'),
(30411, 30400,  'Rakit'),
(30412, 30400,  'Punggelan'),
(30413, 30400,  'Karangkobar'),
(30414, 30400,  'Pagentan'),
(30415, 30400,  'Pejawaran'),
(30416, 30400,  'Batur'),
(30417, 30400,  'Wanayasa'),
(30418, 30400,  'Kalibening'),
(30419, 30400,  'Pandanarum'),
(30420, 30400,  'Pagedongan'),
(30501, 30500,  'Ayah'),
(30502, 30500,  'Buayan'),
(30503, 30500,  'Puring'),
(30504, 30500,  'Petanahan'),
(30505, 30500,  'Klirong'),
(30506, 30500,  'Buluspesantren'),
(30507, 30500,  'Ambal'),
(30508, 30500,  'Mirit'),
(30509, 30500,  'Prembun'),
(30510, 30500,  'Kutowinangun'),
(30511, 30500,  'Alian'),
(30512, 30500,  'Kebumen'),
(30513, 30500,  'Pejagoan'),
(30514, 30500,  'Sruweng'),
(30515, 30500,  'Adimulyo'),
(30516, 30500,  'Kuwarasan'),
(30517, 30500,  'Rowokele'),
(30518, 30500,  'Sempor'),
(30519, 30500,  'Gombong'),
(30520, 30500,  'Karanganyar'),
(30521, 30500,  'Karanggayam'),
(30522, 30500,  'Sadang'),
(30523, 30500,  'Bonorowo'),
(30524, 30500,  'Padureso'),
(30525, 30500,  'Poncowarno'),
(30526, 30500,  'Karangsambung'),
(30601, 30600,  'Grabag'),
(30602, 30600,  'Ngombol'),
(30603, 30600,  'Purwodadi'),
(30604, 30600,  'Bagelen'),
(30605, 30600,  'Kaligesing'),
(30606, 30600,  'Purworejo'),
(30607, 30600,  'Banyu Urip'),
(30608, 30600,  'Bayan'),
(30609, 30600,  'Kutoarjo'),
(30610, 30600,  'Butuh'),
(30611, 30600,  'Pituruh'),
(30612, 30600,  'Kemiri'),
(30613, 30600,  'Bruno'),
(30614, 30600,  'Gebang'),
(30615, 30600,  'Loano'),
(30616, 30600,  'Bener'),
(30701, 30700,  'Wadaslintang'),
(30702, 30700,  'Kepil'),
(30703, 30700,  'Sapuran'),
(30704, 30700,  'Kaliwiro'),
(30705, 30700,  'Leksono'),
(30706, 30700,  'Selomerto'),
(30707, 30700,  'Kalikajar'),
(30708, 30700,  'Kertek'),
(30709, 30700,  'Wonosobo'),
(30710, 30700,  'Watumalang'),
(30711, 30700,  'Mojotengah'),
(30712, 30700,  'Garung'),
(30713, 30700,  'Kejajar'),
(30714, 30700,  'Sukoharjo'),
(30715, 30700,  'Kalibawang'),
(30801, 30800,  'Salaman'),
(30802, 30800,  'Borobudur'),
(30803, 30800,  'Ngluwar'),
(30804, 30800,  'Salam'),
(30805, 30800,  'Srumbung'),
(30806, 30800,  'Dukun'),
(30807, 30800,  'Muntilan'),
(30808, 30800,  'Mungkid'),
(30809, 30800,  'Sawangan'),
(30810, 30800,  'Candimulyo'),
(30811, 30800,  'Mertoyudan'),
(30812, 30800,  'Tempuran'),
(30813, 30800,  'Kajoran'),
(30814, 30800,  'Kaliangkrik'),
(30815, 30800,  'Bandongan'),
(30816, 30800,  'Windusari'),
(30817, 30800,  'Secang'),
(30818, 30800,  'Tegalrejo'),
(30819, 30800,  'Pakis'),
(30820, 30800,  'Grabag'),
(30821, 30800,  'Ngablak'),
(30901, 30900,  'Selo'),
(30902, 30900,  'Ampel'),
(30903, 30900,  'Cepogo'),
(30904, 30900,  'Musuk'),
(30905, 30900,  'Boyolali'),
(30906, 30900,  'Mojosongo'),
(30907, 30900,  'Teras'),
(30908, 30900,  'Sawit'),
(30909, 30900,  'Banyudono'),
(30910, 30900,  'Sambi'),
(30911, 30900,  'Ngemplak'),
(30912, 30900,  'Nogosari'),
(30913, 30900,  'Simo'),
(30914, 30900,  'Karanggede'),
(30915, 30900,  'Klego'),
(30916, 30900,  'Andong'),
(30917, 30900,  'Kemusu'),
(30918, 30900,  'Wonosegoro'),
(30919, 30900,  'Juwangi'),
(31001, 31000,  'Prambanan'),
(31002, 31000,  'Gantiwarno'),
(31003, 31000,  'Wedi'),
(31004, 31000,  'Bayat'),
(31005, 31000,  'Cawas'),
(31006, 31000,  'Trucuk'),
(31007, 31000,  'Kalikotes'),
(31008, 31000,  'Kebonarum'),
(31009, 31000,  'Jogonalan'),
(31010, 31000,  'Manisrenggo'),
(31011, 31000,  'Karangnongko'),
(31012, 31000,  'Ngawen'),
(31013, 31000,  'Ceper'),
(31014, 31000,  'Pedan'),
(31015, 31000,  'Karangdowo'),
(31016, 31000,  'Juwiring'),
(31017, 31000,  'Wonosari'),
(31018, 31000,  'Delanggu'),
(31019, 31000,  'Polanharjo'),
(31020, 31000,  'Karanganom'),
(31021, 31000,  'Tulung'),
(31022, 31000,  'Jatinom'),
(31023, 31000,  'Kemalang'),
(31024, 31000,  'Klaten Selatan'),
(31025, 31000,  'Klaten Tengah'),
(31026, 31000,  'Klaten Utara'),
(31101, 31100,  'Weru'),
(31102, 31100,  'Bulu'),
(31103, 31100,  'Tawangsari'),
(31104, 31100,  'Sukoharjo'),
(31105, 31100,  'Nguter'),
(31106, 31100,  'Bendosari'),
(31107, 31100,  'Polokarto'),
(31108, 31100,  'Mojolaban'),
(31109, 31100,  'Grogol'),
(31110, 31100,  'Baki'),
(31111, 31100,  'Gatak'),
(31112, 31100,  'Kartasura'),
(31201, 31200,  'Pracimantoro'),
(31202, 31200,  'Paranggupito'),
(31203, 31200,  'Giritontro'),
(31204, 31200,  'Giriwoyo'),
(31205, 31200,  'Batuwarno'),
(31206, 31200,  'Karangtengah'),
(31207, 31200,  'Tirtomoyo'),
(31208, 31200,  'Nguntoronadi'),
(31209, 31200,  'Baturetno'),
(31210, 31200,  'Eromoko'),
(31211, 31200,  'Wuryantoro'),
(31212, 31200,  'Manyaran'),
(31213, 31200,  'Selogiri'),
(31214, 31200,  'Wonogiri'),
(31215, 31200,  'Ngadirojo'),
(31216, 31200,  'Sidoharjo'),
(31217, 31200,  'Jatiroto'),
(31218, 31200,  'Kismantoro'),
(31219, 31200,  'Purwantoro'),
(31220, 31200,  'Bulukerto'),
(31221, 31200,  'Slogohimo'),
(31222, 31200,  'Jatisrono'),
(31223, 31200,  'Jatipurno'),
(31224, 31200,  'Girimarto'),
(31225, 31200,  'Puhpelem'),
(31301, 31300,  'Jatipuro'),
(31302, 31300,  'Jatiyoso'),
(31303, 31300,  'Jumapolo'),
(31304, 31300,  'Jumantono'),
(31305, 31300,  'Matesih'),
(31306, 31300,  'Tawangmangu'),
(31307, 31300,  'Ngargoyoso'),
(31308, 31300,  'Karangpandan'),
(31309, 31300,  'Karanganyar'),
(31310, 31300,  'Tasikmadu'),
(31311, 31300,  'Jaten'),
(31312, 31300,  'Colomadu'),
(31313, 31300,  'Gondangrejo'),
(31314, 31300,  'Kebakkramat'),
(31315, 31300,  'Mojogedang'),
(31316, 31300,  'Kerjo'),
(31317, 31300,  'Jenawi'),
(31401, 31400,  'Kalijambe'),
(31402, 31400,  'Plupuh'),
(31403, 31400,  'Masaran'),
(31404, 31400,  'Kedawung'),
(31405, 31400,  'Sambirejo'),
(31406, 31400,  'Gondang'),
(31407, 31400,  'Sambung Macan'),
(31408, 31400,  'Ngrampal'),
(31409, 31400,  'Karangmalang'),
(31410, 31400,  'Sragen'),
(31411, 31400,  'Sidoharjo'),
(31412, 31400,  'Tanon'),
(31413, 31400,  'Gemolong'),
(31414, 31400,  'Miri'),
(31415, 31400,  'Sumberlawang'),
(31416, 31400,  'Mondokan'),
(31417, 31400,  'Sukodono'),
(31418, 31400,  'Gesi'),
(31419, 31400,  'Tangen'),
(31420, 31400,  'Jenar'),
(31501, 31500,  'Kedungjati'),
(31502, 31500,  'Karangrayung'),
(31503, 31500,  'Penawangan'),
(31504, 31500,  'Toroh'),
(31505, 31500,  'Geyer'),
(31506, 31500,  'Pulokulon'),
(31507, 31500,  'Kradenan'),
(31508, 31500,  'Gabus'),
(31509, 31500,  'Ngaringan'),
(31510, 31500,  'Wirosari'),
(31511, 31500,  'Tawangharjo'),
(31512, 31500,  'Grobogan'),
(31513, 31500,  'Purwodadi'),
(31514, 31500,  'Brati'),
(31515, 31500,  'Klambu'),
(31516, 31500,  'Godong'),
(31517, 31500,  'Gubug'),
(31518, 31500,  'Tegowanu'),
(31519, 31500,  'Tanggungharjo'),
(31601, 31600,  'Jati'),
(31602, 31600,  'Randublatung'),
(31603, 31600,  'Kradenan'),
(31604, 31600,  'Kedungtuban'),
(31605, 31600,  'Cepu'),
(31606, 31600,  'Sambong'),
(31607, 31600,  'Jiken'),
(31608, 31600,  'Bogorejo'),
(31609, 31600,  'Jepon'),
(31610, 31600,  'Kota Blora'),
(31611, 31600,  'Banjarejo'),
(31612, 31600,  'Tunjungan'),
(31613, 31600,  'Japah'),
(31614, 31600,  'Ngawen'),
(31615, 31600,  'Kunduran'),
(31616, 31600,  'Todanan'),
(31701, 31700,  'Sumber'),
(31702, 31700,  'Bulu'),
(31703, 31700,  'Gunem'),
(31704, 31700,  'Sale'),
(31705, 31700,  'Sarang'),
(31706, 31700,  'Sedan'),
(31707, 31700,  'Pamotan'),
(31708, 31700,  'Sulang'),
(31709, 31700,  'Kaliori'),
(31710, 31700,  'Rembang'),
(31711, 31700,  'Pancur'),
(31712, 31700,  'Kragan'),
(31713, 31700,  'Sluke'),
(31714, 31700,  'Lasem'),
(31801, 31800,  'Sukolilo'),
(31802, 31800,  'Kayen'),
(31803, 31800,  'Tambakromo'),
(31804, 31800,  'Winong'),
(31805, 31800,  'Pucakwangi'),
(31806, 31800,  'Jaken'),
(31807, 31800,  'Batangan'),
(31808, 31800,  'Juwana'),
(31809, 31800,  'Jakenan'),
(31810, 31800,  'Pati'),
(31811, 31800,  'Gabus'),
(31812, 31800,  'Margorejo'),
(31813, 31800,  'Gembong'),
(31814, 31800,  'Tlogowungu'),
(31815, 31800,  'Wedarijaksa'),
(31816, 31800,  'Trangkil'),
(31817, 31800,  'Margoyoso'),
(31818, 31800,  'Gunung Wungkal'),
(31819, 31800,  'Cluwak'),
(31820, 31800,  'Tayu'),
(31821, 31800,  'Dukuhseti'),
(31901, 31900,  'Kaliwungu'),
(31902, 31900,  'Kota Kudus'),
(31903, 31900,  'Jati'),
(31904, 31900,  'Undaan'),
(31905, 31900,  'Mejobo'),
(31906, 31900,  'Jekulo'),
(31907, 31900,  'Bae'),
(31908, 31900,  'Gebog'),
(31909, 31900,  'Dawe'),
(32001, 32000,  'Kedung'),
(32002, 32000,  'Pecangaan'),
(32003, 32000,  'Welahan'),
(32004, 32000,  'Mayong'),
(32005, 32000,  'Nalumsari'),
(32006, 32000,  'Batealit'),
(32007, 32000,  'Tahunan'),
(32008, 32000,  'Jepara'),
(32009, 32000,  'Mlonggo'),
(32010, 32000,  'Bangsri'),
(32011, 32000,  'Keling'),
(32012, 32000,  'Karimunjawa'),
(32013, 32000,  'Kalinyamatan'),
(32014, 32000,  'Kembang'),
(32015, 32000,  'Donorojo'),
(32016, 32000,  'Pakis Aji'),
(32101, 32100,  'Mranggen'),
(32102, 32100,  'Karangawen'),
(32103, 32100,  'Guntur'),
(32104, 32100,  'Sayung'),
(32105, 32100,  'Karang Tengah'),
(32106, 32100,  'Bonang'),
(32107, 32100,  'Demak'),
(32108, 32100,  'Wonosalam'),
(32109, 32100,  'Dempet'),
(32110, 32100,  'Gajah'),
(32111, 32100,  'Karanganyar'),
(32112, 32100,  'Mijen'),
(32113, 32100,  'Wedung'),
(32114, 32100,  'Kebonagung'),
(32201, 32200,  'Getasan'),
(32202, 32200,  'Tengaran'),
(32203, 32200,  'Susukan'),
(32204, 32200,  'Suruh'),
(32205, 32200,  'Pabelan'),
(32206, 32200,  'Tuntang'),
(32207, 32200,  'Banyubiru'),
(32208, 32200,  'Jambu'),
(32209, 32200,  'Sumowono'),
(32210, 32200,  'Ambarawa'),
(32211, 32200,  'Bawen'),
(32212, 32200,  'Bringin'),
(32213, 32200,  'Pringapus'),
(32214, 32200,  'Bergas'),
(32217, 32200,  'Kaliwungu'),
(32218, 32200,  'Bancak'),
(32219, 32200,  'Ungaran Barat'),
(32220, 32200,  'Ungaran Timur'),
(32221, 32200,  'Bandungan'),
(32301, 32300,  'Parakan'),
(32302, 32300,  'Bulu'),
(32303, 32300,  'Temanggung'),
(32304, 32300,  'Tembarak'),
(32305, 32300,  'Kranggan'),
(32306, 32300,  'Pringsurat'),
(32307, 32300,  'Kaloran'),
(32308, 32300,  'Kandangan'),
(32309, 32300,  'Kedu'),
(32310, 32300,  'Ngadirejo'),
(32311, 32300,  'Jumo'),
(32312, 32300,  'Candiroto'),
(32313, 32300,  'Tretep'),
(32314, 32300,  'Kledung'),
(32315, 32300,  'Bansari'),
(32316, 32300,  'Tlogomulyo'),
(32317, 32300,  'Selopampang'),
(32318, 32300,  'Gemawang'),
(32319, 32300,  'Bejen'),
(32320, 32300,  'Wonoboyo'),
(32401, 32400,  'Plantungan'),
(32402, 32400,  'Sukorejo'),
(32403, 32400,  'Pageruyung'),
(32404, 32400,  'Patean'),
(32405, 32400,  'Singorojo'),
(32406, 32400,  'Limbangan'),
(32407, 32400,  'Boja'),
(32408, 32400,  'Kaliwungu'),
(32409, 32400,  'Brangsong'),
(32410, 32400,  'Pegandon'),
(32411, 32400,  'Gemuh'),
(32412, 32400,  'Weleri'),
(32413, 32400,  'Rowosari'),
(32414, 32400,  'Kangkung'),
(32415, 32400,  'Cepiring'),
(32416, 32400,  'Patebon'),
(32417, 32400,  'Kota Kendal'),
(32418, 32400,  'Ngampel'),
(32419, 32400,  'Ringinarum'),
(32420, 32400,  'Kaliwungu Selatan'),
(32501, 32500,  'Wonotunggal'),
(32502, 32500,  'Bandar'),
(32503, 32500,  'Blado'),
(32504, 32500,  'Reban'),
(32505, 32500,  'Bawang'),
(32506, 32500,  'Tersono'),
(32507, 32500,  'Gringsing'),
(32508, 32500,  'Limpung'),
(32509, 32500,  'Subah'),
(32510, 32500,  'Tulis'),
(32511, 32500,  'Batang'),
(32512, 32500,  'Warungasem'),
(32513, 32500,  'Banyuputih'),
(32514, 32500,  'Pecalungan'),
(32515, 32500,  'Kandeman'),
(32601, 32600,  'Kandangserang'),
(32602, 32600,  'Paninggaran'),
(32603, 32600,  'Lebakbarang'),
(32604, 32600,  'Petungkriyono'),
(32605, 32600,  'Talun'),
(32606, 32600,  'Doro'),
(32607, 32600,  'Karanganyar'),
(32608, 32600,  'Kajen'),
(32609, 32600,  'Kesesi'),
(32610, 32600,  'Sragi'),
(32611, 32600,  'Bojong'),
(32612, 32600,  'Wonopringgo'),
(32613, 32600,  'Kedungwuni'),
(32614, 32600,  'Buaran'),
(32615, 32600,  'Tirto'),
(32616, 32600,  'Wiradesa'),
(32617, 32600,  'Siwalan'),
(32618, 32600,  'Karangdadap'),
(32619, 32600,  'Wonokerto'),
(32701, 32700,  'Moga'),
(32702, 32700,  'Pulosari'),
(32703, 32700,  'Belik'),
(32704, 32700,  'Watukumpul'),
(32705, 32700,  'Bodeh'),
(32706, 32700,  'Bantarbolang'),
(32707, 32700,  'Randudongkal'),
(32708, 32700,  'Pemalang'),
(32709, 32700,  'Taman'),
(32710, 32700,  'Petarukan'),
(32711, 32700,  'Ampelgading'),
(32712, 32700,  'Comal'),
(32713, 32700,  'Ulujami'),
(32714, 32700,  'Warungpring'),
(32801, 32800,  'Margasari'),
(32802, 32800,  'Bumijawa'),
(32803, 32800,  'Bojong'),
(32804, 32800,  'Balapulang'),
(32805, 32800,  'Pagerbarang'),
(32806, 32800,  'Lebaksiu'),
(32807, 32800,  'Jatinegara'),
(32808, 32800,  'Kedungbanteng'),
(32809, 32800,  'Pangkah'),
(32810, 32800,  'Slawi'),
(32811, 32800,  'Dukuhwaru'),
(32812, 32800,  'Adiwerna'),
(32813, 32800,  'Dukuhturi'),
(32814, 32800,  'Talang'),
(32815, 32800,  'Tarub'),
(32816, 32800,  'Kramat'),
(32817, 32800,  'Suradadi'),
(32818, 32800,  'Warureja'),
(32901, 32900,  'Salem'),
(32902, 32900,  'Bantarkawung'),
(32903, 32900,  'Bumiayu'),
(32904, 32900,  'Paguyangan'),
(32905, 32900,  'Sirampog'),
(32906, 32900,  'Tonjong'),
(32907, 32900,  'Larangan'),
(32908, 32900,  'Ketanggungan'),
(32909, 32900,  'Banjarharjo'),
(32910, 32900,  'Losari'),
(32911, 32900,  'Tanjung'),
(32912, 32900,  'Kersana'),
(32913, 32900,  'Bulakamba'),
(32914, 32900,  'Wanasari'),
(32915, 32900,  'Songgom'),
(32916, 32900,  'Jatibarang'),
(32917, 32900,  'Brebes'),
(36001, 36000,  'Magelang Selatan'),
(36002, 36000,  'Magelang Utara'),
(36003, 36000,  'Magelang Tengah'),
(36101, 36100,  'Laweyan'),
(36102, 36100,  'Serengan'),
(36103, 36100,  'Pasarkliwon'),
(36104, 36100,  'Jebres'),
(36105, 36100,  'Banjarsari'),
(36201, 36200,  'Argomulyo'),
(36202, 36200,  'Tingkir'),
(36203, 36200,  'Sidomukti'),
(36204, 36200,  'Sidorejo'),
(36301, 36300,  'Mijen'),
(36302, 36300,  'Gunung Pati'),
(36303, 36300,  'Banyumanik'),
(36304, 36300,  'Gajah Mungkur'),
(36305, 36300,  'Semarang Selatan'),
(36306, 36300,  'Candisari'),
(36307, 36300,  'Tembalang'),
(36308, 36300,  'Pedurungan'),
(36309, 36300,  'Genuk'),
(36310, 36300,  'Gayamsari'),
(36311, 36300,  'Semarang Timur'),
(36312, 36300,  'Semarang Tengah'),
(36313, 36300,  'Semarang Utara'),
(36314, 36300,  'Semarang Barat'),
(36315, 36300,  'Tugu'),
(36316, 36300,  'Ngaliyan'),
(36401, 36400,  'Pekalongan Barat'),
(36402, 36400,  'Pekalongan Timur'),
(36403, 36400,  'Pekalongan Selatan'),
(36404, 36400,  'Pekalongan Utara'),
(36501, 36500,  'Tegal Selatan'),
(36502, 36500,  'Tegal Timur'),
(36503, 36500,  'Tegal Barat'),
(36504, 36500,  'Margadana'),
(40101, 40100,  'Srandakan'),
(40102, 40100,  'Sanden'),
(40103, 40100,  'Kretek'),
(40104, 40100,  'Pundong'),
(40105, 40100,  'Bambang Lipuro'),
(40106, 40100,  'Pandak'),
(40107, 40100,  'Bantul'),
(40108, 40100,  'Jetis'),
(40109, 40100,  'Imogiri'),
(40110, 40100,  'Dlingo'),
(40111, 40100,  'Pleret'),
(40112, 40100,  'Piyungan'),
(40113, 40100,  'Banguntapan'),
(40114, 40100,  'Sewon'),
(40115, 40100,  'Kasihan'),
(40116, 40100,  'Pajangan'),
(40117, 40100,  'Sedayu'),
(40201, 40200,  'Moyudan'),
(40202, 40200,  'Minggir'),
(40203, 40200,  'Seyegan'),
(40204, 40200,  'Godean'),
(40206, 40200,  'Mlati'),
(40207, 40200,  'Depok'),
(40208, 40200,  'Berbah'),
(40209, 40200,  'Prambanan'),
(40210, 40200,  'Kalasan'),
(40211, 40200,  'Ngemplak'),
(40212, 40200,  'Ngaglik'),
(40213, 40200,  'Sleman'),
(40214, 40200,  'Tempel'),
(40215, 40200,  'Turi'),
(40216, 40200,  'Pakem'),
(40217, 40200,  'Cangkringan'),
(40218, 40200,  'Gamping'),
(40301, 40300,  'Panggang'),
(40302, 40300,  'Paliyan'),
(40303, 40300,  'Saptosari'),
(40304, 40300,  'Tepus'),
(40305, 40300,  'Rongkop'),
(40306, 40300,  'Semanu'),
(40307, 40300,  'Ponjong'),
(40308, 40300,  'Karangmojo'),
(40309, 40300,  'Wonosari'),
(40310, 40300,  'Playen'),
(40311, 40300,  'Patuk'),
(40312, 40300,  'Gedangsari'),
(40313, 40300,  'Nglipar'),
(40314, 40300,  'Ngawen'),
(40315, 40300,  'Semin'),
(40316, 40300,  'Purwosari'),
(40317, 40300,  'Girisubo'),
(40318, 40300,  'Tanjungsari'),
(40401, 40400,  'Temon'),
(40402, 40400,  'Wates'),
(40403, 40400,  'Panjatan'),
(40404, 40400,  'Galur'),
(40405, 40400,  'Lendah'),
(40406, 40400,  'Sentolo'),
(40407, 40400,  'Pengasih'),
(40408, 40400,  'Kokap'),
(40409, 40400,  'Girimulyo'),
(40410, 40400,  'Nanggulan'),
(40411, 40400,  'Kalibawang'),
(40412, 40400,  'Samigaluh'),
(46001, 46000,  'Mantrijeron'),
(46002, 46000,  'Kraton'),
(46003, 46000,  'Mergangsan'),
(46004, 46000,  'Umbulharjo'),
(46005, 46000,  'Kotagede'),
(46006, 46000,  'Gondokusuman'),
(46007, 46000,  'Danurejan'),
(46008, 46000,  'Pakualaman'),
(46009, 46000,  'Gondomanan'),
(46010, 46000,  'Ngampilan'),
(46011, 46000,  'Wirobrajan'),
(46012, 46000,  'Gedongtengen'),
(46013, 46000,  'Jetis'),
(46014, 46000,  'Tegalrejo'),
(50101, 50100,  'Wringin Anom'),
(50102, 50100,  'Driyorejo'),
(50103, 50100,  'Kedamean'),
(50104, 50100,  'Menganti'),
(50105, 50100,  'Cerme'),
(50106, 50100,  'Benjeng'),
(50107, 50100,  'Balong Panggang'),
(50108, 50100,  'Duduk Sampeyan'),
(50109, 50100,  'Kebomas'),
(50110, 50100,  'Gresik'),
(50111, 50100,  'Manyar'),
(50112, 50100,  'Bungah'),
(50113, 50100,  'Sidayu'),
(50114, 50100,  'Dukun'),
(50115, 50100,  'Panceng'),
(50116, 50100,  'Ujung Pangkah'),
(50117, 50100,  'Sangkapura'),
(50118, 50100,  'Tambak'),
(50201, 50200,  'Tarik'),
(50202, 50200,  'Prambon'),
(50203, 50200,  'Krembung'),
(50204, 50200,  'Porong'),
(50205, 50200,  'Jabon'),
(50206, 50200,  'Tanggulangin'),
(50207, 50200,  'Candi'),
(50208, 50200,  'Tulangan'),
(50209, 50200,  'Wonoayu'),
(50210, 50200,  'Sukodono'),
(50211, 50200,  'Sidoarjo'),
(50212, 50200,  'Buduran'),
(50213, 50200,  'Sedati'),
(50214, 50200,  'Waru'),
(50215, 50200,  'Gedangan'),
(50216, 50200,  'Taman'),
(50217, 50200,  'Krian'),
(50218, 50200,  'Balong Bendo'),
(50301, 50300,  'Jatirejo'),
(50302, 50300,  'Gondang'),
(50303, 50300,  'Pacet'),
(50304, 50300,  'Trawas'),
(50305, 50300,  'Ngoro'),
(50306, 50300,  'Pungging'),
(50307, 50300,  'Kutorejo'),
(50308, 50300,  'Mojosari'),
(50309, 50300,  'Bangsal'),
(50310, 50300,  'Dlanggu'),
(50311, 50300,  'Puri'),
(50312, 50300,  'Trowulan'),
(50313, 50300,  'Sooko'),
(50314, 50300,  'Gedeg'),
(50315, 50300,  'Kemlagi'),
(50316, 50300,  'Jetis'),
(50317, 50300,  'Dawar Blandong'),
(50318, 50300,  'Mojoanyar'),
(50401, 50400,  'Bandar Kedungmulyo'),
(50402, 50400,  'Perak'),
(50403, 50400,  'Gudo'),
(50404, 50400,  'Diwek'),
(50405, 50400,  'Ngoro'),
(50406, 50400,  'Mojowarno'),
(50407, 50400,  'Bareng'),
(50408, 50400,  'Wonosalam'),
(50409, 50400,  'Mojoagung'),
(50410, 50400,  'Sumobito'),
(50411, 50400,  'Jogoroto'),
(50412, 50400,  'Peterongan'),
(50413, 50400,  'Jombang'),
(50414, 50400,  'Megaluh'),
(50415, 50400,  'Tembelang'),
(50416, 50400,  'Kesamben'),
(50417, 50400,  'Kudu'),
(50418, 50400,  'Ploso'),
(50419, 50400,  'Kabuh'),
(50420, 50400,  'Plandaan'),
(50421, 50400,  'Ngusikan'),
(50501, 50500,  'Margomulyo'),
(50502, 50500,  'Ngraho'),
(50503, 50500,  'Tambakrejo'),
(50504, 50500,  'Ngambon'),
(50505, 50500,  'Bubulan'),
(50506, 50500,  'Temayang'),
(50507, 50500,  'Sugihwaras'),
(50508, 50500,  'Kedungadem'),
(50509, 50500,  'Kepohbaru'),
(50510, 50500,  'Baureno'),
(50511, 50500,  'Kanor'),
(50512, 50500,  'Sumberrejo'),
(50513, 50500,  'Balen'),
(50514, 50500,  'Sukosewu'),
(50515, 50500,  'Kapas'),
(50516, 50500,  'Bojonegoro'),
(50517, 50500,  'Trucuk'),
(50518, 50500,  'Dander'),
(50519, 50500,  'Ngasem'),
(50520, 50500,  'Kalitidu'),
(50521, 50500,  'Malo'),
(50522, 50500,  'Purwosari'),
(50523, 50500,  'Padangan'),
(50524, 50500,  'Kasiman'),
(50525, 50500,  'Kedewan'),
(50526, 50500,  'Gondang'),
(50527, 50500,  'Sekar'),
(50528, 50500,  'Gayam'),
(50601, 50600,  'Kenduruan'),
(50602, 50600,  'Bangilan'),
(50603, 50600,  'Senori'),
(50604, 50600,  'Singgahan'),
(50605, 50600,  'Montong'),
(50606, 50600,  'Parengan'),
(50607, 50600,  'Soko'),
(50608, 50600,  'Rengel'),
(50609, 50600,  'Plumpang'),
(50610, 50600,  'Widang'),
(50611, 50600,  'Palang'),
(50612, 50600,  'Semanding'),
(50613, 50600,  'Tuban'),
(50614, 50600,  'Jenu'),
(50615, 50600,  'Merakurak'),
(50616, 50600,  'Kerek'),
(50617, 50600,  'Tambakboyo'),
(50618, 50600,  'Jatirogo'),
(50619, 50600,  'Bancar'),
(50620, 50600,  'Grabagan'),
(50701, 50700,  'Sukorame'),
(50702, 50700,  'Bluluk'),
(50703, 50700,  'Ngimbang'),
(50704, 50700,  'Sambeng'),
(50705, 50700,  'Mantup'),
(50706, 50700,  'Kembang Bahu'),
(50707, 50700,  'Sugio'),
(50708, 50700,  'Kedungpring'),
(50709, 50700,  'Modo'),
(50710, 50700,  'Babat'),
(50711, 50700,  'Pucuk'),
(50712, 50700,  'Sukodadi'),
(50713, 50700,  'Lamongan'),
(50714, 50700,  'Tikung'),
(50715, 50700,  'Deket'),
(50716, 50700,  'Glagah'),
(50717, 50700,  'Karangbinangun'),
(50718, 50700,  'Turi'),
(50719, 50700,  'Kalitengah'),
(50720, 50700,  'Karang Geneng'),
(50721, 50700,  'Sekaran'),
(50722, 50700,  'Maduran'),
(50723, 50700,  'Laren'),
(50724, 50700,  'Solokuro'),
(50725, 50700,  'Paciran'),
(50726, 50700,  'Brondong'),
(50727, 50700,  'Sarirejo'),
(50801, 50800,  'Kebonsari'),
(50802, 50800,  'Geger'),
(50803, 50800,  'Dolopo'),
(50804, 50800,  'Dagangan'),
(50805, 50800,  'Wungu'),
(50806, 50800,  'Kare'),
(50807, 50800,  'Gemarang'),
(50808, 50800,  'Saradan'),
(50809, 50800,  'Pilangkenceng'),
(50810, 50800,  'Mejayan'),
(50811, 50800,  'Wonoasri'),
(50812, 50800,  'Balerejo'),
(50813, 50800,  'Madiun'),
(50814, 50800,  'Sawahan'),
(50815, 50800,  'Jiwan'),
(50901, 50900,  'Sine'),
(50902, 50900,  'Ngrambe'),
(50903, 50900,  'Jogorogo'),
(50904, 50900,  'Kendal'),
(50905, 50900,  'Geneng'),
(50906, 50900,  'Kwadungan'),
(50907, 50900,  'Pangkur'),
(50908, 50900,  'Karangjati'),
(50909, 50900,  'Bringin'),
(50910, 50900,  'Padas'),
(50911, 50900,  'Ngawi'),
(50912, 50900,  'Paron'),
(50913, 50900,  'Kedunggalar'),
(50914, 50900,  'Pitu'),
(50915, 50900,  'Widodaren'),
(50916, 50900,  'Mantingan'),
(50917, 50900,  'Karanganyar'),
(50918, 50900,  'Gerih'),
(50919, 50900,  'Kasreman'),
(51001, 51000,  'Poncol'),
(51002, 51000,  'Parang'),
(51003, 51000,  'Lembeyan'),
(51004, 51000,  'Takeran'),
(51005, 51000,  'Kawedanan'),
(51006, 51000,  'Magetan'),
(51007, 51000,  'Plaosan'),
(51008, 51000,  'Panekan'),
(51009, 51000,  'Sukomoro'),
(51010, 51000,  'Bendo'),
(51011, 51000,  'Maospati'),
(51012, 51000,  'Karangrejo'),
(51014, 51000,  'Barat'),
(51015, 51000,  'Kartoharjo'),
(51016, 51000,  'Karas'),
(51017, 51000,  'Ngariboyo'),
(51018, 51000,  'Nguntoronadi'),
(51019, 51000,  'Sidorejo'),
(51101, 51100,  'Ngrayun'),
(51102, 51100,  'Slahung'),
(51103, 51100,  'Bungkal'),
(51104, 51100,  'Sambit'),
(51105, 51100,  'Sawoo'),
(51106, 51100,  'Sooko'),
(51107, 51100,  'Pulung'),
(51108, 51100,  'Mlarak'),
(51109, 51100,  'Siman'),
(51110, 51100,  'Jetis'),
(51111, 51100,  'Balong'),
(51112, 51100,  'Kauman'),
(51113, 51100,  'Jambon'),
(51114, 51100,  'Badegan'),
(51115, 51100,  'Sampung'),
(51116, 51100,  'Sukorejo'),
(51117, 51100,  'Ponorogo'),
(51118, 51100,  'Babadan'),
(51119, 51100,  'Jenangan'),
(51120, 51100,  'Ngebel'),
(51121, 51100,  'Pudak'),
(51201, 51200,  'Donorojo'),
(51202, 51200,  'Punung'),
(51203, 51200,  'Pringkuku'),
(51204, 51200,  'Pacitan'),
(51205, 51200,  'Kebonagung'),
(51206, 51200,  'Arjosari'),
(51207, 51200,  'Nawangan'),
(51208, 51200,  'Bandar'),
(51209, 51200,  'Tegalombo'),
(51210, 51200,  'Tulakan'),
(51211, 51200,  'Ngadirojo'),
(51212, 51200,  'Sudimoro'),
(51301, 51300,  'Kras'),
(51302, 51300,  'Ringinrejo'),
(51303, 51300,  'Ngancar'),
(51304, 51300,  'Kepung'),
(51305, 51300,  'Puncu'),
(51306, 51300,  'Plosoklaten'),
(51307, 51300,  'Wates'),
(51308, 51300,  'Kandat'),
(51309, 51300,  'Ngadiluwih'),
(51310, 51300,  'Mojo'),
(51311, 51300,  'Semen'),
(51312, 51300,  'Banyakan'),
(51313, 51300,  'Tarokan'),
(51314, 51300,  'Grogol'),
(51315, 51300,  'Gampengrejo'),
(51316, 51300,  'Gurah'),
(51317, 51300,  'Pagu'),
(51318, 51300,  'Papar'),
(51319, 51300,  'Plemahan'),
(51320, 51300,  'Purwoasri'),
(51321, 51300,  'Kunjang'),
(51322, 51300,  'Pare'),
(51323, 51300,  'Kandangan'),
(51324, 51300,  'Kayen Kidul'),
(51325, 51300,  'Ngasem'),
(51326, 51300,  'Badas'),
(51401, 51400,  'Sawahan'),
(51402, 51400,  'Ngetos'),
(51403, 51400,  'Berbek'),
(51404, 51400,  'Loceret'),
(51405, 51400,  'Pace'),
(51406, 51400,  'Tanjunganom'),
(51407, 51400,  'Prambon'),
(51408, 51400,  'Ngronggot'),
(51409, 51400,  'Kertosono'),
(51410, 51400,  'Patianrowo'),
(51411, 51400,  'Baron'),
(51412, 51400,  'Gondang'),
(51413, 51400,  'Sukomoro'),
(51414, 51400,  'Nganjuk'),
(51415, 51400,  'Bagor'),
(51416, 51400,  'Wilangan'),
(51417, 51400,  'Rejoso'),
(51418, 51400,  'Ngluyu'),
(51419, 51400,  'Lengkong'),
(51420, 51400,  'Jatikalen'),
(51501, 51500,  'Bakung'),
(51502, 51500,  'Wonotirto'),
(51503, 51500,  'Panggungrejo'),
(51504, 51500,  'Wates'),
(51505, 51500,  'Binangun'),
(51506, 51500,  'Sutojayan'),
(51507, 51500,  'Kademangan'),
(51508, 51500,  'Kanigoro'),
(51509, 51500,  'Talun'),
(51510, 51500,  'Selopuro'),
(51511, 51500,  'Kesamben'),
(51512, 51500,  'Selorejo'),
(51513, 51500,  'Doko'),
(51514, 51500,  'Wlingi'),
(51515, 51500,  'Gandusari'),
(51516, 51500,  'Garum'),
(51517, 51500,  'Nglegok'),
(51518, 51500,  'Sanankulon'),
(51519, 51500,  'Ponggok'),
(51520, 51500,  'Srengat'),
(51521, 51500,  'Wonodadi'),
(51522, 51500,  'Udanawu'),
(51601, 51600,  'Besuki'),
(51602, 51600,  'Bandung'),
(51603, 51600,  'Pakel'),
(51604, 51600,  'Campur Darat'),
(51605, 51600,  'Tanggung Gunung'),
(51606, 51600,  'Kalidawir'),
(51607, 51600,  'Pucang Laban'),
(51608, 51600,  'Rejotangan'),
(51609, 51600,  'Ngunut'),
(51610, 51600,  'Sumbergempol'),
(51611, 51600,  'Boyolangu'),
(51612, 51600,  'Tulungagung'),
(51613, 51600,  'Kedungwaru'),
(51614, 51600,  'Ngantru'),
(51615, 51600,  'Karangrejo'),
(51616, 51600,  'Kauman'),
(51617, 51600,  'Gondang'),
(51618, 51600,  'Pagerwojo'),
(51619, 51600,  'Sendang'),
(51701, 51700,  'Panggul'),
(51702, 51700,  'Munjungan'),
(51703, 51700,  'Watulimo'),
(51704, 51700,  'Kampak'),
(51705, 51700,  'Dongko'),
(51706, 51700,  'Pule'),
(51707, 51700,  'Karangan'),
(51708, 51700,  'Gandusari'),
(51709, 51700,  'Durenan'),
(51710, 51700,  'Pogalan'),
(51711, 51700,  'Trenggalek'),
(51712, 51700,  'Tugu'),
(51713, 51700,  'Bendungan'),
(51714, 51700,  'Suruh'),
(51801, 51800,  'Donomulyo'),
(51802, 51800,  'Kalipare'),
(51803, 51800,  'Pagak'),
(51804, 51800,  'Bantur'),
(51805, 51800,  'Gedangan'),
(51806, 51800,  'Sumber Manjing Wetan'),
(51807, 51800,  'Dampit'),
(51808, 51800,  'Tirto Yudo'),
(51809, 51800,  'Ampelgading'),
(51810, 51800,  'Poncokusumo'),
(51811, 51800,  'Wajak'),
(51812, 51800,  'Turen'),
(51813, 51800,  'Pagelaran'),
(51814, 51800,  'Gondanglegi'),
(51815, 51800,  'Bululawang'),
(51816, 51800,  'Kepanjen'),
(51817, 51800,  'Sumberpucung'),
(51818, 51800,  'Kromengan'),
(51819, 51800,  'Wonosari'),
(51820, 51800,  'Ngajum'),
(51821, 51800,  'Wagir'),
(51822, 51800,  'Pakisaji'),
(51823, 51800,  'Tajinan'),
(51824, 51800,  'Tumpang'),
(51825, 51800,  'Pakis'),
(51826, 51800,  'Jabung'),
(51827, 51800,  'Lawang'),
(51828, 51800,  'Singosari'),
(51829, 51800,  'Karangploso'),
(51830, 51800,  'Dau'),
(51831, 51800,  'Pujon'),
(51832, 51800,  'Ngantang'),
(51833, 51800,  'Kasembon'),
(51901, 51900,  'Purwodadi'),
(51902, 51900,  'Tutur'),
(51903, 51900,  'Puspo'),
(51904, 51900,  'Tosari'),
(51905, 51900,  'Lumbang'),
(51906, 51900,  'Pasrepan'),
(51907, 51900,  'Kejayan'),
(51908, 51900,  'Wonorejo'),
(51909, 51900,  'Purwosari'),
(51910, 51900,  'Prigen'),
(51911, 51900,  'Sukorejo'),
(51912, 51900,  'Pandaan'),
(51913, 51900,  'Gempol'),
(51914, 51900,  'Beji'),
(51915, 51900,  'Bangil'),
(51916, 51900,  'Rembang'),
(51917, 51900,  'Kraton'),
(51918, 51900,  'Pohjentrek'),
(51919, 51900,  'Gondang Wetan'),
(51920, 51900,  'Rejoso'),
(51921, 51900,  'Winongan'),
(51922, 51900,  'Grati'),
(51923, 51900,  'Lekok'),
(51924, 51900,  'Nguling'),
(52001, 52000,  'Sukapura'),
(52002, 52000,  'Sumber'),
(52003, 52000,  'Kuripan'),
(52004, 52000,  'Bantaran'),
(52005, 52000,  'Leces'),
(52006, 52000,  'Tegalsiwalan'),
(52007, 52000,  'Banyuanyar'),
(52008, 52000,  'Tiris'),
(52009, 52000,  'Krucil'),
(52010, 52000,  'Gading'),
(52011, 52000,  'Pakuniran'),
(52012, 52000,  'Kotaanyar'),
(52013, 52000,  'Paiton'),
(52014, 52000,  'Besuk'),
(52015, 52000,  'Kraksaan'),
(52016, 52000,  'Krejengan'),
(52017, 52000,  'Pajarakan'),
(52018, 52000,  'Maron'),
(52019, 52000,  'Gending'),
(52020, 52000,  'Dringu'),
(52021, 52000,  'Wonomerto'),
(52022, 52000,  'Lumbang'),
(52023, 52000,  'Tongas'),
(52024, 52000,  'Sumberasih'),
(52101, 52100,  'Tempursari'),
(52102, 52100,  'Pronojiwo'),
(52103, 52100,  'Candipuro'),
(52104, 52100,  'Pasirian'),
(52105, 52100,  'Tempeh'),
(52106, 52100,  'Kunir'),
(52107, 52100,  'Yosowilangun'),
(52108, 52100,  'Rowokangkung'),
(52109, 52100,  'Tekung'),
(52110, 52100,  'Lumajang'),
(52111, 52100,  'Pasrujambe'),
(52112, 52100,  'Senduro'),
(52113, 52100,  'Padang'),
(52114, 52100,  'Sukodono'),
(52115, 52100,  'Jatiroto'),
(52116, 52100,  'Randuagung'),
(52117, 52100,  'Kedungjajang'),
(52118, 52100,  'Gucialit'),
(52119, 52100,  'Klakah'),
(52120, 52100,  'Ranuyoso'),
(52121, 52100,  'Sumbersuko'),
(52201, 52200,  'Maesan'),
(52202, 52200,  'Grujugan'),
(52203, 52200,  'Tamanan'),
(52204, 52200,  'Pujer'),
(52205, 52200,  'Tlogosari'),
(52206, 52200,  'Sukosari'),
(52207, 52200,  'Tapen'),
(52208, 52200,  'Wonosari'),
(52209, 52200,  'Tenggarang'),
(52210, 52200,  'Bondowoso'),
(52211, 52200,  'Curahdami'),
(52212, 52200,  'Pakem'),
(52213, 52200,  'Wringin'),
(52214, 52200,  'Tegalampel'),
(52215, 52200,  'Klabang'),
(52216, 52200,  'Prajekan'),
(52217, 52200,  'Cermee'),
(52218, 52200,  'Binakal'),
(52219, 52200,  'Sumber Wringin'),
(52220, 52200,  'Ijen'),
(52221, 52200,  'Jambesari Darus Sholah'),
(52222, 52200,  'Taman Krocok'),
(52223, 52200,  'Botolinggo'),
(52301, 52300,  'Sumbermalang'),
(52302, 52300,  'Jatibanteng'),
(52303, 52300,  'Banyuglugur'),
(52304, 52300,  'Besuki'),
(52305, 52300,  'Suboh'),
(52306, 52300,  'Mlandingan'),
(52307, 52300,  'Bungatan'),
(52308, 52300,  'Kendit'),
(52309, 52300,  'Panarukan'),
(52310, 52300,  'Situbondo'),
(52311, 52300,  'Mangaran'),
(52312, 52300,  'Panji'),
(52313, 52300,  'Kapongan'),
(52314, 52300,  'Arjasa'),
(52315, 52300,  'Jangkar'),
(52316, 52300,  'Asembagus'),
(52317, 52300,  'Banyuputih'),
(52401, 52400,  'Kencong'),
(52402, 52400,  'Gumuk Mas'),
(52403, 52400,  'Puger'),
(52404, 52400,  'Wuluhan'),
(52405, 52400,  'Ambulu'),
(52406, 52400,  'Tempurejo'),
(52407, 52400,  'Silo'),
(52408, 52400,  'Mayang'),
(52409, 52400,  'Mumbulsari'),
(52410, 52400,  'Jenggawah'),
(52411, 52400,  'Ajung'),
(52412, 52400,  'Rambipuji'),
(52413, 52400,  'Balung'),
(52414, 52400,  'Umbulsari'),
(52415, 52400,  'Semboro'),
(52416, 52400,  'Jombang'),
(52417, 52400,  'Sumberbaru'),
(52418, 52400,  'Tanggul'),
(52419, 52400,  'Bangsalsari'),
(52420, 52400,  'Panti'),
(52421, 52400,  'Sukorambi'),
(52422, 52400,  'Arjasa'),
(52423, 52400,  'Pakusari'),
(52424, 52400,  'Kalisat'),
(52425, 52400,  'Ledok Ombo'),
(52426, 52400,  'Sumberjambe'),
(52427, 52400,  'Sukowono'),
(52428, 52400,  'Jelbuk'),
(52429, 52400,  'Kaliwates'),
(52430, 52400,  'Sumbersari'),
(52431, 52400,  'Patrang'),
(52501, 52500,  'Pesanggaran'),
(52502, 52500,  'Bangorejo'),
(52503, 52500,  'Purwoharjo'),
(52504, 52500,  'Tegaldlimo'),
(52505, 52500,  'Muncar'),
(52506, 52500,  'Cluring'),
(52507, 52500,  'Gambiran'),
(52508, 52500,  'Glenmore'),
(52509, 52500,  'Kalibaru'),
(52510, 52500,  'Genteng'),
(52511, 52500,  'Srono'),
(52512, 52500,  'Rogojampi'),
(52513, 52500,  'Kabat'),
(52514, 52500,  'Singojuruh'),
(52515, 52500,  'Sempu'),
(52516, 52500,  'Songgon'),
(52517, 52500,  'Glagah'),
(52518, 52500,  'Banyuwangi'),
(52519, 52500,  'Giri'),
(52520, 52500,  'Kalipuro'),
(52521, 52500,  'Wongsorejo'),
(52522, 52500,  'Licin'),
(52523, 52500,  'Tegalsari'),
(52524, 52500,  'Siliragung'),
(52525, 52500,  'Blimbingsari'),
(52601, 52600,  'Tlanakan'),
(52602, 52600,  'Pademawu'),
(52603, 52600,  'Galis'),
(52604, 52600,  'Larangan'),
(52605, 52600,  'Pamekasan'),
(52606, 52600,  'Proppo'),
(52607, 52600,  'Palengaan'),
(52608, 52600,  'Pegantenan'),
(52609, 52600,  'Kadur'),
(52610, 52600,  'Pakong'),
(52611, 52600,  'Waru'),
(52612, 52600,  'Batu Marmar'),
(52613, 52600,  'Pasean'),
(52701, 52700,  'Sreseh'),
(52702, 52700,  'Torjun'),
(52703, 52700,  'Sampang'),
(52704, 52700,  'Camplong'),
(52705, 52700,  'Omben'),
(52706, 52700,  'Kedungdung'),
(52707, 52700,  'Jrengik'),
(52708, 52700,  'Tambelangan'),
(52709, 52700,  'Banyuates'),
(52710, 52700,  'Robatal'),
(52711, 52700,  'Ketapang'),
(52712, 52700,  'Sokobanah'),
(52713, 52700,  'Karangpenang'),
(52714, 52700,  'Pangarengan'),
(52801, 52800,  'Pragaan'),
(52802, 52800,  'Bluto'),
(52803, 52800,  'Saronggi'),
(52804, 52800,  'Giligenteng'),
(52805, 52800,  'Talango'),
(52806, 52800,  'Kalianget'),
(52807, 52800,  'Kota Sumenep'),
(52808, 52800,  'Lenteng'),
(52809, 52800,  'Ganding'),
(52810, 52800,  'Guluk Guluk'),
(52811, 52800,  'Pasongsongan'),
(52812, 52800,  'Ambunten'),
(52813, 52800,  'Rubaru'),
(52814, 52800,  'Dasuk'),
(52815, 52800,  'Manding'),
(52816, 52800,  'Batuputih'),
(52817, 52800,  'Gapura'),
(52818, 52800,  'Batang-Batang'),
(52819, 52800,  'Dungkek'),
(52820, 52800,  'Nonggunong'),
(52821, 52800,  'Gayam'),
(52822, 52800,  'Ra As'),
(52823, 52800,  'Sapeken'),
(52824, 52800,  'Arjasa'),
(52825, 52800,  'Masalembu'),
(52827, 52800,  'Batuan'),
(52828, 52800,  'Kangayan'),
(52901, 52900,  'Kamal'),
(52902, 52900,  'Labang'),
(52903, 52900,  'Kwanyar'),
(52904, 52900,  'Modung'),
(52905, 52900,  'Blega'),
(52906, 52900,  'Konang'),
(52907, 52900,  'Galis'),
(52908, 52900,  'Tanah Merah'),
(52909, 52900,  'Tragah'),
(52910, 52900,  'Socah'),
(52911, 52900,  'Bangkalan'),
(52912, 52900,  'Burneh'),
(52913, 52900,  'Arosbaya'),
(52914, 52900,  'Geger'),
(52915, 52900,  'Kokop'),
(52916, 52900,  'Tanjungbumi'),
(52917, 52900,  'Sepulu'),
(52918, 52900,  'Klampis'),
(56001, 56000,  'Karang Pilang'),
(56002, 56000,  'Jambangan'),
(56003, 56000,  'Gayungan'),
(56004, 56000,  'Wonocolo'),
(56005, 56000,  'Tenggilis Mejoyo'),
(56006, 56000,  'Gununganyar'),
(56007, 56000,  'Rungkut'),
(56008, 56000,  'Sukolilo'),
(56009, 56000,  'Mulyorejo'),
(56010, 56000,  'Gubeng'),
(56011, 56000,  'Wonokromo'),
(56012, 56000,  'Dukuh Pakis'),
(56013, 56000,  'Wiyung'),
(56014, 56000,  'Lakarsantri'),
(56015, 56000,  'Tandes'),
(56016, 56000,  'Sukomanunggal'),
(56017, 56000,  'Sawahan'),
(56018, 56000,  'Tegal Sari'),
(56019, 56000,  'Genteng'),
(56020, 56000,  'Tambaksari'),
(56021, 56000,  'Kenjeran'),
(56022, 56000,  'Simokerto'),
(56023, 56000,  'Semampir'),
(56024, 56000,  'Pabean Cantian'),
(56025, 56000,  'Bubutan'),
(56026, 56000,  'Krembangan'),
(56027, 56000,  'Asemrowo'),
(56028, 56000,  'Benowo'),
(56029, 56000,  'Bulak'),
(56030, 56000,  'Pakal'),
(56031, 56000,  'Sambi Kerep'),
(56101, 56100,  'Kedungkandang'),
(56102, 56100,  'Sukun'),
(56103, 56100,  'Klojen'),
(56104, 56100,  'Blimbing'),
(56105, 56100,  'Lowokwaru'),
(56201, 56200,  'Manguharjo'),
(56202, 56200,  'Taman'),
(56203, 56200,  'Kartoharjo'),
(56301, 56300,  'Mojoroto'),
(56302, 56300,  'Kota Kediri'),
(56303, 56300,  'Pesantren'),
(56401, 56400,  'Prajurit Kulon'),
(56402, 56400,  'Magersari'),
(56403, 56400,  'Kranggan'),
(56501, 56500,  'Sukorejo'),
(56502, 56500,  'Kepanjenkidul'),
(56503, 56500,  'Sananwetan'),
(56601, 56600,  'Gadingrejo'),
(56602, 56600,  'Purworejo'),
(56603, 56600,  'Bugul Kidul'),
(56604, 56600,  'Panggungrejo'),
(56701, 56700,  'Kademangan'),
(56702, 56700,  'Wonoasih'),
(56703, 56700,  'Mayangan'),
(56704, 56700,  'Kedopok'),
(56705, 56700,  'Kanigaran'),
(56801, 56800,  'Batu'),
(56802, 56800,  'Junrejo'),
(56803, 56800,  'Bumiaji'),
(60101, 60100,  'Lhoong'),
(60102, 60100,  'Lhoknga'),
(60103, 60100,  'Indrapuri'),
(60104, 60100,  'Seulimeum'),
(60105, 60100,  'Mesjid Raya'),
(60106, 60100,  'Darussalam'),
(60107, 60100,  'Kuta Baro'),
(60108, 60100,  'Montasik'),
(60109, 60100,  'Ingin Jaya'),
(60110, 60100,  'Suka Makmur'),
(60111, 60100,  'Darul Imarah'),
(60112, 60100,  'Peukan Bada'),
(60113, 60100,  'Pulo Aceh'),
(60114, 60100,  'Leupung'),
(60115, 60100,  'Kuta Malaka'),
(60116, 60100,  'Lembah Seulawah'),
(60117, 60100,  'Kota Jantho'),
(60118, 60100,  'Baitussalam'),
(60119, 60100,  'Krung Barona Jaya'),
(60120, 60100,  'Simpang Tiga'),
(60121, 60100,  'Kuta Cot Glie'),
(60122, 60100,  'Darul Kamal'),
(60123, 60100,  'Blang Bintang'),
(60201, 60200,  'Geumpang'),
(60207, 60200,  'Glumpang Tiga'),
(60208, 60200,  'Mutiara'),
(60209, 60200,  'Tiro/Truseb'),
(60210, 60200,  'Tangse'),
(60212, 60200,  'Sakti'),
(60213, 60200,  'Mila'),
(60214, 60200,  'Padang Tiji'),
(60215, 60200,  'Delima'),
(60216, 60200,  'Indrajaya'),
(60217, 60200,  'Peukan Baro'),
(60218, 60200,  'Kembang Tanjung'),
(60219, 60200,  'Simpang Tiga'),
(60220, 60200,  'Kota Sigli'),
(60221, 60200,  'Pidie'),
(60222, 60200,  'Batee'),
(60223, 60200,  'Muara Tiga'),
(60224, 60200,  'Mane'),
(60227, 60200,  'Grong-Grong'),
(60228, 60200,  'Mutiara Timur'),
(60230, 60200,  'Glumpang Baro'),
(60231, 60200,  'Keumala'),
(60232, 60200,  'Titeu'),
(60301, 60300,  'Sawang'),
(60302, 60300,  'Nisam'),
(60303, 60300,  'Kuta Makmur'),
(60304, 60300,  'Syamtalira Bayu'),
(60305, 60300,  'Meurah Mulia'),
(60306, 60300,  'Matangkuli'),
(60307, 60300,  'Cot Girek'),
(60308, 60300,  'Tanah Jambo Aye'),
(60309, 60300,  'Seunuddon'),
(60310, 60300,  'Baktiya'),
(60312, 60300,  'Tanah Luas'),
(60313, 60300,  'Samudera'),
(60314, 60300,  'Syamtalira Aron'),
(60315, 60300,  'Tanah Pasir'),
(60316, 60300,  'Langkahan'),
(60317, 60300,  'Baktiya Barat'),
(60318, 60300,  'Simpang Keramat'),
(60319, 60300,  'Nibong'),
(60320, 60300,  'Paya Bakong'),
(60321, 60300,  'Muara Batu'),
(60322, 60300,  'Dewantara'),
(60323, 60300,  'Lhoksukon'),
(60326, 60300,  'Lapang'),
(60327, 60300,  'Pirak Timu'),
(60328, 60300,  'Geureudong Pase'),
(60329, 60300,  'Banda Baro'),
(60330, 60300,  'Nisam Antara'),
(60408, 60400,  'Serba Jadi'),
(60409, 60400,  'Birem Bayeun'),
(60410, 60400,  'Rantau Selamat'),
(60411, 60400,  'Peureulak'),
(60412, 60400,  'Ranto Peureulak'),
(60413, 60400,  'Idi Rayeuk'),
(60414, 60400,  'Darul Aman'),
(60415, 60400,  'Nurussalam'),
(60416, 60400,  'Julok'),
(60417, 60400,  'Pante Beudari'),
(60418, 60400,  'Simpang Ulim'),
(60419, 60400,  'Sungai Raya'),
(60420, 60400,  'Peureulak Timur'),
(60421, 60400,  'Peureulak Barat'),
(60422, 60400,  'Banda Alam'),
(60423, 60400,  'Idi Tunong'),
(60424, 60400,  'Peudawa'),
(60425, 60400,  'Indra Makmur'),
(60426, 60400,  'Madat'),
(60428, 60400,  'Simpang Jernih'),
(60429, 60400,  'Darul Ihsan'),
(60430, 60400,  'Peunaron'),
(60431, 60400,  'Idi Timur'),
(60432, 60400,  'Darul Falah'),
(60501, 60500,  'Linge'),
(60502, 60500,  'Bintang'),
(60504, 60500,  'Pegasing'),
(60505, 60500,  'Bebesen'),
(60506, 60500,  'Silih Nara'),
(60512, 60500,  'Kute Panang'),
(60513, 60500,  'Ketol'),
(60514, 60500,  'Celala'),
(60522, 60500,  'Kebayakan'),
(60524, 60500,  'Laut Tawar'),
(60525, 60500,  'Atu Lintang'),
(60526, 60500,  'Jagong Jeget'),
(60527, 60500,  'Bies'),
(60528, 60500,  'Rusip Antara'),
(60605, 60600,  'Johan Pahlawan'),
(60606, 60600,  'Samatiga'),
(60607, 60600,  'Woyla'),
(60608, 60600,  'Kaway Xvi'),
(60609, 60600,  'Sungai Mas'),
(60610, 60600,  'Bubon'),
(60611, 60600,  'Arongan Lambalek'),
(60612, 60600,  'Meureubo'),
(60613, 60600,  'Pantee Ceureumen'),
(60614, 60600,  'Woyla Barat'),
(60615, 60600,  'Woyla Timur'),
(60616, 60600,  'Panton Reu'),
(60701, 60700,  'Trumon'),
(60702, 60700,  'Bakongan'),
(60703, 60700,  'Kluet Selatan'),
(60704, 60700,  'Kluet Utara'),
(60705, 60700,  'Tapak Tuan'),
(60706, 60700,  'Samadua'),
(60707, 60700,  'Sawang'),
(60708, 60700,  'Meukek'),
(60709, 60700,  'Labuhan Haji'),
(60710, 60700,  'Pasie Raja'),
(60711, 60700,  'Trumon Timur'),
(60712, 60700,  'Kluet Timur'),
(60713, 60700,  'Bakongan Timur'),
(60714, 60700,  'Kluet Tengah'),
(60715, 60700,  'Labuhan Haji Barat'),
(60716, 60700,  'Labuhan Haji Timur'),
(60717, 60700,  'Kota Bahagia'),
(60718, 60700,  'Trumon Tengah'),
(60801, 60800,  'Lawe Alas'),
(60802, 60800,  'Lawe Sigala-Gala'),
(60803, 60800,  'Bambel'),
(60804, 60800,  'Babussalam'),
(60805, 60800,  'Badar'),
(60806, 60800,  'Darul Hasanah'),
(60807, 60800,  'Babul Makmur'),
(60808, 60800,  'Lawe Bulan'),
(60809, 60800,  'Bukit Tusam'),
(60810, 60800,  'Semadam'),
(60811, 60800,  'Babul Rahmat'),
(60822, 60800,  'Ketambe'),
(60823, 60800,  'Deleng Pokhkisen'),
(60824, 60800,  'Lawe Sumur'),
(60825, 60800,  'Tanoh Alas'),
(60826, 60800,  'Lueser'),
(61101, 61100,  'Teupah Selatan'),
(61102, 61100,  'Simeulue Timur'),
(61103, 61100,  'Simeulue Tengah'),
(61104, 61100,  'Salang'),
(61105, 61100,  'Simeulue Barat'),
(61106, 61100,  'Teupah Barat'),
(61107, 61100,  'Teluk Dalam'),
(61108, 61100,  'Alafan'),
(61109, 61100,  'Teupah Tengah'),
(61110, 61100,  'Simeulue Cut'),
(61201, 61200,  'Samalanga'),
(61202, 61200,  'Pandrah'),
(61203, 61200,  'Jeunib'),
(61204, 61200,  'Peudada'),
(61205, 61200,  'Juli'),
(61206, 61200,  'Jeumpa'),
(61207, 61200,  'Jangka'),
(61208, 61200,  'Peusangan'),
(61209, 61200,  'Makmur'),
(61210, 61200,  'Ganda Pura'),
(61211, 61200,  'Simpang Mamplam'),
(61212, 61200,  'Peulimbang'),
(61213, 61200,  'Kota Juang'),
(61214, 61200,  'Kuala'),
(61215, 61200,  'Peusangan Selatan'),
(61216, 61200,  'Peusangan Siblah Krueng'),
(61217, 61200,  'Kuta Blang'),
(61301, 61300,  'Pulau Banyak'),
(61302, 61300,  'Singkil'),
(61303, 61300,  'Simpang Kanan'),
(61305, 61300,  'Singkil Utara'),
(61306, 61300,  'Gunung Mariah'),
(61307, 61300,  'Danau Paris'),
(61308, 61300,  'Suro Makmur'),
(61312, 61300,  'Kuta Baharu'),
(61313, 61300,  'Singkohor'),
(61317, 61300,  'Kuala Baru'),
(61318, 61300,  'Pulau Banyak Barat'),
(61401, 61400,  'Tamiang Hulu'),
(61402, 61400,  'Kejuruan Muda'),
(61403, 61400,  'Kualasimpang'),
(61404, 61400,  'Seruway'),
(61405, 61400,  'Bendahara'),
(61406, 61400,  'Karang Baru'),
(61407, 61400,  'Manyak Payed'),
(61408, 61400,  'Rantau'),
(61412, 61400,  'Banda Mulya'),
(61413, 61400,  'Bandar Pusaka'),
(61414, 61400,  'Tenggulun'),
(61415, 61400,  'Sekerak'),
(61501, 61500,  'Darul Makmur'),
(61502, 61500,  'Kuala'),
(61503, 61500,  'Beutong'),
(61504, 61500,  'Seunagan'),
(61505, 61500,  'Seunagan Timur'),
(61506, 61500,  'Kuala Pesisir'),
(61507, 61500,  'Tadu Raya'),
(61508, 61500,  'Suka Makmue'),
(61509, 61500,  'Tripa Makmur'),
(61510, 61500,  'Beutong Ateuh Banggalan'),
(61601, 61600,  'Teunom'),
(61602, 61600,  'Krueng Sabee'),
(61603, 61600,  'Setia Bakti'),
(61604, 61600,  'Sampoiniet'),
(61605, 61600,  'Jaya'),
(61606, 61600,  'Panga'),
(61607, 61600,  'Indra Jaya'),
(61608, 61600,  'Darul Hikmah'),
(61609, 61600,  'Pasie Raya'),
(61701, 61700,  'Manggeng'),
(61702, 61700,  'Tangan-Tangan'),
(61703, 61700,  'Blangpidie'),
(61704, 61700,  'Susoh'),
(61705, 61700,  'Kuala Batee'),
(61706, 61700,  'Babahrot'),
(61707, 61700,  'Lembah Sabil'),
(61708, 61700,  'Setia'),
(61709, 61700,  'Jeumpa'),
(61801, 61800,  'Blangkejeren'),
(61802, 61800,  'Kutapanjang'),
(61803, 61800,  'Rikit Gaib'),
(61804, 61800,  'Terangun'),
(61805, 61800,  'Pining'),
(61806, 61800,  'Blangjerango'),
(61807, 61800,  'Putri Betung'),
(61808, 61800,  'Dabun Gelang'),
(61809, 61800,  'Blang Pegayon'),
(61810, 61800,  'Pantan Cuaca'),
(61811, 61800,  'Tripe Jaya'),
(61901, 61900,  'Timang Gajah'),
(61902, 61900,  'Bukit'),
(61903, 61900,  'Bandar'),
(61904, 61900,  'Permata'),
(61905, 61900,  'Pintu Rime Gayo'),
(61906, 61900,  'Wih Pesam'),
(61907, 61900,  'Syiah Utama'),
(61908, 61900,  'Bener Kelipah'),
(61909, 61900,  'Mesidah'),
(61910, 61900,  'Gajah Putih'),
(62001, 62000,  'Meureudu'),
(62002, 62000,  'Ulim'),
(62003, 62000,  'Jangka Buya'),
(62004, 62000,  'Bandar Dua'),
(62005, 62000,  'Meurah Dua'),
(62006, 62000,  'Bandar Baru'),
(62007, 62000,  'Panteraja'),
(62008, 62000,  'Trienggadeng'),
(66001, 66000,  'Sukajaya'),
(66002, 66000,  'Sukakarya'),
(66101, 66100,  'Meuraxa'),
(66102, 66100,  'Baiturrahman'),
(66103, 66100,  'Kuta Alam'),
(66104, 66100,  'Syiah Kuala'),
(66105, 66100,  'Kuta Raja'),
(66106, 66100,  'Ulee Kareng'),
(66107, 66100,  'Lueng Bata'),
(66108, 66100,  'Banda Raya'),
(66109, 66100,  'Jaya Baru'),
(66201, 66200,  'Blang Mangat'),
(66202, 66200,  'Muara Dua'),
(66203, 66200,  'Banda Sakti'),
(66204, 66200,  'Muara Satu'),
(66301, 66300,  'Langsa Timur'),
(66302, 66300,  'Langsa Barat'),
(66303, 66300,  'Langsa Kota'),
(66304, 66300,  'Langsa Lama'),
(66305, 66300,  'Langsa Baro'),
(66401, 66400,  'Simpang Kiri'),
(66402, 66400,  'Penanggalan'),
(66403, 66400,  'Rundeng'),
(66404, 66400,  'Sultan Daulat'),
(66405, 66400,  'Longkib'),
(70101, 70100,  'Gunung Meriah'),
(70102, 70100,  'Sinembah Tnjng Muda Hulu'),
(70103, 70100,  'Sibolangit'),
(70104, 70100,  'Kutaiimbaru'),
(70105, 70100,  'Pancur Batu'),
(70106, 70100,  'Namo Rambe'),
(70107, 70100,  'Sibiru-Biru'),
(70109, 70100,  'Bangun Purba'),
(70119, 70100,  'Galang'),
(70120, 70100,  'Tanjung Morawa'),
(70121, 70100,  'Patumbak'),
(70122, 70100,  'Deli Tua'),
(70123, 70100,  'Sunggal'),
(70124, 70100,  'Hamparan Perak'),
(70125, 70100,  'Labuhan Deli'),
(70126, 70100,  'Percut Sei Tuan'),
(70127, 70100,  'Batang Kuis'),
(70128, 70100,  'Pantai Labu'),
(70129, 70100,  'Beringin'),
(70130, 70100,  'Lubuk Pakam'),
(70131, 70100,  'Pagar Marbau'),
(70132, 70100,  'Stm Hilir'),
(70201, 70200,  'Bohorok'),
(70202, 70200,  'Salapian'),
(70203, 70200,  'Sei Bingai'),
(70204, 70200,  'Kuala'),
(70205, 70200,  'Selesai'),
(70206, 70200,  'Binjai'),
(70207, 70200,  'Stabat'),
(70208, 70200,  'Wampu'),
(70209, 70200,  'Batang Serangan'),
(70210, 70200,  'Sawit Seberang'),
(70211, 70200,  'Padang Tualang'),
(70212, 70200,  'Hinai'),
(70213, 70200,  'Secanggang'),
(70214, 70200,  'Tanjung Pura'),
(70215, 70200,  'Gebang'),
(70216, 70200,  'Sei Lepan'),
(70217, 70200,  'Babalan'),
(70218, 70200,  'Berandan Barat'),
(70219, 70200,  'Besitang'),
(70220, 70200,  'Pangkalan Susu'),
(70221, 70200,  'Serapit'),
(70222, 70200,  'Kutambaru'),
(70223, 70200,  'Pematang Jaya'),
(70301, 70300,  'Mardingding'),
(70302, 70300,  'Laubaleng'),
(70303, 70300,  'Tigabinanga'),
(70304, 70300,  'Juhar'),
(70305, 70300,  'Munte'),
(70306, 70300,  'Kutabuluh'),
(70307, 70300,  'Payung'),
(70308, 70300,  'Simpangempat'),
(70309, 70300,  'Kabanjahe'),
(70310, 70300,  'Berastagi'),
(70311, 70300,  'Tigapanah'),
(70312, 70300,  'Merek'),
(70313, 70300,  'Barusjahe'),
(70315, 70300,  'Naman Teran'),
(70316, 70300,  'Merdeka'),
(70317, 70300,  'Dolat Rayat'),
(70390, 70300,  'Tiganderket'),
(70401, 70400,  'Silimakuta'),
(70402, 70400,  'Purba'),
(70403, 70400,  'Dolok Pardamean'),
(70404, 70400,  'Sidamanik'),
(70405, 70400,  'Girsang Simpangan Bolon'),
(70406, 70400,  'Tanah Jawa'),
(70407, 70400,  'Dolok Panribuan'),
(70408, 70400,  'Jorlang Hataran'),
(70409, 70400,  'Panei'),
(70410, 70400,  'Raya'),
(70411, 70400,  'Dolok Silau'),
(70412, 70400,  'Silau Kahean'),
(70413, 70400,  'Raya Kahean'),
(70414, 70400,  'Tapian Dolok'),
(70415, 70400,  'Dolok Batu Nanggar'),
(70416, 70400,  'Siantar'),
(70417, 70400,  'Hutabayu Raja'),
(70418, 70400,  'Pematang Bandar'),
(70419, 70400,  'Bandar'),
(70420, 70400,  'Bosar Maligas'),
(70421, 70400,  'Ujung Padang'),
(70422, 70400,  'Panombeian Panei'),
(70423, 70400,  'Gunung Malela'),
(70424, 70400,  'Gunung Maligas'),
(70425, 70400,  'Bandar Huluan'),
(70426, 70400,  'Bandar Masilam'),
(70427, 70400,  'Hatonduhan'),
(70428, 70400,  'Jawa Maraja Bah Jambi'),
(70429, 70400,  'Haranggaol Horison'),
(70430, 70400,  'Pamatang Sidamanik'),
(70431, 70400,  'Pamatang Silimahuta'),
(70503, 70500,  'Sidikalang'),
(70504, 70500,  'Parbuluan'),
(70505, 70500,  'Sumbul'),
(70506, 70500,  'Pegangan Hilir'),
(70507, 70500,  'Siempat Nempu Hulu'),
(70508, 70500,  'Siempat Nempu'),
(70509, 70500,  'Silima Pungga-Pungga'),
(70510, 70500,  'Siempat Nempu Hilir'),
(70511, 70500,  'Tigalingga'),
(70512, 70500,  'Tanah Pinem'),
(70513, 70500,  'Lae Parira'),
(70514, 70500,  'Gunung Stember'),
(70515, 70500,  'Berampu'),
(70516, 70500,  'Sitinjo'),
(70517, 70500,  'Silahi Sabungan'),
(70601, 70600,  'Bandar Pasir Mandoge'),
(70602, 70600,  'Bandar Pulau'),
(70603, 70600,  'Pulau Rakyat'),
(70604, 70600,  'Sei Kepayang'),
(70605, 70600,  'Tanjung Balai'),
(70606, 70600,  'Simpang Empat'),
(70607, 70600,  'Air Batu'),
(70608, 70600,  'Buntu Pane'),
(70609, 70600,  'Meranti'),
(70610, 70600,  'Air Joman'),
(70619, 70600,  'Aek Kuasan'),
(70621, 70600,  'Kisaran Barat'),
(70622, 70600,  'Kisaran Timur'),
(70623, 70600,  'Aek Songsongan'),
(70624, 70600,  'Rahuning'),
(70625, 70600,  'Aek Ledong'),
(70626, 70600,  'Sei Kepayang Barat'),
(70627, 70600,  'Sei Kepayang Timur'),
(70628, 70600,  'Teluk Dalam'),
(70629, 70600,  'Sei Dadap'),
(70630, 70600,  'Tinggi Raja'),
(70631, 70600,  'Setia Janji'),
(70632, 70600,  'Pulo Bandring'),
(70633, 70600,  'Rawang Panca Arga'),
(70634, 70600,  'Silau Laut'),
(70705, 70700,  'Bilah Hulu'),
(70707, 70700,  'Pangkatan'),
(70708, 70700,  'Bilah Barat'),
(70713, 70700,  'Bilah Hilir'),
(70714, 70700,  'Panai Hulu'),
(70715, 70700,  'Panai Tengah'),
(70716, 70700,  'Panai Hilir'),
(70721, 70700,  'Rantau Selatan'),
(70722, 70700,  'Rantau Utara'),
(70803, 70800,  'Parmonangan'),
(70804, 70800,  'Adian Koting'),
(70805, 70800,  'Sipoholon'),
(70806, 70800,  'Tarutung'),
(70807, 70800,  'Pahae Jae'),
(70808, 70800,  'Pahae Julu'),
(70809, 70800,  'Pangaribuan'),
(70810, 70800,  'Garoga'),
(70811, 70800,  'Sipahutar'),
(70812, 70800,  'Siborongborong'),
(70813, 70800,  'Pagaran'),
(70818, 70800,  'Muara'),
(70819, 70800,  'Purbatua'),
(70822, 70800,  'Simangumban'),
(70823, 70800,  'Siatas Barita'),
(70901, 70900,  'Lumut'),
(70902, 70900,  'Sibabangun'),
(70903, 70900,  'Pandan'),
(70904, 70900,  'Tapian Nauli'),
(70905, 70900,  'Kolang'),
(70906, 70900,  'Sorkam'),
(70907, 70900,  'Barus'),
(70908, 70900,  'Manduamas'),
(70909, 70900,  'Sosor Gadong'),
(70910, 70900,  'Sorkam Barat'),
(70911, 70900,  'Andam Dewi'),
(70912, 70900,  'Badiri'),
(70913, 70900,  'Sitahuis'),
(70914, 70900,  'Sirandorung'),
(70915, 70900,  'Tukka'),
(70916, 70900,  'Pinang Sori'),
(70917, 70900,  'Sukabangun'),
(70918, 70900,  'Sarudik'),
(70919, 70900,  'Barus Utara'),
(70920, 70900,  'Pasaribu Tobing'),
(71001, 71000,  'Batang Angkola'),
(71010, 71000,  'Batang Toru'),
(71011, 71000,  'Sipirok'),
(71012, 71000,  'Arse'),
(71016, 71000,  'Saipar Dolok Hole'),
(71025, 71000,  'Marancar'),
(71026, 71000,  'Sayur Matinggi'),
(71027, 71000,  'Aek Bilah'),
(71029, 71000,  'Muara Batangtoru'),
(71030, 71000,  'Angkola Barat'),
(71031, 71000,  'Angkola Sangkunur'),
(71032, 71000,  'Angkola Selatan'),
(71033, 71000,  'Angkola Timur'),
(71034, 71000,  'Tantom Angkola'),
(71035, 71000,  'Angkola Muara Tais'),
(71106, 71100,  'Idanogawo'),
(71107, 71100,  'Gido'),
(71113, 71100,  'Hiliduho'),
(71119, 71100,  'Bawolato'),
(71123, 71100,  'Ulugawo'),
(71125, 71100,  'Mau'),
(71126, 71100,  'Somolo-Molo'),
(71132, 71100,  'Hiliserangkai'),
(71133, 71100,  'Botomuzoi'),
(71190, 71100,  'Sogaeadu'),
(71501, 71500,  'Batahan'),
(71502, 71500,  'Batang Natal'),
(71503, 71500,  'Kotanopan'),
(71504, 71500,  'Muara Sipongi'),
(71505, 71500,  'Panyabungan Kota'),
(71506, 71500,  'Natal'),
(71507, 71500,  'Muara Batang Gadis'),
(71508, 71500,  'Siabu'),
(71509, 71500,  'Panyabungan Utara'),
(71510, 71500,  'Panyabungan Barat'),
(71511, 71500,  'Panyabungan Timur'),
(71512, 71500,  'Panyabungan Selatan'),
(71513, 71500,  'Bukit Malintang'),
(71514, 71500,  'Lembah Sorik Merapi'),
(71515, 71500,  'Ulu Pungkut'),
(71516, 71500,  'Tambangan'),
(71517, 71500,  'Lingga Bayu'),
(71518, 71500,  'Ranto Baek'),
(71519, 71500,  'Puncak Sorik Merapi'),
(71520, 71500,  'Sinunukan'),
(71521, 71500,  'Huta Bargot'),
(71522, 71500,  'Pakantan'),
(71523, 71500,  'Naga Juang'),
(71603, 71600,  'Balige'),
(71604, 71600,  'Lagu Boti'),
(71605, 71600,  'Habinsaran'),
(71606, 71600,  'Silaen'),
(71607, 71600,  'Porsea'),
(71608, 71600,  'Lumban Julu'),
(71616, 71600,  'Uluan'),
(71617, 71600,  'Pintu Pohan Meranti'),
(71618, 71600,  'Ajibata'),
(71619, 71600,  'Borbor'),
(71620, 71600,  'Tampahan'),
(71621, 71600,  'Nassau'),
(71622, 71600,  'Sigumpar'),
(71623, 71600,  'Siantar Narumonda'),
(71624, 71600,  'Parmaksian'),
(71625, 71600,  'Bonatua Lunasi'),
(71701, 71700,  'Pulau-Pulau Batu'),
(71702, 71700,  'Teluk Dalam'),
(71703, 71700,  'Amandraya'),
(71704, 71700,  'Lahusa'),
(71705, 71700,  'Gomo'),
(71706, 71700,  'Lolomatua'),
(71707, 71700,  'Lolowa`U'),
(71708, 71700,  'Hibala'),
(71709, 71700,  'Susua'),
(71710, 71700,  'Maniamolo'),
(71711, 71700,  'Hilimegai'),
(71712, 71700,  'Toma'),
(71713, 71700,  'Mazino'),
(71714, 71700,  'Umbunasi'),
(71715, 71700,  'Aramo'),
(71716, 71700,  'Pulau-Pulau Batu Timur'),
(71717, 71700,  'Mazo'),
(71718, 71700,  'Fanayama'),
(71719, 71700,  'Ulunoyo'),
(71720, 71700,  'Huruna'),
(71721, 71700,  'Oou'),
(71722, 71700,  'Onohazumba'),
(71723, 71700,  'Hilisalawaahe'),
(71724, 71700,  'Ulususua'),
(71725, 71700,  'Siduaori'),
(71726, 71700,  'Somambawa'),
(71727, 71700,  'Boronadu'),
(71728, 71700,  'Ulu Idanotae'),
(71729, 71700,  'Idanotae'),
(71732, 71700,  'Pulau-Pulau Batu Utara'),
(71733, 71700,  'Pulau-Pulau Batu Barat'),
(71734, 71700,  'Simuk'),
(71735, 71700,  'Tanah Masa'),
(71736, 71700,  'Onolalu'),
(71737, 71700,  'Luahagundre Maniamolo'),
(71801, 71800,  'Salak'),
(71802, 71800,  'Kerajaan'),
(71803, 71800,  'Sitelutali Urang Jehe'),
(71805, 71800,  'Pagindar'),
(71806, 71800,  'Pergeteng-Geteng Sengkut'),
(71807, 71800,  'Tinada'),
(71808, 71800,  'Siempat Rube'),
(71899, 71800,  'Sitelu Tali Urang Julu'),
(71901, 71900,  'Pakkat'),
(71902, 71900,  'Onan Ganjang'),
(71903, 71900,  'Lintong Nihuta'),
(71904, 71900,  'Dolok Sanggul'),
(71905, 71900,  'Parlilitan'),
(71906, 71900,  'Pollung'),
(71907, 71900,  'Paranginan'),
(71908, 71900,  'Bakti Raja'),
(71909, 71900,  'Sijamapolang'),
(71910, 71900,  'Tarabintang'),
(72001, 72000,  'Harian'),
(72002, 72000,  'Sianjur Mula Mula'),
(72003, 72000,  'Onanrunggu'),
(72004, 72000,  'Palipi'),
(72005, 72000,  'Pangururan'),
(72006, 72000,  'Simanindo'),
(72007, 72000,  'Nainggolan'),
(72008, 72000,  'Ronggur Nihuta'),
(72009, 72000,  'Sitiotio'),
(72101, 72100,  'Kotarih'),
(72102, 72100,  'Dolok Masihul'),
(72103, 72100,  'Sipispis'),
(72104, 72100,  'Dolok Merawan'),
(72105, 72100,  'Tebing Tinggi'),
(72106, 72100,  'Bandar Khalifah'),
(72107, 72100,  'Tanjung Beringin'),
(72108, 72100,  'Teluk Mengkudu'),
(72109, 72100,  'Sei Rampah'),
(72110, 72100,  'Perbaungan'),
(72111, 72100,  'Pantai Cermin'),
(72112, 72100,  'Silinda'),
(72113, 72100,  'Bintang Bayu'),
(72114, 72100,  'Serbajadi'),
(72115, 72100,  'Tebing Syahbandar'),
(72116, 72100,  'Sei Bamban'),
(72117, 72100,  'Pegajahan'),
(72201, 72200,  'Medang Deras'),
(72202, 72200,  'Air Putih'),
(72203, 72200,  'Lima Puluh'),
(72204, 72200,  'Sei Balai'),
(72205, 72200,  'Sei Suka'),
(72206, 72200,  'Talawi'),
(72207, 72200,  'Tanjung Tiram'),
(72301, 72300,  'Padang Bolak Julu'),
(72302, 72300,  'Padang Bolak'),
(72303, 72300,  'Halongonan'),
(72304, 72300,  'Dolok Sigompulon'),
(72305, 72300,  'Portibi'),
(72306, 72300,  'Simangambat'),
(72307, 72300,  'Batang Onang'),
(72308, 72300,  'Dolok'),
(72390, 72300,  'Hulu Sihapas'),
(72391, 72300,  'Halongonan Timur'),
(72392, 72300,  'Padang Bolak Tenggara'),
(72393, 72300,  'Ujung Batu'),
(72401, 72400,  'Barumun'),
(72402, 72400,  'Sosa'),
(72403, 72400,  'Barumun Tengah'),
(72404, 72400,  'Batang Lubu Sutam.'),
(72405, 72400,  'Huta Raja Tinggi'),
(72406, 72400,  'Lubuk Barumun'),
(72407, 72400,  'Huristak'),
(72408, 72400,  'Ulu Barumun'),
(72409, 72400,  'Sosopan'),
(72410, 72400,  'Barumun Selatan'),
(72411, 72400,  'Aek Nabara Barumun'),
(72412, 72400,  'Sihapas Barumun'),
(72501, 72500,  'Na. Ix-X'),
(72502, 72500,  'Aek Natas'),
(72503, 72500,  'Aek Kuo'),
(72504, 72500,  'Kualuh Hilir'),
(72505, 72500,  'Kualuh Selatan'),
(72506, 72500,  'Kualuh Hulu'),
(72507, 72500,  'Kualuh Leidong'),
(72508, 72500,  'Marbau'),
(72601, 72600,  'Sungai Kanan'),
(72602, 72600,  'Torgamba'),
(72603, 72600,  'Kota Pinang'),
(72604, 72600,  'Silangkitang'),
(72605, 72600,  'Kampung Rakyat'),
(72701, 72700,  'Lolofitu Moi'),
(72702, 72700,  'Sirombu'),
(72703, 72700,  'Lahomi'),
(72704, 72700,  'Mandrehe'),
(72705, 72700,  'Mandrehe Barat'),
(72706, 72700,  'Moro O'),
(72708, 72700,  'Ulu Moro O'),
(72709, 72700,  'Mandrehe Utara'),
(72801, 72800,  'Tuhemberua'),
(72802, 72800,  'Lotu'),
(72803, 72800,  'Sitolu Ori'),
(72804, 72800,  'Sawo'),
(72805, 72800,  'Alasa'),
(72806, 72800,  'Namohalu Esiwa'),
(72807, 72800,  'Alasa Talumuzoi'),
(72808, 72800,  'Tugala Oyo'),
(72809, 72800,  'Lahewa'),
(72810, 72800,  'Afulu'),
(72811, 72800,  'Lahewa Timur'),
(76001, 76000,  'Medan Tuntungan'),
(76002, 76000,  'Medan Johor'),
(76003, 76000,  'Medan Amplas'),
(76004, 76000,  'Medan Denai'),
(76005, 76000,  'Medan Area'),
(76006, 76000,  'Medan Kota'),
(76007, 76000,  'Medan Maimun'),
(76008, 76000,  'Medan Polonia'),
(76009, 76000,  'Medan Baru'),
(76010, 76000,  'Medan Selayang'),
(76011, 76000,  'Medan Sunggal'),
(76012, 76000,  'Medan Helvetia'),
(76013, 76000,  'Medan Petisah'),
(76014, 76000,  'Medan Barat'),
(76015, 76000,  'Medan Timur'),
(76016, 76000,  'Medan Perjuangan'),
(76017, 76000,  'Medan Tembung'),
(76018, 76000,  'Medan Deli'),
(76019, 76000,  'Medan Labuhan'),
(76020, 76000,  'Medan Marelan'),
(76021, 76000,  'Medan Kota Belawan'),
(76101, 76100,  'Binjai Selatan'),
(76102, 76100,  'Binjai Kota'),
(76103, 76100,  'Binjai Timur'),
(76104, 76100,  'Binjai Utara'),
(76105, 76100,  'Binjai Barat'),
(76201, 76200,  'Padang Hulu'),
(76202, 76200,  'Rambutan'),
(76203, 76200,  'Padang Hilir'),
(76204, 76200,  'Bajenis'),
(76205, 76200,  'Tebing Tinggi Kota'),
(76301, 76300,  'Siantar Marihat'),
(76302, 76300,  'Siantar Selatan'),
(76303, 76300,  'Siantar Barat'),
(76304, 76300,  'Siantar Utara'),
(76305, 76300,  'Siantar Timur'),
(76306, 76300,  'Siantar Martoba'),
(76307, 76300,  'Siantar Marimbun'),
(76308, 76300,  'Siantar Sitalasari'),
(76401, 76400,  'Datuk Bandar'),
(76402, 76400,  'Tanjung Balai Selatan'),
(76403, 76400,  'Tanjung Balai Utara'),
(76404, 76400,  'S. Tualang Raso'),
(76405, 76400,  'Teluk Nibung'),
(76406, 76400,  'Datuk Bandar Timur'),
(76501, 76500,  'Sibolga Utara'),
(76502, 76500,  'Sibolga Kota'),
(76503, 76500,  'Sibolga Selatan'),
(76504, 76500,  'Sibolga Sambas'),
(76601, 76600,  'Padang Sidimpuan Selatan'),
(76602, 76600,  'Padang Sidimpuan Utara'),
(76603, 76600,  'Batu Nadua'),
(76604, 76600,  'Hutaimbaru'),
(76605, 76600,  'Padang Sidimpuan Tenggara'),
(76606, 76600,  'Angkola Julu'),
(76701, 76700,  'Gunungsitoli Idanoi'),
(76702, 76700,  'Gunungsitoli Alooa'),
(76703, 76700,  'Gunungsitoli'),
(76704, 76700,  'Gunungsitoli Selatan'),
(76705, 76700,  'Gunungsitoli Barat'),
(76706, 76700,  'Gunungsitoli Utara'),
(80101, 80100,  'Tanjung Mutiara'),
(80102, 80100,  'Lubuk Basung'),
(80103, 80100,  'Tanjung Raya'),
(80104, 80100,  'Matur'),
(80105, 80100,  'Iv Koto'),
(80108, 80100,  'Baso'),
(80109, 80100,  'Tilatang Kamang'),
(80110, 80100,  'Palembayan'),
(80111, 80100,  'Palupuh'),
(80113, 80100,  'Sungai Pua'),
(80114, 80100,  'Candung'),
(80115, 80100,  'Kamang Magek'),
(80116, 80100,  'Banuhampu'),
(80117, 80100,  'Ampek Angkek'),
(80118, 80100,  'Malalak'),
(80119, 80100,  'Ampek Nagari'),
(80207, 80200,  'Bonjol'),
(80208, 80200,  'Lubuk Sikaping'),
(80210, 80200,  'Ii Koto'),
(80211, 80200,  'Panti'),
(80212, 80200,  'Kec.Tigo Nagari'),
(80213, 80200,  'Rao'),
(80214, 80200,  'Mapat Tunggul'),
(80215, 80200,  'Mapat Tunggul Selatan'),
(80216, 80200,  'Simpang Alahan Mati'),
(80217, 80200,  'Padang Gelugur'),
(80218, 80200,  'Rao Utara'),
(80219, 80200,  'Rao Selatan'),
(80301, 80300,  'Payakumbuh'),
(80302, 80300,  'Luak'),
(80303, 80300,  'Harau'),
(80304, 80300,  'Guguak'),
(80305, 80300,  'Suliki'),
(80306, 80300,  'Gunuang Omeh'),
(80307, 80300,  'Kapur Ix'),
(80308, 80300,  'Pangkalan Koto Baru'),
(80309, 80300,  'Bukik Barisan'),
(80310, 80300,  'Mungka'),
(80311, 80300,  'Akabiluru'),
(80312, 80300,  'Situjuah Limo Nagari'),
(80313, 80300,  'Lareh Sago Halaban'),
(80404, 80400,  'Pantai Cermin'),
(80405, 80400,  'Lembah Gumanti'),
(80406, 80400,  'Payung Sekaki'),
(80407, 80400,  'Lembang Jaya'),
(80408, 80400,  'Gunung Talang'),
(80409, 80400,  'Bukit Sundi'),
(80410, 80400,  'Kubung'),
(80411, 80400,  'Ix Koto Sungai Lasi'),
(80412, 80400,  'X Koto Diatas'),
(80413, 80400,  'X Koto Singkarak'),
(80414, 80400,  'Junjung Sirih'),
(80416, 80400,  'Hiliran Gumanti'),
(80417, 80400,  'Tigo Lurah'),
(80418, 80400,  'Danau Kembar'),
(80501, 80500,  'Batang Anai'),
(80502, 80500,  'Lubuk Alung'),
(80503, 80500,  'Ulakan Tapakis'),
(80504, 80500,  'Nan Sabaris'),
(80505, 80500,  '2 X 11 Vi Lingkung'),
(80506, 80500,  'Vii Koto Sungai Sarik'),
(80507, 80500,  'V Koto Kampung Dalam'),
(80508, 80500,  'Sungai Limau'),
(80509, 80500,  'Sungai Geringging'),
(80510, 80500,  'Iv Koto Aur Malintang'),
(80513, 80500,  'Batang Gasan'),
(80514, 80500,  'V Koto Timur'),
(80515, 80500,  'Patamuan'),
(80516, 80500,  'Padang Sago'),
(80517, 80500,  '2 X 11 Kayu Tanam'),
(80518, 80500,  'Sintuk Toboh Gadang'),
(80519, 80500,  'Vi Lingkung'),
(80601, 80600,  'Lunang'),
(80602, 80600,  'Basa Ampek Balai Tapan'),
(80603, 80600,  'Pancung Soal'),
(80604, 80600,  'Linggo Saribaganti'),
(80605, 80600,  'Ranah Pesisir'),
(80606, 80600,  'Lengayang'),
(80607, 80600,  'Sutera'),
(80608, 80600,  'Batang Kapas'),
(80609, 80600,  'Iv Jurai'),
(80610, 80600,  'Bayang'),
(80611, 80600,  'Koto Xi Terusan'),
(80612, 80600,  'Bayang Utara'),
(80613, 80600,  'Silaut'),
(80614, 80600,  'Ranah Ampek Hulu Tapan'),
(80615, 80600,  'Air Pura'),
(80701, 80700,  'X Koto'),
(80702, 80700,  'Batipuh'),
(80703, 80700,  'Pariangan'),
(80704, 80700,  'Rambatan'),
(80705, 80700,  'Lima Kaum'),
(80706, 80700,  'Tanjung Emas'),
(80707, 80700,  'Padang Ganting'),
(80708, 80700,  'Lintau Buo'),
(80709, 80700,  'Sungayang'),
(80710, 80700,  'Sungai Tarab'),
(80711, 80700,  'Salimpaung'),
(80712, 80700,  'Batipuh Selatan'),
(80713, 80700,  'Lintau Buo Utara'),
(80714, 80700,  'Tanjung Baru'),
(80805, 80800,  'Kamang Baru'),
(80806, 80800,  'Tanjung Gadang'),
(80807, 80800,  'Sijunjung'),
(80808, 80800,  'Iv Nagari'),
(80809, 80800,  'Kupitan'),
(80810, 80800,  'Koto Vii'),
(80811, 80800,  'Sumpur Kudus'),
(80812, 80800,  'Lubuk Tarok'),
(81001, 81000,  'Pagai Utara'),
(81002, 81000,  'Sipora Selatan'),
(81003, 81000,  'Siberut Selatan'),
(81004, 81000,  'Siberut Utara'),
(81005, 81000,  'Siberut Barat'),
(81006, 81000,  'Siberut Barat Daya'),
(81007, 81000,  'Siberut Tengah'),
(81008, 81000,  'Sipora Utara'),
(81009, 81000,  'Sikakap'),
(81010, 81000,  'Pagai Selatan'),
(81101, 81100,  'Sangir'),
(81102, 81100,  'Sungai Pagu'),
(81103, 81100,  'Koto Parik Gadang Diateh'),
(81104, 81100,  'Sangir Jujuan'),
(81105, 81100,  'Sangir Batang Hari'),
(81106, 81100,  'Pauh Duo'),
(81107, 81100,  'Sangir Balai Janggo'),
(81201, 81200,  'Sungai Rumbai'),
(81202, 81200,  'Koto Baru'),
(81203, 81200,  'Sitiung'),
(81204, 81200,  'Pulau Punjung'),
(81205, 81200,  'Sembilan Koto'),
(81206, 81200,  'Timpeh'),
(81207, 81200,  'Koto Salak'),
(81208, 81200,  'Tiumang'),
(81209, 81200,  'Padang Laweh'),
(81210, 81200,  'Asam Jujuhan'),
(81211, 81200,  'Koto Besar'),
(81301, 81300,  'Sungai Beremas'),
(81302, 81300,  'Ranah Batahan'),
(81303, 81300,  'Lembah Melintang'),
(81304, 81300,  'Gunung Tuleh'),
(81305, 81300,  'Pasaman'),
(81306, 81300,  'Kinali'),
(81307, 81300,  'Talamau'),
(81308, 81300,  'Koto Balingka'),
(81309, 81300,  'Luhak Nan Duo'),
(81310, 81300,  'Sasak Ranah Pesisir'),
(81311, 81300,  'Sungai Aur'),
(86001, 86000,  'Guguk Panjang'),
(86002, 86000,  'Mandiangin Koto Selayan'),
(86003, 86000,  'Aur Birugo Tigo Baleh'),
(86101, 86100,  'Bungus Teluk Kabung'),
(86102, 86100,  'Lubuk Kilangan'),
(86103, 86100,  'Lubuk Begalung'),
(86104, 86100,  'Padang Selatan'),
(86105, 86100,  'Padang Timur'),
(86106, 86100,  'Padang Barat'),
(86107, 86100,  'Padang Utara'),
(86108, 86100,  'Nanggalo'),
(86109, 86100,  'Kuranji'),
(86110, 86100,  'Pauh'),
(86111, 86100,  'Koto Tangah'),
(86201, 86200,  'Padang Panjang Barat'),
(86202, 86200,  'Padang Panjang Timur'),
(86301, 86300,  'Silungkang'),
(86302, 86300,  'Lembah Segar'),
(86303, 86300,  'Barangin'),
(86304, 86300,  'Talawi'),
(86401, 86400,  'Lubuk Sikarah'),
(86402, 86400,  'Tanjung Harapan'),
(86501, 86500,  'Payakumbuh Barat'),
(86502, 86500,  'Payakumbuh Timur'),
(86503, 86500,  'Payakumbuh Utara'),
(86504, 86500,  'Lamposi Tigo Nagori'),
(86505, 86500,  'Payakumbuh Selatan'),
(86601, 86600,  'Pariaman Selatan'),
(86602, 86600,  'Pariaman Tengah'),
(86603, 86600,  'Pariaman Utara'),
(86604, 86600,  'Pariaman Timur'),
(90101, 90100,  'Xiii Koto Kampar'),
(90102, 90100,  'Kampar Kiri'),
(90103, 90100,  'Kampar'),
(90104, 90100,  'Tambang'),
(90105, 90100,  'Bangkinang'),
(90106, 90100,  'Kuok'),
(90107, 90100,  'Siak Hulu'),
(90108, 90100,  'Tapung'),
(90109, 90100,  'Kampar Kiri Hulu'),
(90110, 90100,  'Kampar Kiri Hilir'),
(90111, 90100,  'Tapung Hulu'),
(90112, 90100,  'Tapung Hilir'),
(90114, 90100,  'Salo'),
(90115, 90100,  'Rumbio Jaya'),
(90116, 90100,  'Bangkinang Kota'),
(90117, 90100,  'Perhentian Raja'),
(90118, 90100,  'Kampa'),
(90119, 90100,  'Kampar Utara'),
(90120, 90100,  'Kampar Kiri Tengah'),
(90121, 90100,  'Gunung Sahilan'),
(90190, 90100,  'Koto Kampar Hulu'),
(90201, 90200,  'Mandau'),
(90205, 90200,  'Bengkalis'),
(90206, 90200,  'Bantan'),
(90207, 90200,  'Bukit Batu'),
(90208, 90200,  'Rupat'),
(90209, 90200,  'Rupat Utara'),
(90212, 90200,  'Siak Kecil'),
(90213, 90200,  'Pinggir'),
(90214, 90200,  'Bandar Laksamana'),
(90216, 90200,  'Bathin Solapan'),
(90217, 90200,  'Talang Muandau'),
(90401, 90400,  'Peranap'),
(90402, 90400,  'Pasir Penyu'),
(90403, 90400,  'Kelayang'),
(90404, 90400,  'Seberida'),
(90405, 90400,  'Rengat'),
(90406, 90400,  'Rengat Barat'),
(90407, 90400,  'Lirik'),
(90408, 90400,  'Batang Gansal'),
(90409, 90400,  'Batang Cenaku'),
(90410, 90400,  'Batang Peranap'),
(90411, 90400,  'Lubuk Batu Jaya'),
(90412, 90400,  'Sei Lala'),
(90413, 90400,  'Rakit Kulim'),
(90414, 90400,  'Kuala Cenaku'),
(90501, 90500,  'Keritang'),
(90502, 90500,  'Reteh'),
(90503, 90500,  'Enok'),
(90504, 90500,  'Tanah Merah'),
(90505, 90500,  'Kuala Indragiri'),
(90506, 90500,  'Tembilahan'),
(90507, 90500,  'Tempuling'),
(90508, 90500,  'Batang Tuaka'),
(90509, 90500,  'Gaung Anak Serka'),
(90510, 90500,  'Gaung'),
(90511, 90500,  'Mandah'),
(90512, 90500,  'Kateman'),
(90513, 90500,  'Kemuning'),
(90514, 90500,  'Pelangiran'),
(90515, 90500,  'Pulau Burung'),
(90516, 90500,  'Teluk Belengkong'),
(90517, 90500,  'Tembilahan Hulu'),
(90518, 90500,  'Concong'),
(90519, 90500,  'Kempas'),
(90520, 90500,  'Sungai Batang'),
(90801, 90800,  'Langgam'),
(90802, 90800,  'Pangkalan Kuras'),
(90803, 90800,  'Bunut'),
(90804, 90800,  'Kuala Kampar'),
(90805, 90800,  'Pangkalan Kerinci'),
(90806, 90800,  'Ukui'),
(90807, 90800,  'Pangkalan Lesung'),
(90808, 90800,  'Kerumutan'),
(90809, 90800,  'Pelalawan'),
(90810, 90800,  'Teluk Meranti'),
(90811, 90800,  'Bandar Sei Kijang'),
(90812, 90800,  'Bandar Petalangan'),
(90901, 90900,  'Ujung Batu'),
(90902, 90900,  'Rokan Iv Koto'),
(90903, 90900,  'Rambah'),
(90904, 90900,  'Tambusai'),
(90905, 90900,  'Kepenuhan'),
(90906, 90900,  'Kunto Darussalam'),
(90907, 90900,  'Rambah Samo'),
(90908, 90900,  'Rambah Hilir'),
(90909, 90900,  'Tambusai Utara'),
(90910, 90900,  'Bangun Purba'),
(90911, 90900,  'Tandun'),
(90912, 90900,  'Kabun'),
(90913, 90900,  'Bonai Darussalam'),
(90914, 90900,  'Pagaran Tapah Darussalam'),
(90916, 90900,  'Pendalian Iv Koto'),
(90917, 90900,  'Kepenuhan Hulu'),
(91001, 91000,  'Kubu'),
(91002, 91000,  'Bangko'),
(91003, 91000,  'Tanah Putih'),
(91004, 91000,  'Rimba Melintang'),
(91005, 91000,  'Bagan Sinembah'),
(91006, 91000,  'Pasir Limau Kapas'),
(91007, 91000,  'Sinaboi'),
(91008, 91000,  'Tanah Pth Tanjung Melawan'),
(91009, 91000,  'Pujud'),
(91010, 91000,  'Bangko Pusako'),
(91011, 91000,  'Simpang Kanan'),
(91012, 91000,  'Batu Hampar'),
(91013, 91000,  'Rantau Kopar'),
(91014, 91000,  'Pekaitan'),
(91015, 91000,  'Kubu Babussalam'),
(91016, 91000,  'Bagan Sinembah Raya'),
(91017, 91000,  'Balai Jaya'),
(91018, 91000,  'Tanjung Medan'),
(91101, 91100,  'Minas'),
(91102, 91100,  'Siak'),
(91103, 91100,  'Sungai Apit'),
(91104, 91100,  'Tualang'),
(91105, 91100,  'Kerinci Kanan'),
(91106, 91100,  'Dayun'),
(91107, 91100,  'Bunga Raya'),
(91108, 91100,  'Sungai Mandau'),
(91109, 91100,  'Kandis'),
(91110, 91100,  'Lubuk Dalam'),
(91111, 91100,  'Koto Gasib'),
(91112, 91100,  'Pusako'),
(91113, 91100,  'Sabak Auh'),
(91115, 91100,  'Mempura'),
(91401, 91400,  'Kuantan Mudik'),
(91402, 91400,  'Kuantan Tengah'),
(91403, 91400,  'Benai'),
(91404, 91400,  'Singingi'),
(91405, 91400,  'Kuantan Hilir'),
(91406, 91400,  'Cerenti'),
(91407, 91400,  'Pangean'),
(91408, 91400,  'Logas Tanah Darat'),
(91409, 91400,  'Inuman'),
(91410, 91400,  'Singingi Hilir'),
(91411, 91400,  'Hulu Kuantan'),
(91412, 91400,  'Gunung Toar'),
(91413, 91400,  'Kuantan Hilir Seberang'),
(91414, 91400,  'Sentajo Raya'),
(91415, 91400,  'Pucuk Rantau'),
(91501, 91500,  'Merbau'),
(91502, 91500,  'Rangsang'),
(91503, 91500,  'Rangsang Barat'),
(91504, 91500,  'Tebing Tinggi'),
(91505, 91500,  'Tebing Tinggi Barat'),
(91506, 91500,  'Tasik Putri Puyu'),
(91507, 91500,  'Pulau Merbau'),
(91508, 91500,  'Tebing Tinggi Timur'),
(91509, 91500,  'Rangsang Pesisir'),
(96001, 96000,  'Tampan'),
(96002, 96000,  'Bukit Raya'),
(96003, 96000,  'Lima Puluh'),
(96004, 96000,  'Sail'),
(96005, 96000,  'Pekanbaru Kota'),
(96006, 96000,  'Sukajadi'),
(96007, 96000,  'Senapelan'),
(96008, 96000,  'Rumbai'),
(96009, 96000,  'Tenayan Raya'),
(96010, 96000,  'Marpoyan Damai'),
(96011, 96000,  'Rumbai Pesisir'),
(96012, 96000,  'Payung Sekaki'),
(96201, 96200,  'Bukit Kapur'),
(96202, 96200,  'Dumai Barat'),
(96203, 96200,  'Dumai Timur'),
(96204, 96200,  'Medang Kampai'),
(96205, 96200,  'Sungai Sembilan'),
(96206, 96200,  'Dumai Kota'),
(96207, 96200,  'Dumai Selatan'),
(100101,  100100, 'Mersam'),
(100102,  100100, 'Muara Tembesi'),
(100103,  100100, 'Batin Xxiv'),
(100104,  100100, 'Muara Bulian'),
(100105,  100100, 'Pemayung'),
(100106,  100100, 'Maro Sebo Ulu'),
(100107,  100100, 'Bajubang'),
(100108,  100100, 'Maro Sebo Ilir'),
(100201,  100200, 'Tanah Tumbuh'),
(100202,  100200, 'Tanah Sepenggal'),
(100203,  100200, 'Jujuhan'),
(100204,  100200, 'Rantau Pandan'),
(100205,  100200, 'Pasar Muara Bungo'),
(100206,  100200, 'Pelepat'),
(100208,  100200, 'Pelepat Ilir'),
(100209,  100200, 'Limbur Lubuk Mengkuang'),
(100210,  100200, 'Bathin Ii Babeko'),
(100211,  100200, 'Muko Muko Batin Vii'),
(100212,  100200, 'Bungo Dani'),
(100213,  100200, 'Bathin Iii'),
(100214,  100200, 'Bathin Iii Ulu'),
(100216,  100200, 'Bathin Ii Pelayang'),
(100217,  100200, 'Jujuhan Ilir'),
(100218,  100200, 'Rimbo Tengah'),
(100299,  100200, 'Tanah Sepenggal Lintas'),
(100301,  100300, 'Batang Asai'),
(100302,  100300, 'Limun'),
(100303,  100300, 'Sarolangun'),
(100304,  100300, 'Pelawan'),
(100305,  100300, 'Pauh'),
(100306,  100300, 'Mandiangin'),
(100307,  100300, 'Air Hitam'),
(100308,  100300, 'Bathin Viii'),
(100309,  100300, 'Singkut'),
(100310,  100300, 'Cermin Nan Gedang'),
(100401,  100400, 'Tungkal Ulu'),
(100402,  100400, 'Pengabuan'),
(100403,  100400, 'Tungkal Ilir'),
(100404,  100400, 'Betara'),
(100405,  100400, 'Merlung'),
(100406,  100400, 'Batang Asam'),
(100407,  100400, 'Tebing Tinggi'),
(100408,  100400, 'Renah Mendaluh'),
(100409,  100400, 'Muara Papalik'),
(100410,  100400, 'Senyerang'),
(100411,  100400, 'Bram Itam'),
(100412,  100400, 'Seberang Kota'),
(100413,  100400, 'Kuala Betara'),
(100501,  100500, 'Gunung Raya'),
(100502,  100500, 'Batang Merangin'),
(100503,  100500, 'Keliling Danau'),
(100504,  100500, 'Danau Kerinci'),
(100505,  100500, 'Sitinjau Laut'),
(100507,  100500, 'Air Hangat'),
(100508,  100500, 'Gunung Kerinci'),
(100509,  100500, 'Kayu Aro'),
(100511,  100500, 'Air Hangat Timur'),
(100515,  100500, 'Gunung Tujuh'),
(100516,  100500, 'Siulak'),
(100517,  100500, 'Depati Tujuh'),
(100518,  100500, 'Bukit Kerman'),
(100519,  100500, 'Air Hangat Barat'),
(100520,  100500, 'Siulak Mukai'),
(100521,  100500, 'Kayu Aro Barat'),
(100601,  100600, 'Rimbo Bujang'),
(100602,  100600, 'Tebo Ilir'),
(100603,  100600, 'Tebo Tengah'),
(100604,  100600, 'Tebo Ulu'),
(100605,  100600, 'Sumay'),
(100606,  100600, 'Vii Koto'),
(100607,  100600, 'Rimbo Ilir'),
(100608,  100600, 'Rimbo Ulu'),
(100609,  100600, 'Tengah Ilir'),
(100610,  100600, 'Serai Serumpun'),
(100611,  100600, 'Vii Koto Ilir'),
(100612,  100600, 'Muara Tabir'),
(100701,  100700, 'Jambi Luar Kota'),
(100702,  100700, 'Mestong'),
(100703,  100700, 'Kumpeh Ulu'),
(100704,  100700, 'Sekernan'),
(100705,  100700, 'Maro Sebo'),
(100706,  100700, 'Kumpeh'),
(100707,  100700, 'Sungai Bahar'),
(100708,  100700, 'Sungai Gelam'),
(100709,  100700, 'Bahar Utara'),
(100710,  100700, 'Bahar Selatan'),
(100711,  100700, 'Taman Rajo'),
(100802,  100800, 'Mendahara'),
(100803,  100800, 'Dendang'),
(100804,  100800, 'Nipah Panjang'),
(100805,  100800, 'Rantau Rasau'),
(100806,  100800, 'Sadu'),
(100807,  100800, 'Mendahara Ulu'),
(100808,  100800, 'Geragai'),
(100809,  100800, 'Muara Sabak Barat'),
(100811,  100800, 'Kuala Jambi'),
(100812,  100800, 'Berbak'),
(100890,  100800, 'Muara Sabak Timur'),
(100901,  100900, 'Jangkat'),
(100902,  100900, 'Bangko'),
(100903,  100900, 'Pamenang'),
(100904,  100900, 'Muara Siau'),
(100905,  100900, 'Sungai Manau'),
(100906,  100900, 'Tabir'),
(100907,  100900, 'Tabir Ulu'),
(100909,  100900, 'Lembah Masurai'),
(100910,  100900, 'Tabir Selatan'),
(100911,  100900, 'Bangko Barat'),
(100912,  100900, 'Nalo Tantan'),
(100913,  100900, 'Batang Masumai'),
(100914,  100900, 'Pamenang Barat'),
(100915,  100900, 'Tabir Ilir'),
(100916,  100900, 'Tabir Timur'),
(100917,  100900, 'Renah Pemparap'),
(100918,  100900, 'Pangkalan Jambu'),
(100919,  100900, 'Jangkat Timur'),
(100920,  100900, 'Tiang Pumpung'),
(100921,  100900, 'Renah Pamenang'),
(100922,  100900, 'Pamenang Selatan'),
(100923,  100900, 'Tabir Lintas'),
(100924,  100900, 'Margo Tabir'),
(100925,  100900, 'Tabir Barat'),
(106001,  106000, 'Kota Baru'),
(106002,  106000, 'Jambi Selatan'),
(106003,  106000, 'Jelutung'),
(106004,  106000, 'Pasar Jambi'),
(106005,  106000, 'Telanai Pura'),
(106006,  106000, 'Danau Teluk'),
(106007,  106000, 'Pelayangan'),
(106008,  106000, 'Jambi Timur'),
(106009,  106000, 'Alam Barajo'),
(106010,  106000, 'Danau Sipin'),
(106011,  106000, 'Paal Merah'),
(106101,  106100, 'Tanah Kampung'),
(106102,  106100, 'Sungai Penuh'),
(106103,  106100, 'Hamparan Rawang'),
(106104,  106100, 'Pesisir Bukit'),
(106105,  106100, 'Kumun Debai'),
(106106,  106100, 'Pondok Tinggi'),
(106107,  106100, 'Koto Baru'),
(106108,  106100, 'Sungai Bungkal'),
(110101,  110100, 'Sanga Desa'),
(110102,  110100, 'Babat Toman'),
(110103,  110100, 'Sungai Keruh'),
(110104,  110100, 'Sekayu'),
(110109,  110100, 'Sungai Lilin'),
(110110,  110100, 'Bayung Lencir'),
(110111,  110100, 'Lais'),
(110112,  110100, 'Batanghari Leko'),
(110113,  110100, 'Keluang'),
(110116,  110100, 'Plakat Tinggi'),
(110117,  110100, 'Lalan'),
(110118,  110100, 'Tungkal Jaya'),
(110119,  110100, 'Lawang Wetan'),
(110120,  110100, 'Babat Supat'),
(110201,  110200, 'Lempuing'),
(110202,  110200, 'Mesuji'),
(110203,  110200, 'Tulung Selapan'),
(110204,  110200, 'Pedamaran'),
(110205,  110200, 'Tanjung Lubuk'),
(110206,  110200, 'Kota Kayu Agung'),
(110212,  110200, 'Sirah Pulau Padang'),
(110213,  110200, 'Pampangan'),
(110214,  110200, 'Air Sugihan'),
(110216,  110200, 'Cengal'),
(110218,  110200, 'Jejawi'),
(110220,  110200, 'Sungai Menang'),
(110221,  110200, 'Lempuing Jaya'),
(110222,  110200, 'Mesuji Makmur'),
(110223,  110200, 'Mesuji Raya'),
(110224,  110200, 'Pedamaran Timur'),
(110225,  110200, 'Teluk Gelam'),
(110226,  110200, 'Pangkalan Lapam'),
(110307,  110300, 'Sosoh Buay Rayap'),
(110308,  110300, 'Pengandonan'),
(110309,  110300, 'Peninjauan'),
(110317,  110300, 'Lubuk Batang'),
(110320,  110300, 'Ulu Ogan'),
(110321,  110300, 'Semidang Aji'),
(110322,  110300, 'Lengkiti'),
(110371,  110300, 'Baturaja Timur'),
(110372,  110300, 'Baturaja Barat'),
(110373,  110300, 'Sinar Peninjauan'),
(110374,  110300, 'Lubuk Raja'),
(110375,  110300, 'Muara Jaya'),
(110376,  110300, 'Kedaton Peninjauan Raya'),
(110401,  110400, 'Semende Darat Laut'),
(110402,  110400, 'Tanjung Agung'),
(110403,  110400, 'Lawang Kidul'),
(110404,  110400, 'Muara Enim'),
(110405,  110400, 'Gunung Megang'),
(110407,  110400, 'Gelumbang'),
(110409,  110400, 'Sungai Rotan'),
(110410,  110400, 'Lembak'),
(110411,  110400, 'Benakat'),
(110412,  110400, 'Ujan Mas'),
(110416,  110400, 'Lubai'),
(110417,  110400, 'Rambang'),
(110419,  110400, 'Semende Darat Ulu'),
(110420,  110400, 'Semende Darat Tengah'),
(110422,  110400, 'Rambang Dangku'),
(110424,  110400, 'Kelekar'),
(110425,  110400, 'Muara Belida'),
(110432,  110400, 'Lubai Ulu'),
(110433,  110400, 'Belimbing'),
(110435,  110400, 'Belida Darat'),
(110504,  110500, 'Kota Agung'),
(110505,  110500, 'Pulau Pinang'),
(110506,  110500, 'Jarai'),
(110511,  110500, 'Kikim Timur'),
(110512,  110500, 'Lahat'),
(110514,  110500, 'Mulak Ulu'),
(110515,  110500, 'Pajar Bulan'),
(110519,  110500, 'Kikim Selatan'),
(110520,  110500, 'Kikim Barat'),
(110521,  110500, 'Kikim Tengah'),
(110522,  110500, 'Tanjung Sakti Pumi'),
(110523,  110500, 'Tanjung Sakti Pumu'),
(110524,  110500, 'Merapi Barat'),
(110526,  110500, 'Pseksu'),
(110527,  110500, 'Gumay Talang'),
(110528,  110500, 'Pagar Gunung'),
(110529,  110500, 'Merapi Timur'),
(110530,  110500, 'Gumay Ulu'),
(110531,  110500, 'Merapi Selatan'),
(110532,  110500, 'Tanjung Tebat'),
(110533,  110500, 'Muara Payang'),
(110534,  110500, 'Sukamerindu'),
(110603,  110600, 'Stl Ulu Terawas'),
(110604,  110600, 'Tugu Mulyo'),
(110605,  110600, 'Muara Beliti'),
(110606,  110600, 'Jayaloka'),
(110607,  110600, 'Muara Kelingi'),
(110608,  110600, 'Muara Lakitan'),
(110609,  110600, 'Megang Sakti'),
(110611,  110600, 'Purwodadi'),
(110612,  110600, 'Selangit'),
(110615,  110600, 'Bulan Tengah Suku Ulu'),
(110619,  110600, 'Tiang Pumpung Kepungut'),
(110620,  110600, 'Sumber Harta'),
(110621,  110600, 'Tuah Negeri'),
(110622,  110600, 'Suka Karya'),
(110701,  110700, 'Rantau Bayur'),
(110702,  110700, 'Talang Kelapa'),
(110703,  110700, 'Banyuasin Iii'),
(110704,  110700, 'Betung'),
(110705,  110700, 'Makarti Jaya'),
(110706,  110700, 'Banyuasin I'),
(110707,  110700, 'Banyuasin Ii'),
(110709,  110700, 'Rambutan'),
(110710,  110700, 'Muara Telang'),
(110711,  110700, 'Muara Padang'),
(110712,  110700, 'Tanjung Lago'),
(110713,  110700, 'Muara Sugihan'),
(110714,  110700, 'Air Salek'),
(110715,  110700, 'Tungkal Ilir'),
(110716,  110700, 'Suak Tapeh'),
(110717,  110700, 'Pulau Rimau'),
(110718,  110700, 'Sembawa'),
(110719,  110700, 'Sumber Marga Telang'),
(110720,  110700, 'Air Kumbang'),
(110801,  110800, 'Martapura'),
(110802,  110800, 'Buay Madang'),
(110803,  110800, 'Cempaka'),
(110804,  110800, 'Madang Suku I'),
(110805,  110800, 'Madang Suku Ii'),
(110807,  110800, 'Belitang Ii'),
(110808,  110800, 'Belitang Iii'),
(110809,  110800, 'Buay Pemuka Peliung'),
(110810,  110800, 'Semendawai Suku Iii'),
(110811,  110800, 'Bunga Mayang'),
(110812,  110800, 'Buay Madang Timur'),
(110813,  110800, 'Madang Suku Iii'),
(110814,  110800, 'Semendawai Barat'),
(110815,  110800, 'Semendawai Timur'),
(110816,  110800, 'Jayapura'),
(110817,  110800, 'Belitang Jaya'),
(110818,  110800, 'Belitang Madang Raya'),
(110819,  110800, 'Belitang Mulya'),
(110820,  110800, 'Buay Pemuka Bangsa Raja'),
(110890,  110800, 'Belitang'),
(110901,  110900, 'Banding Agung'),
(110902,  110900, 'Pulau Beringin'),
(110903,  110900, 'Muaradua Kisam'),
(110904,  110900, 'Muaradua'),
(110905,  110900, 'Simpang'),
(110906,  110900, 'Buay Sandang Aji'),
(110907,  110900, 'Buay Runjung'),
(110908,  110900, 'Buay Pemaca'),
(110909,  110900, 'Mekakau Ilir'),
(110910,  110900, 'Kisam Tinggi'),
(110911,  110900, 'Kisam Ilir'),
(110912,  110900, 'Buay Pmatng Rbu Rnau Tngh'),
(110913,  110900, 'Warkuk Ranau Selatan'),
(110914,  110900, 'Runjung Agung'),
(110915,  110900, 'Sungai Are'),
(110916,  110900, 'Sidang Danau'),
(110917,  110900, 'Buana Pemaca'),
(110918,  110900, 'Tiga Dihaji'),
(110919,  110900, 'Buay Rawan'),
(111001,  111000, 'Tanjung Raja'),
(111002,  111000, 'Muara Kuang'),
(111003,  111000, 'Tanjung Batu'),
(111004,  111000, 'Indralaya'),
(111005,  111000, 'Pemulutan'),
(111006,  111000, 'Rantau Alai'),
(111007,  111000, 'Rambang Kuang'),
(111008,  111000, 'Lubuk Keliat'),
(111009,  111000, 'Payaraman'),
(111010,  111000, 'Kandis'),
(111011,  111000, 'Pemulutan Selatan'),
(111012,  111000, 'Pemulutan Barat'),
(111013,  111000, 'Indralaya Selatan'),
(111014,  111000, 'Indralaya Utara'),
(111015,  111000, 'Rantau Panjang'),
(111016,  111000, 'Sungai Pinang'),
(111101,  111100, 'Lintang Kanan'),
(111102,  111100, 'Muara Pinang'),
(111103,  111100, 'Pendopo'),
(111104,  111100, 'Ulu Musi'),
(111105,  111100, 'Tebing Tinggi'),
(111106,  111100, 'Talang Padang'),
(111107,  111100, 'Pasemah Air Keruh'),
(111108,  111100, 'Sikap Dalam'),
(111109,  111100, 'Saling'),
(111110,  111100, 'Pendopo Barat'),
(111221,  111200, 'Penukal Utara'),
(111223,  111200, 'Abab'),
(111224,  111200, 'Tanah Abang'),
(111225,  111200, 'Talang Ubi'),
(111226,  111200, 'Penukal'),
(111301,  111300, 'Rupit'),
(111302,  111300, 'Rawas Ulu'),
(111303,  111300, 'Nibung'),
(111304,  111300, 'Rawas Iilir'),
(111305,  111300, 'Karang Dapo'),
(111306,  111300, 'Karang Jaya'),
(111307,  111300, 'Ulu Rawas'),
(116001,  116000, 'Ilir Barat Ii'),
(116002,  116000, 'Seberang Ulu I'),
(116003,  116000, 'Seberang Ulu Ii'),
(116004,  116000, 'Ilir Barat I'),
(116005,  116000, 'Ilir Timur I'),
(116006,  116000, 'Ilir Timur Ii'),
(116007,  116000, 'Sako'),
(116008,  116000, 'Sukarami'),
(116009,  116000, 'Kemuning'),
(116010,  116000, 'Plaju'),
(116011,  116000, 'Kertapati'),
(116012,  116000, 'Gandus'),
(116013,  116000, 'Bukit Kecil'),
(116014,  116000, 'Kalidoni'),
(116015,  116000, 'Alang-Alang Lebar'),
(116016,  116000, 'Sematang Borang'),
(116017,  116000, 'Ilir Timur Iii'),
(116018,  116000, 'Jakabaring'),
(116103,  116100, 'Prabumulih Timur'),
(116104,  116100, 'Prabumulih Barat'),
(116105,  116100, 'Cambai'),
(116106,  116100, 'Rambang Kapak Tengah'),
(116107,  116100, 'Prabumulih Utara'),
(116108,  116100, 'Prabumulih Selatan'),
(116201,  116200, 'Lubuk Linggau Barat I'),
(116202,  116200, 'Lubuk Linggau Timur I'),
(116203,  116200, 'Lubuk Linggau Selatan I'),
(116204,  116200, 'Lubuk Linggau Utara I'),
(116205,  116200, 'Lubuk Linggau Barat Ii'),
(116206,  116200, 'Lubuk Linggau Timur Ii'),
(116207,  116200, 'Lubuk Linggau Selatan Ii'),
(116208,  116200, 'Lubuk Linggau Utara Ii'),
(116301,  116300, 'Pagar Alam Utara'),
(116302,  116300, 'Pagar Alam Selatan'),
(116303,  116300, 'Dempo Utara'),
(116304,  116300, 'Dempo Selatan'),
(116305,  116300, 'Dempo Tengah'),
(120106,  120100, 'Natar'),
(120107,  120100, 'Jati Agung'),
(120108,  120100, 'Tanjung Bintang'),
(120109,  120100, 'Katibung'),
(120110,  120100, 'Sidomulyo'),
(120112,  120100, 'Palas'),
(120113,  120100, 'Penengahan'),
(120116,  120100, 'Merbau Mataram'),
(120117,  120100, 'Candipuro'),
(120118,  120100, 'Rajabasa'),
(120119,  120100, 'Sragi'),
(120120,  120100, 'Ketapang'),
(120122,  120100, 'Bakauheni'),
(120123,  120100, 'Tanjung Sari'),
(120124,  120100, 'Way Sulan'),
(120125,  120100, 'Way Panji'),
(120126,  120100, 'Kalianda'),
(120201,  120200, 'Padang Ratu'),
(120202,  120200, 'Kalirejo'),
(120203,  120200, 'Bangunrejo'),
(120204,  120200, 'Gunung Sugih'),
(120205,  120200, 'Trimurjo'),
(120206,  120200, 'Punggur'),
(120207,  120200, 'Seputih Raman'),
(120208,  120200, 'Terbanggi Besar'),
(120209,  120200, 'Terusan Nunyai'),
(120210,  120200, 'Seputih Mataram'),
(120211,  120200, 'Seputih Banyak'),
(120212,  120200, 'Rumbia'),
(120213,  120200, 'Seputih Surabaya'),
(120214,  120200, 'Bumi Ratu Nuban'),
(120215,  120200, 'Way Pengubuan'),
(120216,  120200, 'Seputih Agung'),
(120217,  120200, 'Bandar Mataram'),
(120218,  120200, 'Sendang Agung'),
(120219,  120200, 'Anak Tuha'),
(120220,  120200, 'Pubian'),
(120221,  120200, 'Bandar Surabaya'),
(120222,  120200, 'Bumi Nabung'),
(120223,  120200, 'Way Seputih'),
(120224,  120200, 'Kota Gajah'),
(120225,  120200, 'Selagai Lingga'),
(120226,  120200, 'Bekri'),
(120227,  120200, 'Anak Ratu Aji'),
(120228,  120200, 'Putra Rumbia'),
(120301,  120300, 'Bukit Kemuning'),
(120302,  120300, 'Tanjung Raja'),
(120303,  120300, 'Abung Barat'),
(120304,  120300, 'Kotabumi'),
(120305,  120300, 'Abung Selatan'),
(120306,  120300, 'Abung Timur'),
(120307,  120300, 'Sungkai Selatan'),
(120308,  120300, 'Sungkai Utara'),
(120309,  120300, 'Abung Tinggi'),
(120310,  120300, 'Abung Tengah'),
(120311,  120300, 'Kotabumi Utara'),
(120312,  120300, 'Kotabumi Selatan'),
(120313,  120300, 'Abung Semuli'),
(120314,  120300, 'Abung Surakarta'),
(120315,  120300, 'Muara Sungkai'),
(120316,  120300, 'Bunga Mayang'),
(120317,  120300, 'Hulu Sungkai'),
(120318,  120300, 'Sungkai Tengah'),
(120319,  120300, 'Abung Pekurun'),
(120320,  120300, 'Sungkai Jaya'),
(120321,  120300, 'Sungkai Barat'),
(120322,  120300, 'Abung Kunang'),
(120323,  120300, 'Blambangan Pagar'),
(120404,  120400, 'Balik Bukit'),
(120405,  120400, 'Belalau'),
(120406,  120400, 'Sumber Jaya'),
(120407,  120400, 'Sekincau'),
(120409,  120400, 'Batu Brak'),
(120412,  120400, 'Waytenong'),
(120413,  120400, 'Sukau'),
(120414,  120400, 'Suoh'),
(120415,  120400, 'Gedung Surian'),
(120491,  120400, 'Lumbok Seminung'),
(120492,  120400, 'Kebun Tebu'),
(120493,  120400, 'Air Hitam'),
(120494,  120400, 'Batu Ketulis'),
(120495,  120400, 'Bandar Negeri Suoh'),
(120499,  120400, 'Pagar Dewa'),
(120503,  120500, 'Banjar Agung'),
(120504,  120500, 'Gedung Aji'),
(120505,  120500, 'Menggala'),
(120509,  120500, 'Penawartama'),
(120513,  120500, 'Rawajitu Selatan'),
(120514,  120500, 'Gedung Meneng'),
(120519,  120500, 'Banjar Margo'),
(120520,  120500, 'Penawar Aji'),
(120521,  120500, 'Rawa Pitu'),
(120522,  120500, 'Rawajitu Timur'),
(120525,  120500, 'Meraksa Aji'),
(120526,  120500, 'Gedung Aji Baru'),
(120527,  120500, 'Dente Teladas'),
(120528,  120500, 'Banjar Baru'),
(120529,  120500, 'Menggala Timur'),
(120601,  120600, 'Wonosobo'),
(120602,  120600, 'Kota Agung'),
(120603,  120600, 'Pulau Panggung'),
(120604,  120600, 'Talang Padang'),
(120605,  120600, 'Pugung'),
(120611,  120600, 'Cukuh Balak'),
(120612,  120600, 'Pematang Sawa'),
(120613,  120600, 'Sumberejo'),
(120614,  120600, 'Semaka'),
(120615,  120600, 'Ulu Belu'),
(120617,  120600, 'Kelumbayan'),
(120618,  120600, 'Kota Agung Barat'),
(120619,  120600, 'Kota Agung Timur'),
(120620,  120600, 'Gisting'),
(120621,  120600, 'Gunung Alip'),
(120624,  120600, 'Limau'),
(120625,  120600, 'Bandar Negeri Semuong'),
(120626,  120600, 'Air Naningan'),
(120627,  120600, 'Bulok'),
(120628,  120600, 'Kelumbayan Barat'),
(120701,  120700, 'Metro Kibang'),
(120702,  120700, 'Batanghari'),
(120703,  120700, 'Sekampung'),
(120704,  120700, 'Margatiga'),
(120705,  120700, 'Sekampung Udik'),
(120706,  120700, 'Jabung'),
(120707,  120700, 'Labuhan Maringgai'),
(120708,  120700, 'Way Jepara'),
(120709,  120700, 'Sukadana'),
(120710,  120700, 'Pekalongan'),
(120711,  120700, 'Raman Utara'),
(120712,  120700, 'Purbolinggo'),
(120713,  120700, 'Bumi Agung'),
(120716,  120700, 'Braja Selebah'),
(120717,  120700, 'Bandar Sribhawono'),
(120718,  120700, 'Mataram Baru'),
(120719,  120700, 'Melinting'),
(120720,  120700, 'Gunung Pelindung'),
(120721,  120700, 'Waway Karya'),
(120722,  120700, 'Pasir Sakti'),
(120723,  120700, 'Labuhan Ratu'),
(120724,  120700, 'Batanghari Nuban'),
(120725,  120700, 'Way Bungur'),
(120726,  120700, 'Marga Sekampung'),
(120801,  120800, 'Banjit'),
(120802,  120800, 'Baradatu'),
(120803,  120800, 'Kasui'),
(120804,  120800, 'Blambangan Umpu'),
(120805,  120800, 'Bahuga'),
(120806,  120800, 'Pakuan Ratu'),
(120807,  120800, 'Gunung Labuhan'),
(120808,  120800, 'Rebang Tangkas'),
(120809,  120800, 'Way Tuba'),
(120810,  120800, 'Negeri Agung'),
(120811,  120800, 'Negara Batin'),
(120812,  120800, 'Negeri Besar'),
(120813,  120800, 'Buay Bahuga'),
(120814,  120800, 'Bumi Agung'),
(120901,  120900, 'Padang Cermin'),
(120902,  120900, 'Punduh Pedada'),
(120903,  120900, 'Kedondong'),
(120904,  120900, 'Way Lima'),
(120905,  120900, 'Gedung Tataan'),
(120906,  120900, 'Negeri Katon'),
(120907,  120900, 'Tegineneng'),
(120908,  120900, 'Marga Punduh'),
(120909,  120900, 'Way Khilau'),
(120910,  120900, 'Teluk Pandan'),
(120911,  120900, 'Way Ratai'),
(121001,  121000, 'Pagelaran'),
(121002,  121000, 'Sukoharjo'),
(121003,  121000, 'Adiluwih'),
(121004,  121000, 'Banyumas'),
(121005,  121000, 'Pringsewu'),
(121006,  121000, 'Ambarawa'),
(121007,  121000, 'Gadingrejo'),
(121008,  121000, 'Pardasuka'),
(121009,  121000, 'Pagelaran Utara'),
(121101,  121100, 'Mesuji'),
(121102,  121100, 'Tanjung Raya'),
(121103,  121100, 'Rawajitu Utara'),
(121104,  121100, 'Mesuji Timur'),
(121105,  121100, 'Simpang Pematang'),
(121106,  121100, 'Way Serdang'),
(121107,  121100, 'Panca Jaya'),
(121201,  121200, 'Tulang Bawang Udik'),
(121202,  121200, 'Tumijajar'),
(121203,  121200, 'Tulang Bawang Tengah'),
(121204,  121200, 'Lambu Kibang'),
(121205,  121200, 'Pagar Dewa'),
(121206,  121200, 'Way Kenanga'),
(121207,  121200, 'Gunung Terang'),
(121208,  121200, 'Gunung Agung'),
(121209,  121200, 'Batu Putih'),
(121301,  121300, 'Bangkunat'),
(121331,  121300, 'Pesisir Selatan'),
(121332,  121300, 'Ngambur'),
(121333,  121300, 'Lemong'),
(121334,  121300, 'Ngaras'),
(121335,  121300, 'Karyapenggawa'),
(121336,  121300, 'Pesisir Tengah'),
(121337,  121300, 'Pesisir Utara'),
(121338,  121300, 'Krui Selatan'),
(121339,  121300, 'Pulau Pisang'),
(121340,  121300, 'Way Krui'),
(126001,  126000, 'Teluk Betung Barat'),
(126002,  126000, 'Teluk Betung Selatan'),
(126003,  126000, 'Panjang'),
(126004,  126000, 'Tanjung Karang Timur'),
(126005,  126000, 'Teluk Betung Utara'),
(126006,  126000, 'Tanjung Karang Pusat'),
(126007,  126000, 'Tanjung Karang Barat'),
(126008,  126000, 'Kedaton'),
(126009,  126000, 'Sukarame'),
(126010,  126000, 'Kemiling'),
(126011,  126000, 'Rajabasa'),
(126012,  126000, 'Tanjung Senang'),
(126013,  126000, 'Sukabumi'),
(126014,  126000, 'Labuhan Ratu'),
(126015,  126000, 'Way Halim'),
(126016,  126000, 'Kedamaian'),
(126017,  126000, 'Enggal'),
(126018,  126000, 'Langkapura'),
(126019,  126000, 'Bumi Waras'),
(126020,  126000, 'Teluk Betung Timur'),
(126101,  126100, 'Metro Pusat'),
(126102,  126100, 'Metro Utara'),
(126103,  126100, 'Metro Barat'),
(126104,  126100, 'Metro Timur'),
(126105,  126100, 'Metro Selatan'),
(130101,  130100, 'Selakau'),
(130102,  130100, 'Pemangkat'),
(130103,  130100, 'Tebas'),
(130104,  130100, 'Sambas'),
(130105,  130100, 'Jawai'),
(130106,  130100, 'Teluk Keramat'),
(130107,  130100, 'Sejangkung'),
(130108,  130100, 'Sajingan Besar'),
(130109,  130100, 'Paloh'),
(130110,  130100, 'Subah'),
(130111,  130100, 'Galing'),
(130112,  130100, 'Semparuk'),
(130113,  130100, 'Tekarang'),
(130114,  130100, 'Sajad'),
(130115,  130100, 'Sebawi'),
(130116,  130100, 'Jawai Selatan'),
(130117,  130100, 'Tangaran'),
(130118,  130100, 'Selakau Timur'),
(130119,  130100, 'Salatiga'),
(130208,  130200, 'Siantan'),
(130209,  130200, 'Sungai Pinyuh'),
(130210,  130200, 'Mempawah Hilir'),
(130211,  130200, 'Sungai Kunyit'),
(130212,  130200, 'Toho'),
(130216,  130200, 'Segedong'),
(130217,  130200, 'Anjongan'),
(130218,  130200, 'Sadaniang'),
(130219,  130200, 'Mempawah Timur'),
(130301,  130300, 'Toba'),
(130307,  130300, 'Mukok'),
(130312,  130300, 'Jangkang'),
(130313,  130300, 'Bonti'),
(130314,  130300, 'Parindu'),
(130315,  130300, 'Tayan Hilir'),
(130316,  130300, 'Balai'),
(130317,  130300, 'Tayan Hulu'),
(130318,  130300, 'Kembayan'),
(130319,  130300, 'Beduwai'),
(130320,  130300, 'Noyan'),
(130321,  130300, 'Sekayam'),
(130322,  130300, 'Entikong'),
(130323,  130300, 'Meliau'),
(130324,  130300, 'Kapuas'),
(130406,  130400, 'Serawai'),
(130407,  130400, 'Ambalau'),
(130408,  130400, 'Kayan Hulu'),
(130411,  130400, 'Sepauk'),
(130412,  130400, 'Tempunak'),
(130413,  130400, 'Sungai Tebelian'),
(130414,  130400, 'Sintang'),
(130415,  130400, 'Dedai'),
(130416,  130400, 'Kayan Hilir'),
(130417,  130400, 'Kelam Permai'),
(130418,  130400, 'Binjai Hulu'),
(130419,  130400, 'Ketungau Hilir'),
(130420,  130400, 'Ketungau Tengah'),
(130421,  130400, 'Ketungau Hulu'),
(130501,  130500, 'Silat Hilir'),
(130502,  130500, 'Silat Hulu'),
(130503,  130500, 'Hulu Gurung'),
(130504,  130500, 'Bunut Hulu'),
(130505,  130500, 'Mentebah'),
(130507,  130500, 'Kalis'),
(130509,  130500, 'Embaloh Hilir'),
(130510,  130500, 'Bunut Hilir'),
(130511,  130500, 'Boyan Tanjung'),
(130514,  130500, 'Selimbau'),
(130515,  130500, 'Suhaid'),
(130516,  130500, 'Seberuang'),
(130517,  130500, 'Semitau'),
(130518,  130500, 'Empanang'),
(130519,  130500, 'Puring Kencana'),
(130520,  130500, 'Badau'),
(130521,  130500, 'Batang Lupar'),
(130522,  130500, 'Embaloh Hulu'),
(130526,  130500, 'Putussibau Utara'),
(130527,  130500, 'Bika'),
(130528,  130500, 'Jongkong'),
(130529,  130500, 'Putussibau Selatan'),
(130530,  130500, 'Pengkadan'),
(130601,  130600, 'Kendawangan'),
(130602,  130600, 'Manis Mata'),
(130603,  130600, 'Marau'),
(130604,  130600, 'Jelai Hulu'),
(130605,  130600, 'Tumbang Titi'),
(130606,  130600, 'Matan Hilir Selatan'),
(130607,  130600, 'Matan Hilir Utara'),
(130609,  130600, 'Nanga Tayap'),
(130610,  130600, 'Sandai'),
(130611,  130600, 'Sungai Laur'),
(130612,  130600, 'Simpang Hulu'),
(130618,  130600, 'Muara Pawan'),
(130619,  130600, 'Delta Pawan'),
(130620,  130600, 'Simpang Dua'),
(130621,  130600, 'Benua Kayong'),
(130622,  130600, 'Hulu Sungai'),
(130623,  130600, 'Air Upas'),
(130624,  130600, 'Singkup'),
(130625,  130600, 'Pemahan'),
(130626,  130600, 'Sungai Melayu Rayek'),
(130801,  130800, 'Sungai Raya'),
(130802,  130800, 'Capkala'),
(130803,  130800, 'Samalantan'),
(130804,  130800, 'Bengkayang'),
(130805,  130800, 'Ledo'),
(130806,  130800, 'Sanggau Ledo'),
(130807,  130800, 'Seluas'),
(130808,  130800, 'Jagoi Babang'),
(130809,  130800, 'Teriak'),
(130810,  130800, 'Monterado'),
(130811,  130800, 'Suti Semarang'),
(130812,  130800, 'Siding'),
(130813,  130800, 'Lumar'),
(130814,  130800, 'Sungai Betung'),
(130815,  130800, 'Sungai Raya Kepulauan'),
(130816,  130800, 'Lembah Bawang'),
(130817,  130800, 'Tujuh Belas'),
(130902,  130900, 'Sebangki'),
(130903,  130900, 'Ngabang'),
(130904,  130900, 'Sengah Temila'),
(130905,  130900, 'Mandor'),
(130906,  130900, 'Menjalin'),
(130907,  130900, 'Mempawah Hulu'),
(130908,  130900, 'Menyuke'),
(130909,  130900, 'Meranti'),
(130910,  130900, 'Kuala Behe'),
(130911,  130900, 'Air Besar'),
(130912,  130900, 'Jelimpo'),
(130913,  130900, 'Sompak'),
(130914,  130900, 'Banyuke Hulu'),
(131001,  131000, 'Nanga Mahap'),
(131002,  131000, 'Nanga Taman'),
(131003,  131000, 'Sekadau Hulu'),
(131004,  131000, 'Sekadau Hilir'),
(131005,  131000, 'Belitang'),
(131006,  131000, 'Belitang Hilir'),
(131007,  131000, 'Belitang Hulu'),
(131101,  131100, 'Sokan'),
(131102,  131100, 'Tanah Pinoh'),
(131103,  131100, 'Sayan'),
(131104,  131100, 'Ella Hilir'),
(131105,  131100, 'Menukung'),
(131108,  131100, 'Nanga Pinoh'),
(131109,  131100, 'Belimbing'),
(131110,  131100, 'Tanah Pinoh Barat'),
(131111,  131100, 'Belimbing Hulu'),
(131112,  131100, 'Pinoh Selatan'),
(131113,  131100, 'Pinoh Utara'),
(131201,  131200, 'Pulau Maya'),
(131202,  131200, 'Simpang Hilir'),
(131203,  131200, 'Sukadana'),
(131204,  131200, 'Teluk Batang'),
(131205,  131200, 'Seponti'),
(131206,  131200, 'Kepulauan Karimata'),
(131302,  131300, 'Kuala Mandor B'),
(131304,  131300, 'Sungai Ambawang'),
(131305,  131300, 'Sungai Kakap'),
(131308,  131300, 'Telok Pakedai'),
(131309,  131300, 'Terentang'),
(131310,  131300, 'Sungai Raya'),
(131311,  131300, 'Batu Ampar'),
(131312,  131300, 'Kubu'),
(131313,  131300, 'Rasau Jaya'),
(136001,  136000, 'Pontianak Selatan'),
(136002,  136000, 'Pontianak Timur'),
(136003,  136000, 'Pontianak Barat'),
(136004,  136000, 'Pontianak Utara'),
(136005,  136000, 'Pontianak Kota'),
(136006,  136000, 'Pontianak Tenggara'),
(136101,  136100, 'Singkawang Selatan'),
(136102,  136100, 'Singkawang Timur'),
(136103,  136100, 'Singkawang Utara'),
(136104,  136100, 'Singkawang Barat'),
(136105,  136100, 'Singkawang Tengah'),
(140102,  140100, 'Kapuas Kuala'),
(140103,  140100, 'Kapuas Timur'),
(140104,  140100, 'Selat'),
(140107,  140100, 'Basarang'),
(140108,  140100, 'Kapuas Hilir'),
(140109,  140100, 'Pulau Petak'),
(140110,  140100, 'Kapuas Murung'),
(140111,  140100, 'Kapuas Barat'),
(140115,  140100, 'Mantangai'),
(140116,  140100, 'Timpah'),
(140117,  140100, 'Kapuas Tengah'),
(140118,  140100, 'Kapuas Hulu'),
(140119,  140100, 'Bataguh'),
(140120,  140100, 'Dadahup'),
(140121,  140100, 'Tamban Catur'),
(140122,  140100, 'Pasak Talawang'),
(140123,  140100, 'Mandau Talawang'),
(140201,  140200, 'Dusun Hilir'),
(140202,  140200, 'Jenamas'),
(140209,  140200, 'Karau Kuala'),
(140210,  140200, 'Dusun Selatan'),
(140211,  140200, 'Dusun Utara'),
(140212,  140200, 'Gunung Bintang Awai'),
(140301,  140300, 'Montallat'),
(140302,  140300, 'Gunung Timang'),
(140303,  140300, 'Gunung Purei'),
(140304,  140300, 'Teweh Timur'),
(140305,  140300, 'Teweh Tengah'),
(140306,  140300, 'Lahei'),
(140307,  140300, 'Teweh Baru'),
(140308,  140300, 'Teweh Selatan'),
(140309,  140300, 'Lahei Barat'),
(140402,  140400, 'Mentaya Hilir Selatan'),
(140405,  140400, 'Pulau Hanaut'),
(140406,  140400, 'Mentawa Baru Ketapang'),
(140407,  140400, 'Mentaya Hilir Utara'),
(140411,  140400, 'Kota Besi'),
(140412,  140400, 'Baamang'),
(140419,  140400, 'Cempaga'),
(140420,  140400, 'Parenggean'),
(140421,  140400, 'Mentaya Hulu'),
(140423,  140400, 'Antang Kalang'),
(140425,  140400, 'Teluk Sampit'),
(140426,  140400, 'Seranau'),
(140427,  140400, 'Cempaga Hulu'),
(140428,  140400, 'Bukit Santuai'),
(140429,  140400, 'Telawang'),
(140430,  140400, 'Tualan Hulu'),
(140431,  140400, 'Telaga Antang'),
(140504,  140500, 'Kotawaringin Lama'),
(140505,  140500, 'Arut Selatan'),
(140506,  140500, 'Kumai'),
(140507,  140500, 'Arut Utara'),
(140508,  140500, 'Pangkalan Banteng'),
(140509,  140500, 'Pangkalan Lada'),
(140601,  140600, 'Katingan Kuala'),
(140602,  140600, 'Mendawai'),
(140603,  140600, 'Kamipang'),
(140604,  140600, 'Tasik Payawan'),
(140605,  140600, 'Katingan Hilir'),
(140606,  140600, 'Tewang Sangalang Garing'),
(140607,  140600, 'Pulau Malan'),
(140608,  140600, 'Katingan Tengah'),
(140609,  140600, 'Katingan Hulu'),
(140610,  140600, 'Marikit'),
(140611,  140600, 'Sanaman Mantikei'),
(140612,  140600, 'Petak Malai'),
(140613,  140600, 'Bukit Raya'),
(140701,  140700, 'Seruyan Hilir'),
(140702,  140700, 'Danau Sembuluh'),
(140703,  140700, 'Hanau'),
(140704,  140700, 'Seruyan Tengah'),
(140705,  140700, 'Seruyan Hulu'),
(140706,  140700, 'Seruyan Hilir Timur'),
(140707,  140700, 'Seruyan Raya'),
(140708,  140700, 'Danau Seluluk'),
(140709,  140700, 'Batu Ampar'),
(140710,  140700, 'Suling Tambun'),
(140801,  140800, 'Jelai'),
(140802,  140800, 'Sukamara'),
(140803,  140800, 'Balai Riam'),
(140804,  140800, 'Pantai Lunci'),
(140805,  140800, 'Permata Kecubung'),
(140901,  140900, 'Bulik'),
(140902,  140900, 'Lamandau'),
(140903,  140900, 'Delang'),
(140904,  140900, 'Bulik Timur'),
(140905,  140900, 'Mentobi Raya'),
(140906,  140900, 'Sematu Jaya'),
(140907,  140900, 'Belantikan Raya'),
(140908,  140900, 'Batang Kawa'),
(141001,  141000, 'Tewah'),
(141002,  141000, 'Kurun'),
(141003,  141000, 'Sepang'),
(141004,  141000, 'Rungan'),
(141005,  141000, 'Manuhing'),
(141006,  141000, 'Kahayan Hulu Utara'),
(141007,  141000, 'Mihing Raya'),
(141008,  141000, 'Damang Batu'),
(141009,  141000, 'Miri Manasa'),
(141010,  141000, 'Rungan Hulu'),
(141011,  141000, 'Manuhing Raya'),
(141012,  141000, 'Rungan Barat'),
(141101,  141100, 'Kahayan Kuala'),
(141102,  141100, 'Pandih Batu'),
(141103,  141100, 'Maliku'),
(141104,  141100, 'Kahayan Hilir'),
(141105,  141100, 'Kahayan Tengah'),
(141106,  141100, 'Banama Tingan'),
(141107,  141100, 'Sebangau Kuala'),
(141108,  141100, 'Jabiren Raya'),
(141201,  141200, 'Laung Tuhup'),
(141202,  141200, 'Murung'),
(141203,  141200, 'Permata Intan'),
(141204,  141200, 'Tanah Siang'),
(141205,  141200, 'Sumber Barito'),
(141206,  141200, 'Barito Tuhup Raya'),
(141207,  141200, 'Tanah Siang Selatan'),
(141208,  141200, 'Sungai Babuat'),
(141209,  141200, 'Seribu Riam'),
(141210,  141200, 'Uut Murung'),
(141301,  141300, 'Dusun Timur'),
(141302,  141300, 'Benua Lima'),
(141303,  141300, 'Patangkep Tutui'),
(141304,  141300, 'Awang'),
(141305,  141300, 'Dusun Tengah'),
(141306,  141300, 'Pematang Karau'),
(141307,  141300, 'Paju Epat'),
(141308,  141300, 'Raren Batuah'),
(141309,  141300, 'Paku'),
(141310,  141300, 'Karusen Janang'),
(146001,  146000, 'Pahandut'),
(146002,  146000, 'Bukit Batu'),
(146003,  146000, 'Sabangau'),
(146004,  146000, 'Jekan Raya'),
(146005,  146000, 'Rakumpit'),
(150101,  150100, 'Aluh-Aluh'),
(150102,  150100, 'Gambut'),
(150103,  150100, 'Kertak Hanyar'),
(150104,  150100, 'Sungai Tabuk'),
(150105,  150100, 'Martapura'),
(150106,  150100, 'Astambul'),
(150107,  150100, 'Karang Intan'),
(150108,  150100, 'Aranio'),
(150109,  150100, 'Sungai Pinang'),
(150110,  150100, 'Pengaron'),
(150111,  150100, 'Mataraman'),
(150112,  150100, 'Simpang Empat'),
(150113,  150100, 'Beruntung Baru'),
(150114,  150100, 'Martapura Barat'),
(150115,  150100, 'Martapura Timur'),
(150116,  150100, 'Paramasan'),
(150117,  150100, 'Tatah Makmur'),
(150118,  150100, 'Sambung Makmur'),
(150119,  150100, 'Telaga Bauntung'),
(150120,  150100, 'Cintapuri Darussalam'),
(150201,  150200, 'Panyipatan'),
(150202,  150200, 'Takisung'),
(150203,  150200, 'Kurau'),
(150204,  150200, 'Bati-Bati'),
(150205,  150200, 'Tambang Ulang'),
(150206,  150200, 'Pelaihari'),
(150207,  150200, 'Batu Ampar'),
(150208,  150200, 'Jorong'),
(150209,  150200, 'Kintap'),
(150210,  150200, 'Bumi Makmur'),
(150211,  150200, 'Bajuin'),
(150301,  150300, 'Tabunganen'),
(150302,  150300, 'Tamban'),
(150303,  150300, 'Mekarsari'),
(150304,  150300, 'Anjir Pasar'),
(150305,  150300, 'Anjir Muara'),
(150306,  150300, 'Alalak'),
(150307,  150300, 'Mandastana'),
(150308,  150300, 'Belawang'),
(150309,  150300, 'Wanaraya'),
(150310,  150300, 'Barambai'),
(150311,  150300, 'Rantau Badauh'),
(150312,  150300, 'Cerbon'),
(150313,  150300, 'Bakumpai'),
(150314,  150300, 'Marabahan'),
(150315,  150300, 'Tabukan'),
(150316,  150300, 'Kuripan'),
(150317,  150300, 'Jejangkit'),
(150401,  150400, 'Binuang'),
(150402,  150400, 'Tapin Selatan'),
(150403,  150400, 'Tapin Tengah'),
(150404,  150400, 'Bungur'),
(150405,  150400, 'Piani'),
(150406,  150400, 'Lokpaikat'),
(150407,  150400, 'Tapin Utara'),
(150408,  150400, 'Bakarangan'),
(150409,  150400, 'Candi Laras Selatan'),
(150410,  150400, 'Candi Laras Utara'),
(150411,  150400, 'Hatungun'),
(150412,  150400, 'Salam Babaris'),
(150501,  150500, 'Padang Batung'),
(150502,  150500, 'Loksado'),
(150503,  150500, 'Telaga Langsat'),
(150504,  150500, 'Angkinang'),
(150505,  150500, 'Kandangan'),
(150506,  150500, 'Sungai Raya'),
(150507,  150500, 'Simpur'),
(150508,  150500, 'Kalumpang'),
(150509,  150500, 'Daha Selatan'),
(150510,  150500, 'Daha Utara'),
(150511,  150500, 'Daha Barat'),
(150601,  150600, 'Haruyan'),
(150602,  150600, 'Batu Benawa'),
(150603,  150600, 'Hantakan'),
(150604,  150600, 'Batang Alai Selatan'),
(150605,  150600, 'Barabai'),
(150606,  150600, 'Labuan Amas Selatan'),
(150607,  150600, 'Labuan Amas Utara'),
(150608,  150600, 'Pandawan'),
(150609,  150600, 'Batang Alai Utara'),
(150610,  150600, 'Batang Alai Timur'),
(150611,  150600, 'Limpasu'),
(150701,  150700, 'Danau Panggang'),
(150702,  150700, 'Babirik'),
(150703,  150700, 'Sungai Pandan'),
(150704,  150700, 'Amuntai Selatan'),
(150705,  150700, 'Amuntai Tengah'),
(150706,  150700, 'Banjang'),
(150707,  150700, 'Amuntai Utara'),
(150708,  150700, 'Paminggir'),
(150709,  150700, 'Sungai Tabukan'),
(150710,  150700, 'Haur Gading'),
(150801,  150800, 'Banua Lawas'),
(150802,  150800, 'Pugaan'),
(150803,  150800, 'Kelua'),
(150804,  150800, 'Muara Harus'),
(150805,  150800, 'Tanta'),
(150806,  150800, 'Tanjung'),
(150807,  150800, 'Murung Pudak'),
(150808,  150800, 'Haruai'),
(150809,  150800, 'Upau'),
(150810,  150800, 'Muara Uya'),
(150811,  150800, 'Jaro'),
(150812,  150800, 'Bintang Ara'),
(150901,  150900, 'Pulau Sembilan'),
(150902,  150900, 'Pulau Laut Barat'),
(150903,  150900, 'Pulau Laut Selatan'),
(150904,  150900, 'Pulau Laut Timur'),
(150905,  150900, 'Pulau Sebuku'),
(150906,  150900, 'Pulau Laut Utara'),
(150907,  150900, 'Pulau Laut Tengah'),
(150908,  150900, 'Kelumpang Hilir'),
(150909,  150900, 'Kelumpang Barat'),
(150912,  150900, 'Kelumpang Selatan'),
(150913,  150900, 'Kelumpang Hulu'),
(150914,  150900, 'Hampang'),
(150915,  150900, 'Sungai Durian'),
(150916,  150900, 'Kelumpang Tengah'),
(150917,  150900, 'Kelumpang Utara'),
(150918,  150900, 'Pamukan Selatan'),
(150919,  150900, 'Sampanahan'),
(150920,  150900, 'Pamukan Utara'),
(150921,  150900, 'Pulau Laut Kepulauan'),
(150922,  150900, 'Pamukan Barat'),
(150923,  150900, 'Pulau Laut Tanjung Selayar'),
(151001,  151000, 'Lampihong'),
(151002,  151000, 'Batu Mandi'),
(151003,  151000, 'Awayan'),
(151004,  151000, 'Paringin'),
(151005,  151000, 'Juai'),
(151006,  151000, 'Halong'),
(151007,  151000, 'Tebing Tinggi'),
(151008,  151000, 'Paringin Selatan'),
(151101,  151100, 'Kusan Hilir'),
(151102,  151100, 'Sungai Loban'),
(151103,  151100, 'Satui'),
(151104,  151100, 'Kusan Hulu'),
(151105,  151100, 'Batu Licin'),
(151106,  151100, 'Simpang Empat'),
(151107,  151100, 'Karang Bintang'),
(151108,  151100, 'Mantewe'),
(151109,  151100, 'Angsana'),
(151110,  151100, 'Kuranji'),
(156001,  156000, 'Banjarmasin Selatan'),
(156002,  156000, 'Banjarmasin Timur'),
(156003,  156000, 'Banjarmasin Barat'),
(156004,  156000, 'Banjarmasin Utara'),
(156005,  156000, 'Banjarmasin Tengah'),
(156101,  156100, 'Landasan Ulin'),
(156102,  156100, 'Cempaka'),
(156104,  156100, 'Banjarbaru Utara'),
(156105,  156100, 'Banjarbaru Selatan'),
(156106,  156100, 'Liang Anggang'),
(160101,  160100, 'Batu Sopang'),
(160102,  160100, 'Tanjung Harapan'),
(160103,  160100, 'Paser Belengkong'),
(160104,  160100, 'Tanah Grogot'),
(160105,  160100, 'Kuaro'),
(160106,  160100, 'Long Ikis'),
(160107,  160100, 'Muara Komam'),
(160108,  160100, 'Long Kali'),
(160109,  160100, 'Muara Samu'),
(160110,  160100, 'Batu Engau'),
(160201,  160200, 'Samboja'),
(160202,  160200, 'Muara Jawa'),
(160203,  160200, 'Sanga-Sanga'),
(160204,  160200, 'Loa Janan'),
(160205,  160200, 'Loa Kulu'),
(160206,  160200, 'Muara Muntai'),
(160207,  160200, 'Muara Wis'),
(160208,  160200, 'Kota Bangun'),
(160209,  160200, 'Tenggarong'),
(160210,  160200, 'Sebulu'),
(160211,  160200, 'Tenggarong Seberang'),
(160212,  160200, 'Anggana'),
(160213,  160200, 'Muara Badak'),
(160214,  160200, 'Marang Kayu'),
(160215,  160200, 'Muara Kaman'),
(160216,  160200, 'Kenohan'),
(160217,  160200, 'Kembang Janggut'),
(160218,  160200, 'Tabang'),
(160301,  160300, 'Kelay'),
(160302,  160300, 'Talisayan'),
(160303,  160300, 'Biduk Biduk'),
(160304,  160300, 'Pulau Derawan'),
(160305,  160300, 'Sambaliung'),
(160306,  160300, 'Tanjung Redeb'),
(160307,  160300, 'Gunung Tabur'),
(160308,  160300, 'Segah'),
(160309,  160300, 'Teluk Bayur'),
(160312,  160300, 'Tabalar'),
(160313,  160300, 'Pulau Maratua'),
(160314,  160300, 'Batu Putih'),
(160315,  160300, 'Biatan'),
(160901,  160900, 'Bongan'),
(160902,  160900, 'Jempang'),
(160903,  160900, 'Penyinggahan'),
(160904,  160900, 'Muara Pahu'),
(160905,  160900, 'Muara Lawa'),
(160906,  160900, 'Damai'),
(160907,  160900, 'Barong Tongkok'),
(160908,  160900, 'Melak'),
(160909,  160900, 'Long Iram'),
(160915,  160900, 'Bentian Besar'),
(160916,  160900, 'Linggang Bingung'),
(160917,  160900, 'Mook Manaar Bulatn'),
(160919,  160900, 'Nyuatan'),
(160920,  160900, 'Sekolaq Darat'),
(160921,  160900, 'Tering'),
(160923,  160900, 'Siluq Ngurai'),
(161001,  161000, 'Muara Ancalong'),
(161002,  161000, 'Muara Wahau'),
(161003,  161000, 'Muara Bengkal'),
(161004,  161000, 'Sangatta Utara'),
(161005,  161000, 'Sangkulirang'),
(161006,  161000, 'Kaliorang'),
(161008,  161000, 'Kongbeng'),
(161009,  161000, 'Bengalon'),
(161010,  161000, 'Busang'),
(161011,  161000, 'Sandaran'),
(161012,  161000, 'Telen'),
(161013,  161000, 'Sangatta Selatan'),
(161014,  161000, 'Teluk Pandan'),
(161015,  161000, 'Rantau Pulung'),
(161016,  161000, 'Kaubun'),
(161017,  161000, 'Karangan'),
(161018,  161000, 'Batu Ampar'),
(161019,  161000, 'Long Mesangat'),
(161101,  161100, 'Babulu'),
(161102,  161100, 'Waru'),
(161103,  161100, 'Penajam'),
(161104,  161100, 'Sepaku'),
(161221,  161200, 'Long Hubung'),
(161222,  161200, 'Laham'),
(161223,  161200, 'Long Apari'),
(161224,  161200, 'Long Pahangai'),
(161225,  161200, 'Long Bagun'),
(166001,  166000, 'Palaran'),
(166002,  166000, 'Samarinda Ilir'),
(166003,  166000, 'Samarinda Seberang'),
(166004,  166000, 'Sungai Kunjang'),
(166005,  166000, 'Samarinda Ulu'),
(166006,  166000, 'Samarinda Utara'),
(166007,  166000, 'Sambutan'),
(166008,  166000, 'Sungai Pinang'),
(166009,  166000, 'Samarinda Kota'),
(166010,  166000, 'Loa Janan Ilir'),
(166101,  166100, 'Balikpapan Selatan'),
(166102,  166100, 'Balikpapan Timur'),
(166103,  166100, 'Balikpapan Utara'),
(166104,  166100, 'Balikpapan Tengah'),
(166105,  166100, 'Balikpapan Barat'),
(166106,  166100, 'Balikpapan Kota'),
(166301,  166300, 'Bontang Selatan'),
(166302,  166300, 'Bontang Utara'),
(166303,  166300, 'Bontang Barat'),
(170106,  170100, 'Lolayan'),
(170109,  170100, 'Poigar'),
(170110,  170100, 'Bolaang'),
(170111,  170100, 'Lolak'),
(170112,  170100, 'Sangtombolang'),
(170117,  170100, 'Dumoga Utara'),
(170119,  170100, 'Dumoga Barat'),
(170120,  170100, 'Dumoga Timur'),
(170128,  170100, 'Passi Barat'),
(170129,  170100, 'Passi Timur'),
(170130,  170100, 'Bilalang'),
(170133,  170100, 'Bolaang Timur'),
(170134,  170100, 'Dumoga'),
(170135,  170100, 'Dumoga Tenggara'),
(170136,  170100, 'Dumoga Tengah'),
(170209,  170200, 'Langowan Timur'),
(170211,  170200, 'Tompaso'),
(170212,  170200, 'Kawangkoan'),
(170213,  170200, 'Sonder'),
(170216,  170200, 'Tombariri'),
(170217,  170200, 'Pineleng'),
(170219,  170200, 'Tondano Timur'),
(170220,  170200, 'Remboken'),
(170221,  170200, 'Kakas'),
(170222,  170200, 'Lembean Timur'),
(170223,  170200, 'Eris'),
(170224,  170200, 'Kombi'),
(170233,  170200, 'Langowan Barat'),
(170234,  170200, 'Tombulu'),
(170235,  170200, 'Tondano Barat'),
(170236,  170200, 'Tondano Utara'),
(170237,  170200, 'Langowan Selatan'),
(170238,  170200, 'Tondano Selatan'),
(170239,  170200, 'Langowan Utara'),
(170240,  170200, 'Kakas Barat'),
(170241,  170200, 'Kawangkoan Utara'),
(170242,  170200, 'Tombariri Timur'),
(170243,  170200, 'Kawangkoan Barat'),
(170244,  170200, 'Mandolang'),
(170245,  170200, 'Tompaso Barat'),
(170304,  170300, 'Manganitu Selatan'),
(170305,  170300, 'Tamako'),
(170306,  170300, 'Tabukan Selatan'),
(170307,  170300, 'Tabukan Tengah'),
(170308,  170300, 'Manganitu'),
(170309,  170300, 'Tahuna'),
(170310,  170300, 'Tabukan Utara'),
(170311,  170300, 'Kendahe'),
(170313,  170300, 'Tatoareng'),
(170317,  170300, 'Nusa Tabukan'),
(170319,  170300, 'Tabukan Selatan Tengah'),
(170320,  170300, 'Tabukan Selatan Tenggara'),
(170323,  170300, 'Tahuna Timur'),
(170324,  170300, 'Tahuna Barat'),
(170390,  170300, 'Kepulauan Marore'),
(170401,  170400, 'Kabaruan'),
(170402,  170400, 'Lirung'),
(170403,  170400, 'Melonguane'),
(170404,  170400, 'Beo'),
(170405,  170400, 'Rainis'),
(170406,  170400, 'Essang'),
(170407,  170400, 'Nanusa'),
(170408,  170400, 'Gemeh'),
(170409,  170400, 'Damau'),
(170410,  170400, 'Tanpa Namma'),
(170412,  170400, 'Kalongan'),
(170413,  170400, 'Moronge'),
(170414,  170400, 'Melonguane Timur'),
(170415,  170400, 'Beo Utara'),
(170416,  170400, 'Beo Selatan'),
(170417,  170400, 'Pulutan'),
(170418,  170400, 'Essang Selatan'),
(170419,  170400, 'Miangas'),
(170420,  170400, 'Salibabu'),
(170501,  170500, 'Modoinding'),
(170502,  170500, 'Tompaso Baru'),
(170503,  170500, 'Ranoyapo'),
(170504,  170500, 'Motoling'),
(170505,  170500, 'Tenga'),
(170509,  170500, 'Amurang'),
(170510,  170500, 'Tareran'),
(170515,  170500, 'Kumelembuai'),
(170516,  170500, 'Maesaan'),
(170517,  170500, 'Amurang Barat'),
(170518,  170500, 'Amurang Timur'),
(170519,  170500, 'Tatapan'),
(170520,  170500, 'Motoling Barat'),
(170521,  170500, 'Motoling Timur'),
(170522,  170500, 'Suluun Tareran'),
(170523,  170500, 'Tumpaan'),
(170524,  170500, 'Sinonsayang'),
(170531,  170500, 'Suluun Tareran'),
(170601,  170600, 'Kauditan'),
(170602,  170600, 'Airmadidi'),
(170603,  170600, 'Dimembe'),
(170604,  170600, 'Wori'),
(170605,  170600, 'Likupang Timur'),
(170606,  170600, 'Kema'),
(170607,  170600, 'Likupang Barat'),
(170608,  170600, 'Kalawat'),
(170609,  170600, 'Talawaan'),
(170610,  170600, 'Likupang Selatan'),
(170801,  170800, 'Bintauna'),
(170802,  170800, 'Bolaang Itang Timur'),
(170803,  170800, 'Bolaang Itang Barat'),
(170804,  170800, 'Kaidipang'),
(170805,  170800, 'Pinogaluman'),
(170806,  170800, 'Sangkub'),
(170901,  170900, 'Biaro'),
(170902,  170900, 'Siau Barat'),
(170903,  170900, 'Siau Barat Selatan'),
(170904,  170900, 'Siau Barat Utara'),
(170905,  170900, 'Siau Tengah'),
(170906,  170900, 'Siau Timur'),
(170907,  170900, 'Siau Timur Selatan'),
(170908,  170900, 'Tagulandang'),
(170909,  170900, 'Tagulandang Selatan'),
(170910,  170900, 'Tagulandang Utara'),
(171001,  171000, 'Ratatotok'),
(171002,  171000, 'Pusomaen'),
(171003,  171000, 'Belang'),
(171004,  171000, 'Ratahan'),
(171005,  171000, 'Tombatu'),
(171006,  171000, 'Touluaan'),
(171007,  171000, 'Touluaan Selatan'),
(171008,  171000, 'Silian Raya'),
(171009,  171000, 'Tombatu Timur'),
(171010,  171000, 'Tombatu Utara'),
(171011,  171000, 'Pasan'),
(171012,  171000, 'Ratahan Timur'),
(171101,  171100, 'Kotabunan'),
(171102,  171100, 'Nuangan'),
(171103,  171100, 'Tutuyan'),
(171104,  171100, 'Modayag'),
(171105,  171100, 'Modayag Barat'),
(171201,  171200, 'Bolaang Uki'),
(171202,  171200, 'Posigadan'),
(171203,  171200, 'Pinolosian'),
(171204,  171200, 'Pinolosian Timur'),
(171205,  171200, 'Pinolosian Tengah'),
(171206,  171200, 'Helumo'),
(171207,  171200, 'Tomini'),
(176001,  176000, 'Malalayang'),
(176002,  176000, 'Sario'),
(176003,  176000, 'Wenang'),
(176004,  176000, 'Mapanget'),
(176005,  176000, 'Bunaken'),
(176006,  176000, 'Wanea'),
(176007,  176000, 'Tikala'),
(176008,  176000, 'Tuminting'),
(176009,  176000, 'Singkil'),
(176010,  176000, 'Paal Dua'),
(176011,  176000, 'Bunaken Kepulauan'),
(176101,  176100, 'Ranowulu'),
(176102,  176100, 'Matuari'),
(176103,  176100, 'Girian'),
(176104,  176100, 'Madidir'),
(176105,  176100, 'Maesa'),
(176106,  176100, 'Aertembaga'),
(176107,  176100, 'Lembeh Utara'),
(176108,  176100, 'Lembeh Selatan'),
(176201,  176200, 'Tomohon Utara'),
(176202,  176200, 'Tomohon Tengah'),
(176203,  176200, 'Tomohon Selatan'),
(176204,  176200, 'Tomohon Timur'),
(176205,  176200, 'Tomohon Barat'),
(176301,  176300, 'Kotamobagu Barat'),
(176302,  176300, 'Kotamobagu Timur'),
(176303,  176300, 'Kotamobagu Utara'),
(176304,  176300, 'Kotamobagu Selatan'),
(180103,  180100, 'Totikum'),
(180104,  180100, 'Tinangkung'),
(180105,  180100, 'Liang'),
(180106,  180100, 'Bulagi'),
(180107,  180100, 'Buko'),
(180110,  180100, 'Bulagi Selatan'),
(180116,  180100, 'Tinangkung Selatan'),
(180117,  180100, 'Tinangkung Utara'),
(180118,  180100, 'Peling Tengah'),
(180119,  180100, 'Bulagi Utara'),
(180120,  180100, 'Buko Selatan'),
(180199,  180100, 'Totikum Selatan'),
(180208,  180200, 'Banawa'),
(180209,  180200, 'Labuan'),
(180210,  180200, 'Sindue'),
(180212,  180200, 'Sirenja'),
(180213,  180200, 'Balaesang'),
(180214,  180200, 'Dampelas'),
(180216,  180200, 'Sojol'),
(180220,  180200, 'Rio Pakava'),
(180224,  180200, 'Banawa Selatan'),
(180225,  180200, 'Tanantovea'),
(180227,  180200, 'Pinembani'),
(180233,  180200, 'Banawa Tengah'),
(180234,  180200, 'Sindue Tombusabora'),
(180235,  180200, 'Sindue Tobata'),
(180236,  180200, 'Sojol Utara'),
(180237,  180200, 'Balaesang Tanjung'),
(180301,  180300, 'Pamona Selatan'),
(180302,  180300, 'Lore Selatan'),
(180303,  180300, 'Pamona Utara'),
(180304,  180300, 'Lore Utara'),
(180305,  180300, 'Poso Pesisir'),
(180306,  180300, 'Lage'),
(180307,  180300, 'Poso Kota'),
(180314,  180300, 'Pamona Timur'),
(180315,  180300, 'Lore Tengah'),
(180316,  180300, 'Pamona Barat'),
(180317,  180300, 'Poso Pesisir Selatan'),
(180318,  180300, 'Poso Pesisir Utara'),
(180319,  180300, 'Poso Kota Utara'),
(180320,  180300, 'Lore Barat'),
(180321,  180300, 'Poso Kota Selatan'),
(180322,  180300, 'Pamona Puselemba'),
(180323,  180300, 'Lore Timur'),
(180324,  180300, 'Lore Peore'),
(180325,  180300, 'Pamona Tenggara'),
(180401,  180400, 'Toili'),
(180402,  180400, 'Batui'),
(180403,  180400, 'Bunta'),
(180404,  180400, 'Kintom'),
(180405,  180400, 'Luwuk'),
(180406,  180400, 'Pagimana'),
(180407,  180400, 'Lamala'),
(180408,  180400, 'Balantak'),
(180409,  180400, 'Bualemo'),
(180410,  180400, 'Toili Barat'),
(180411,  180400, 'Nuhon'),
(180412,  180400, 'Luwuk Timur'),
(180413,  180400, 'Masama'),
(180414,  180400, 'Moilong'),
(180415,  180400, 'Batui Selatan'),
(180416,  180400, 'Luwuk Utara'),
(180417,  180400, 'Luwuk Selatan'),
(180418,  180400, 'Nambo'),
(180419,  180400, 'Mantoh'),
(180420,  180400, 'Balantak Utara'),
(180421,  180400, 'Balantak Selatan'),
(180422,  180400, 'Lobu'),
(180423,  180400, 'Simpang Raya'),
(180501,  180500, 'Biau'),
(180502,  180500, 'Momunu'),
(180503,  180500, 'Bokat'),
(180504,  180500, 'Bunobogu'),
(180505,  180500, 'Paleleh'),
(180506,  180500, 'Tiloan'),
(180507,  180500, 'Bukal'),
(180508,  180500, 'Gadung'),
(180510,  180500, 'Karamat'),
(180511,  180500, 'Paleleh Barat'),
(180512,  180500, 'Lakea'),
(180601,  180600, 'Dampal Selatan'),
(180602,  180600, 'Dampal Utara'),
(180603,  180600, 'Dondo'),
(180604,  180600, 'Baolan'),
(180605,  180600, 'Galang'),
(180606,  180600, 'Tolitoli Utara'),
(180607,  180600, 'Ogodeide'),
(180608,  180600, 'Basidondo'),
(180609,  180600, 'Lampasio'),
(180610,  180600, 'Dako Pemean'),
(180701,  180700, 'Menui Kepulauan'),
(180702,  180700, 'Bungku Selatan'),
(180703,  180700, 'Bungku Tengah'),
(180704,  180700, 'Bungku Barat'),
(180709,  180700, 'Bahodopi'),
(180711,  180700, 'Witaponda'),
(180713,  180700, 'Bumi Raya'),
(180715,  180700, 'Bungku Timur'),
(180716,  180700, 'Bungku Pesisir'),
(180801,  180800, 'Sausu'),
(180802,  180800, 'Parigi'),
(180803,  180800, 'Ampibabo'),
(180804,  180800, 'Tinombo'),
(180805,  180800, 'Tomini'),
(180806,  180800, 'Moutong'),
(180807,  180800, 'Bolano Lambunu'),
(180808,  180800, 'Kasimbar'),
(180809,  180800, 'Torue'),
(180810,  180800, 'Tinombo Selatan'),
(180811,  180800, 'Parigi Selatan'),
(180812,  180800, 'Mepanga'),
(180814,  180800, 'Parigi Barat'),
(180815,  180800, 'Parigi Utara'),
(180816,  180800, 'Toribulu'),
(180817,  180800, 'Siniu'),
(180818,  180800, 'Palasa'),
(180819,  180800, 'Taopa'),
(180820,  180800, 'Parigi Tengah'),
(180821,  180800, 'Balinggi'),
(180890,  180800, 'Ongka Malino'),
(180891,  180800, 'Bolano'),
(180893,  180800, 'Sidoan'),
(180901,  180900, 'Tojo'),
(180902,  180900, 'Ulubongka'),
(180903,  180900, 'Ampana Tete'),
(180904,  180900, 'Ampana Kota'),
(180905,  180900, 'Una - Una'),
(180906,  180900, 'Walea Kepulauan'),
(180907,  180900, 'Togean'),
(180908,  180900, 'Tojo Barat'),
(180909,  180900, 'Walea Besar'),
(180910,  180900, 'Ratolindo'),
(180911,  180900, 'Batudaka'),
(180912,  180900, 'Talatako'),
(181001,  181000, 'Kulawi'),
(181002,  181000, 'Pipikoro'),
(181003,  181000, 'Kulawi Selatan'),
(181004,  181000, 'Lindu'),
(181005,  181000, 'Palolo'),
(181006,  181000, 'Nokilalaki'),
(181007,  181000, 'Dolo'),
(181008,  181000, 'Dolo Selatan'),
(181009,  181000, 'Dolo Barat'),
(181010,  181000, 'Marawola'),
(181011,  181000, 'Kinovaro'),
(181012,  181000, 'Marawola Barat'),
(181013,  181000, 'Sigibiromaru'),
(181014,  181000, 'Gumbasa'),
(181015,  181000, 'Tanambulava'),
(181112,  181100, 'Bokan Kepulauan'),
(181113,  181100, 'Bangkurung'),
(181114,  181100, 'Labobo'),
(181115,  181100, 'Banggai Selatan'),
(181116,  181100, 'Banggai Tengah'),
(181119,  181100, 'Banggai'),
(181120,  181100, 'Banggai Utara'),
(181201,  181200, 'Bungku Utara'),
(181202,  181200, 'Lembo'),
(181203,  181200, 'Lembo Raya'),
(181204,  181200, 'Mamosalato'),
(181205,  181200, 'Mori Atas'),
(181206,  181200, 'Mori Utara'),
(181207,  181200, 'Petasia'),
(181208,  181200, 'Petasia Timur'),
(181209,  181200, 'Soyo Jaya'),
(181210,  181200, 'Petasia Barat'),
(186001,  186000, 'Palu Barat'),
(186002,  186000, 'Palu Selatan'),
(186003,  186000, 'Palu Timur'),
(186004,  186000, 'Palu Utara'),
(186005,  186000, 'Ulujadi'),
(186006,  186000, 'Tatanga'),
(186007,  186000, 'Tawaeli'),
(186008,  186000, 'Mantikulore'),
(190101,  190100, 'Mandai'),
(190102,  190100, 'Maros Baru'),
(190103,  190100, 'Maros Utara / Bontoa'),
(190104,  190100, 'Bantimurung'),
(190105,  190100, 'Tanralili'),
(190106,  190100, 'Camba'),
(190107,  190100, 'Mallawa'),
(190108,  190100, 'Moncongloe'),
(190109,  190100, 'Turikale'),
(190110,  190100, 'Marusu'),
(190111,  190100, 'Lau'),
(190112,  190100, 'Simbang'),
(190113,  190100, 'Tompobulu'),
(190114,  190100, 'Cenrana'),
(190201,  190200, 'Liukang Tangaya'),
(190202,  190200, 'Liukang Kalmas'),
(190203,  190200, 'Liukang Tapabbiring'),
(190204,  190200, 'Pangkajene'),
(190205,  190200, 'Balocci'),
(190206,  190200, 'Bungoro'),
(190207,  190200, 'Labakkang'),
(190208,  190200, 'Ma`Rang'),
(190209,  190200, 'Segeri'),
(190210,  190200, 'Minasatene'),
(190211,  190200, 'Tondong Tallasa'),
(190212,  190200, 'Mandalle'),
(190213,  190200, 'Liukang Tupabbiring Utara'),
(190301,  190300, 'Bontonompo'),
(190302,  190300, 'Bajeng'),
(190303,  190300, 'Pallangga'),
(190304,  190300, 'Somba Opu'),
(190305,  190300, 'Bontomarannu'),
(190306,  190300, 'Parang Loe'),
(190307,  190300, 'Tinggi Moncong'),
(190308,  190300, 'Bungaya'),
(190309,  190300, 'Tompobulu'),
(190310,  190300, 'Barombong'),
(190311,  190300, 'Biring Bulu'),
(190312,  190300, 'Tombolo Pao'),
(190313,  190300, 'Manuju'),
(190314,  190300, 'Bontolempangan'),
(190315,  190300, 'Pattallassang'),
(190316,  190300, 'Bontonompo Selatan'),
(190317,  190300, 'Parigi'),
(190318,  190300, 'Bajeng Barat'),
(190401,  190400, 'Mangarabombang'),
(190402,  190400, 'Mappakasunggu'),
(190403,  190400, 'Polombangkeng Selatan'),
(190404,  190400, 'Polombangkeng Utara'),
(190405,  190400, 'Galesong Selatan'),
(190406,  190400, 'Galesong Utara'),
(190408,  190400, 'Pattallassang'),
(190409,  190400, 'Sanrobone'),
(190410,  190400, 'Galesong'),
(190501,  190500, 'Bangkala'),
(190502,  190500, 'Tamalatea'),
(190503,  190500, 'Binamu'),
(190504,  190500, 'Batang'),
(190505,  190500, 'Kelara'),
(190506,  190500, 'Bangkala Barat'),
(190507,  190500, 'Bontoramba'),
(190508,  190500, 'Turatea'),
(190509,  190500, 'Arungkeke'),
(190510,  190500, 'Rumbia'),
(190511,  190500, 'Tarowang'),
(190601,  190600, 'Tanete Riaja'),
(190602,  190600, 'Tanete Rilau'),
(190603,  190600, 'Barru'),
(190604,  190600, 'Soppeng Riaja'),
(190605,  190600, 'Mallusetasi'),
(190606,  190600, 'Balusu'),
(190607,  190600, 'Pujananting'),
(190701,  190700, 'Bontocani'),
(190702,  190700, 'Kahu'),
(190703,  190700, 'Kajuara'),
(190704,  190700, 'Salomekko'),
(190705,  190700, 'Tonra'),
(190706,  190700, 'Patimpeng'),
(190707,  190700, 'Libureng'),
(190708,  190700, 'Mare'),
(190709,  190700, 'Sibulue'),
(190710,  190700, 'Cina'),
(190711,  190700, 'Barebbo'),
(190712,  190700, 'Ponre'),
(190713,  190700, 'Lappariaja'),
(190714,  190700, 'Lamuru'),
(190715,  190700, 'Bengo'),
(190716,  190700, 'Ulaweng'),
(190717,  190700, 'Palakka'),
(190718,  190700, 'Awangpone'),
(190719,  190700, 'Tellu Siattinge'),
(190720,  190700, 'Amali'),
(190721,  190700, 'Ajangale'),
(190722,  190700, 'Dua Boccoe'),
(190723,  190700, 'Cenrana'),
(190724,  190700, 'Tanete Riattang Barat'),
(190725,  190700, 'Tanete Riattang'),
(190726,  190700, 'Tanete Riattang Timur'),
(190727,  190700, 'Tellu Limpoe'),
(190801,  190800, 'Sabbangparu'),
(190802,  190800, 'Tempe'),
(190803,  190800, 'Pammana'),
(190804,  190800, 'Bola'),
(190805,  190800, 'Takkalala'),
(190806,  190800, 'Sajo Anging'),
(190807,  190800, 'Majauleng'),
(190808,  190800, 'Tanasitolo'),
(190809,  190800, 'Belawa'),
(190810,  190800, 'Maniang Pajo'),
(190811,  190800, 'Keera'),
(190812,  190800, 'Pitumpanua'),
(190813,  190800, 'Gilireng'),
(190814,  190800, 'Penrang'),
(190901,  190900, 'Marioriwawo'),
(190902,  190900, 'Lalabata'),
(190903,  190900, 'Liliriaja'),
(190904,  190900, 'Lili Rilau'),
(190905,  190900, 'Donri-Donri'),
(190906,  190900, 'Mario Riawa'),
(190907,  190900, 'Ganra'),
(190908,  190900, 'Citta'),
(191001,  191000, 'Bissappu'),
(191002,  191000, 'Bantaeng'),
(191003,  191000, 'Tompobulu'),
(191004,  191000, 'Ulu Ere'),
(191005,  191000, 'Ere Merasa'),
(191006,  191000, 'Pa`Jukukang'),
(191007,  191000, 'Gantarang Keke'),
(191008,  191000, 'Sinoa'),
(191101,  191100, 'Gantarang'),
(191102,  191100, 'Ujung Bulu'),
(191103,  191100, 'Bontobahari'),
(191104,  191100, 'Bontotiro'),
(191105,  191100, 'Herlang'),
(191106,  191100, 'Kajang'),
(191107,  191100, 'Bulukumpa'),
(191108,  191100, 'Rilau Ale'),
(191109,  191100, 'Kindang'),
(191110,  191100, 'Ujung Loe'),
(191201,  191200, 'Sinjai Barat'),
(191202,  191200, 'Sinjai Borong'),
(191203,  191200, 'Sinjai Selatan'),
(191204,  191200, 'Tellu Limpoe'),
(191205,  191200, 'Sinjai Timur'),
(191206,  191200, 'Sinjai Tengah'),
(191207,  191200, 'Sinjai Utara'),
(191208,  191200, 'Bulupoddo'),
(191209,  191200, 'Pulau Sembilan'),
(191301,  191300, 'Pasimarannu'),
(191303,  191300, 'Bontosikuyu'),
(191304,  191300, 'Bontoharu'),
(191305,  191300, 'Bontomatene'),
(191306,  191300, 'Bontomanai'),
(191307,  191300, 'Benteng'),
(191308,  191300, 'Taka Bonerate'),
(191309,  191300, 'Pasilambena'),
(191310,  191300, 'Pasimasunggu Timur'),
(191311,  191300, 'Buki'),
(191390,  191300, 'Pasimasunggu'),
(191401,  191400, 'Suppa'),
(191402,  191400, 'Mattiro Sompe'),
(191403,  191400, 'Mattiro Bulu'),
(191404,  191400, 'Watang Sawitto'),
(191405,  191400, 'Patampanua'),
(191406,  191400, 'Cempa'),
(191407,  191400, 'Duampanua'),
(191408,  191400, 'Lembang'),
(191409,  191400, 'Lanrisang'),
(191410,  191400, 'Tiroang'),
(191411,  191400, 'Paleteang'),
(191412,  191400, 'Batulappa'),
(191501,  191500, 'Panca Lautang'),
(191502,  191500, 'Tellulimpoe'),
(191503,  191500, 'Watangpulu'),
(191504,  191500, 'Baranti'),
(191505,  191500, 'Panca Rijang'),
(191506,  191500, 'Maritengae'),
(191507,  191500, 'Pitu Riawa'),
(191508,  191500, 'Duapitue'),
(191509,  191500, 'Kulo'),
(191510,  191500, 'Pitu Riase'),
(191511,  191500, 'Watang Sidenreng'),
(191601,  191600, 'Maiwa'),
(191602,  191600, 'Enrekang'),
(191603,  191600, 'Baraka'),
(191604,  191600, 'Anggeraja'),
(191605,  191600, 'Alla'),
(191606,  191600, 'Bungin'),
(191607,  191600, 'Cendana'),
(191608,  191600, 'Curio'),
(191609,  191600, 'Malua'),
(191610,  191600, 'Buntu Batu'),
(191611,  191600, 'Masalle'),
(191612,  191600, 'Baroko'),
(191701,  191700, 'Larompong'),
(191702,  191700, 'Suli'),
(191703,  191700, 'Belopa'),
(191704,  191700, 'Bajo'),
(191705,  191700, 'Bassesangtempe'),
(191706,  191700, 'Bua Ponrang (Bupon)'),
(191707,  191700, 'Bua'),
(191708,  191700, 'Walenrang'),
(191709,  191700, 'Lamasi'),
(191710,  191700, 'Latimojong'),
(191711,  191700, 'Larompong Selatan'),
(191712,  191700, 'Kamanre'),
(191713,  191700, 'Walenrang Barat'),
(191714,  191700, 'Walenrang Utara'),
(191715,  191700, 'Walenrang Timur'),
(191716,  191700, 'Lamasi Timur'),
(191717,  191700, 'Suli Barat'),
(191718,  191700, 'Bajo Barat'),
(191719,  191700, 'Ponrang Selatan'),
(191720,  191700, 'Ponrang'),
(191721,  191700, 'Belopa Utara'),
(191722,  191700, 'Bassesangtempe Utara'),
(191801,  191800, 'Bonggakaradeng'),
(191802,  191800, 'Mengkendek'),
(191803,  191800, 'Sangalla'),
(191804,  191800, 'Makale'),
(191805,  191800, 'Saluputti'),
(191810,  191800, 'Simbuang'),
(191811,  191800, 'Rantetayo'),
(191812,  191800, 'Bittuang'),
(191813,  191800, 'Rano'),
(191814,  191800, 'Mappak'),
(191815,  191800, 'Gandangbatu Sillanan'),
(191816,  191800, 'Sangalla Selatan'),
(191817,  191800, 'Sangalla Utara'),
(191818,  191800, 'Makale Selatan'),
(191819,  191800, 'Makale Utara'),
(191820,  191800, 'Rembon'),
(191821,  191800, 'Masanda'),
(191822,  191800, 'Malimbong Balepe'),
(191823,  191800, 'Kurra'),
(192401,  192400, 'Sabbang'),
(192402,  192400, 'Baebunta'),
(192403,  192400, 'Malangke'),
(192404,  192400, 'Sukamaju'),
(192405,  192400, 'Bone-Bone'),
(192412,  192400, 'Masamba'),
(192413,  192400, 'Rongkong'),
(192415,  192400, 'Mappedeceng'),
(192416,  192400, 'Seko'),
(192417,  192400, 'Rampi'),
(192418,  192400, 'Malangke Barat'),
(192490,  192400, 'Tana Lili'),
(192491,  192400, 'Baebunta Selatan'),
(192492,  192400, 'Sabbang Selatan'),
(192493,  192400, 'Sukamaju Selatan'),
(192601,  192600, 'Burau'),
(192602,  192600, 'Tomoni'),
(192603,  192600, 'Wotu'),
(192604,  192600, 'Malili'),
(192605,  192600, 'Nuha'),
(192606,  192600, 'Mangkutana'),
(192607,  192600, 'Towuti'),
(192608,  192600, 'Angkona'),
(192609,  192600, 'Tomoni Timur'),
(192610,  192600, 'Kalaena'),
(192611,  192600, 'Wasuponda'),
(192701,  192700, 'Awan Rante Karua'),
(192702,  192700, 'Balusu'),
(192703,  192700, 'Bengkelekila'),
(192704,  192700, 'Baruppu'),
(192705,  192700, 'Buntao'),
(192706,  192700, 'Kapala Pitu'),
(192707,  192700, 'Kesu'),
(192708,  192700, 'Nanggala'),
(192709,  192700, 'Rantebua'),
(192710,  192700, 'Rantepao'),
(192711,  192700, 'Rindingallo'),
(192712,  192700, 'Sa`Dan'),
(192713,  192700, 'Sanggalangi'),
(192714,  192700, 'Sesean'),
(192715,  192700, 'Sesean Suloara'),
(192716,  192700, 'Sopai'),
(192717,  192700, 'Tallunglipu'),
(192718,  192700, 'Tikala'),
(192719,  192700, 'Tondon'),
(192720,  192700, 'Dende` Piongan Napo'),
(192721,  192700, 'Buntu Pepasan'),
(196001,  196000, 'Mariso'),
(196002,  196000, 'Mamajang'),
(196003,  196000, 'Tamalate'),
(196004,  196000, 'Makasar'),
(196005,  196000, 'Ujung Pandang'),
(196006,  196000, 'Wajo'),
(196007,  196000, 'Bontoala'),
(196008,  196000, 'Ujung Tanah'),
(196009,  196000, 'Tallo'),
(196010,  196000, 'Panakukkang'),
(196011,  196000, 'Biringkanaya'),
(196012,  196000, 'Tamalanrea'),
(196013,  196000, 'Rappocini'),
(196014,  196000, 'Manggala'),
(196015,  196000, 'Kep. Sangkarrang'),
(196101,  196100, 'Bacukiki'),
(196102,  196100, 'Ujung'),
(196103,  196100, 'Soreang'),
(196104,  196100, 'Bacukiki Barat'),
(196201,  196200, 'Wara'),
(196202,  196200, 'Wara Utara'),
(196203,  196200, 'Wara Selatan'),
(196204,  196200, 'Telluwanua'),
(196205,  196200, 'Wara Timur'),
(196206,  196200, 'Wara Barat'),
(196207,  196200, 'Sendana'),
(196208,  196200, 'Mungkajang'),
(196209,  196200, 'Bara'),
(200108,  200100, 'Soropia'),
(200109,  200100, 'Sampara'),
(200112,  200100, 'Lambuya'),
(200114,  200100, 'Pondidaha'),
(200115,  200100, 'Wawotobi'),
(200116,  200100, 'Unaaha'),
(200118,  200100, 'Abuki'),
(200124,  200100, 'Bondoala'),
(200125,  200100, 'Uepai'),
(200126,  200100, 'Wonggeduku'),
(200128,  200100, 'Tongauna'),
(200130,  200100, 'Latoma'),
(200131,  200100, 'Besulutu'),
(200132,  200100, 'Puriala'),
(200133,  200100, 'Meluhu'),
(200134,  200100, 'Amonggedo'),
(200139,  200100, 'Routa'),
(200140,  200100, 'Anggaberi'),
(200142,  200100, 'Kapoiala'),
(200143,  200100, 'Konawe'),
(200144,  200100, 'Asinua'),
(200147,  200100, 'Lalonggasumeeto'),
(200148,  200100, 'Onembute'),
(200149,  200100, 'Anggalomoare'),
(200150,  200100, 'Morosi'),
(200151,  200100, 'Wonggeduku Barat'),
(200152,  200100, 'Padangguni'),
(200153,  200100, 'Tongauna Utara'),
(200154,  200100, 'Anggotoa'),
(200201,  200200, 'Tongkuno'),
(200202,  200200, 'Parigi'),
(200203,  200200, 'Kabawo'),
(200205,  200200, 'Lawa'),
(200206,  200200, 'Kusambi'),
(200207,  200200, 'Katobu'),
(200208,  200200, 'Napabalano'),
(200209,  200200, 'Wakorumba Selatan'),
(200215,  200200, 'Lohia'),
(200216,  200200, 'Kontunaga'),
(200217,  200200, 'Sawerigadi'),
(200218,  200200, 'Maginti'),
(200219,  200200, 'Kabangka'),
(200220,  200200, 'Maligano'),
(200224,  200200, 'Tiworo Tengah'),
(200225,  200200, 'Barangka'),
(200226,  200200, 'Watopute'),
(200227,  200200, 'Batalaiworu'),
(200228,  200200, 'Duruka'),
(200229,  200200, 'Lasalepa'),
(200230,  200200, 'Pasir Putih'),
(200232,  200200, 'Tiworo Kepulauan'),
(200233,  200200, 'Bone'),
(200234,  200200, 'Kontu Kowuna'),
(200235,  200200, 'Marobo'),
(200236,  200200, 'Tongkuno Selatan'),
(200237,  200200, 'Pasi Kolaga'),
(200238,  200200, 'Batukara'),
(200239,  200200, 'Wa Daga'),
(200240,  200200, 'Napano Kusambi'),
(200241,  200200, 'Towea'),
(200242,  200200, 'Tiworo Selatan'),
(200243,  200200, 'Tiworo Utara'),
(200305,  200300, 'Lasalimu'),
(200306,  200300, 'Pasar Wajo'),
(200307,  200300, 'Sampolawa'),
(200308,  200300, 'Batauga'),
(200311,  200300, 'Kapontori'),
(200312,  200300, 'Gu'),
(200313,  200300, 'Lakudo'),
(200314,  200300, 'Mawasangka'),
(200321,  200300, 'Lasalimu Selatan'),
(200322,  200300, 'Batu Atas'),
(200323,  200300, 'Siompu'),
(200324,  200300, 'Kadatua'),
(200325,  200300, 'Mawasangka Timur'),
(200326,  200300, 'Talaga Raya'),
(200328,  200300, 'Mawasangka Tengah'),
(200329,  200300, 'Sangia Wambulu'),
(200330,  200300, 'Siontapia'),
(200331,  200300, 'Wolowa'),
(200332,  200300, 'Wabula'),
(200333,  200300, 'Lapandewa'),
(200334,  200300, 'Siompu Barat'),
(200401,  200400, 'Watubangga'),
(200402,  200400, 'Pomalaa'),
(200403,  200400, 'Wundulako'),
(200406,  200400, 'Kolaka'),
(200407,  200400, 'Wolo'),
(200412,  200400, 'Tanggetada'),
(200413,  200400, 'Baula'),
(200415,  200400, 'Latambaga'),
(200416,  200400, 'Samaturu'),
(200421,  200400, 'Toari'),
(200422,  200400, 'Polinggona'),
(200430,  200400, 'Iwoimendaa'),
(200501,  200500, 'Tinanggea'),
(200502,  200500, 'Palangga'),
(200503,  200500, 'Konda'),
(200504,  200500, 'Lainea'),
(200505,  200500, 'Moramo'),
(200506,  200500, 'Ranomeeto'),
(200507,  200500, 'Landono'),
(200508,  200500, 'Kolono'),
(200509,  200500, 'Andolo'),
(200510,  200500, 'Laonti'),
(200511,  200500, 'Angata'),
(200512,  200500, 'Lalembuu'),
(200513,  200500, 'Buke'),
(200514,  200500, 'Palangga Selatan'),
(200515,  200500, 'Baito'),
(200516,  200500, 'Laeya'),
(200517,  200500, 'Moramo Utara'),
(200518,  200500, 'Wolasi'),
(200519,  200500, 'Ranomeeto Barat'),
(200520,  200500, 'Mowila'),
(200521,  200500, 'Benua'),
(200522,  200500, 'Basala'),
(200523,  200500, 'Andoolo Barat'),
(200525,  200500, 'Sabulakoa'),
(200527,  200500, 'Kolono Timur'),
(200601,  200600, 'Binongko'),
(200602,  200600, 'Tomia'),
(200603,  200600, 'Kaledupa'),
(200604,  200600, 'Wangi-Wangi'),
(200605,  200600, 'Wangi-Wangi Selatan'),
(200606,  200600, 'Kaledupa Selatan'),
(200607,  200600, 'Tomia Timur'),
(200608,  200600, 'Togo Binongko'),
(200701,  200700, 'Kabaena'),
(200702,  200700, 'Kabaena Timur'),
(200703,  200700, 'Poleang'),
(200704,  200700, 'Poleang Timur'),
(200705,  200700, 'Rumbia'),
(200706,  200700, 'Rarowatu'),
(200707,  200700, 'Poleang Barat'),
(200708,  200700, 'Mataoleo'),
(200709,  200700, 'Rarowatu Utara'),
(200710,  200700, 'Poleang Utara'),
(200711,  200700, 'Poleang Selatan'),
(200712,  200700, 'Poleang Tenggara'),
(200713,  200700, 'Kabaena Selatan'),
(200714,  200700, 'Kabaena Barat'),
(200715,  200700, 'Kabaena Utara'),
(200716,  200700, 'Kabaena Tengah'),
(200717,  200700, 'Kep. Masaloka Raya'),
(200718,  200700, 'Rumbia Tengah'),
(200719,  200700, 'Poleang Tengah'),
(200720,  200700, 'Tontonunu'),
(200721,  200700, 'Lantari Jaya'),
(200722,  200700, 'Mata Usu'),
(200801,  200800, 'Lasusua'),
(200802,  200800, 'Pakue'),
(200803,  200800, 'Batuputih'),
(200804,  200800, 'Ranteangin'),
(200805,  200800, 'Kodeoha'),
(200806,  200800, 'Ngapa'),
(200807,  200800, 'Wawo'),
(200808,  200800, 'Lambai'),
(200809,  200800, 'Watunohu'),
(200810,  200800, 'Pakue Tengah'),
(200811,  200800, 'Pakue Utara'),
(200812,  200800, 'Porehu'),
(200813,  200800, 'Katoi'),
(200814,  200800, 'Tiwu'),
(200890,  200800, 'Tolala'),
(200901,  200900, 'Langgikima'),
(200902,  200900, 'Molawe'),
(200903,  200900, 'Lembo'),
(200904,  200900, 'Asera'),
(200905,  200900, 'Wiwirano'),
(200906,  200900, 'Lasolo'),
(200907,  200900, 'Sawa'),
(200908,  200900, 'Oheo'),
(200909,  200900, 'Andowia'),
(200910,  200900, 'Motui'),
(200911,  200900, 'Landawe'),
(200912,  200900, 'Lasolo Kepulauan'),
(200913,  200900, 'Wawolesea'),
(201001,  201000, 'Kulisusu'),
(201002,  201000, 'Kulisusu Barat'),
(201003,  201000, 'Kulisusu Utara'),
(201004,  201000, 'Kambowa'),
(201005,  201000, 'Bonegunu'),
(201006,  201000, 'Wakorumba Utara'),
(201111,  201100, 'Loea'),
(201112,  201100, 'Ladongi'),
(201113,  201100, 'Poli-Polia'),
(201114,  201100, 'Lambandia'),
(201115,  201100, 'Lalolae'),
(201116,  201100, 'Mowewe'),
(201117,  201100, 'Uluiwoi'),
(201118,  201100, 'Tinondo'),
(201119,  201100, 'Tirawuta'),
(201120,  201100, 'Ueesi'),
(201121,  201100, 'Aere'),
(201122,  201100, 'Dangia'),
(201201,  201200, 'Wawonii Barat'),
(201202,  201200, 'Wawonii Utara'),
(201203,  201200, 'Wawonii Timur Laut'),
(201204,  201200, 'Wawonii Timur'),
(201205,  201200, 'Wawonii Tenggara'),
(201206,  201200, 'Wawonii Selatan'),
(201207,  201200, 'Wawonii Tengah'),
(201301,  201300, 'Sawerigadi'),
(201302,  201300, 'Barangka'),
(201303,  201300, 'Lawa'),
(201304,  201300, 'Wadaga'),
(201305,  201300, 'Tiworo Selatan'),
(201306,  201300, 'Maginti'),
(201307,  201300, 'Tiworo Tengah'),
(201309,  201300, 'Tiworo Utara'),
(201310,  201300, 'Tiworo Kepulauan'),
(201311,  201300, 'Napano Kusambi'),
(201312,  201300, 'Kusambi'),
(201401,  201400, 'Batauga'),
(201402,  201400, 'Sampolawa'),
(201403,  201400, 'Lapandewa'),
(201404,  201400, 'Batu Atas'),
(201405,  201400, 'Siompu Barat'),
(201406,  201400, 'Siompu'),
(201407,  201400, 'Kadatua'),
(201601,  201600, 'Lakudo'),
(201602,  201600, 'Mawasangka Timur'),
(201603,  201600, 'Mawasangka Tengah'),
(201604,  201600, 'Mawasangka'),
(201605,  201600, 'Kec.Talaga Raya'),
(201606,  201600, 'Gu'),
(201607,  201600, 'Sangia Wambulu'),
(206001,  206000, 'Mandonga'),
(206002,  206000, 'Poasia'),
(206003,  206000, 'Kendari'),
(206004,  206000, 'Baruga'),
(206005,  206000, 'Kendari Barat'),
(206006,  206000, 'Abeli'),
(206007,  206000, 'Puuwatu'),
(206008,  206000, 'Kadia'),
(206009,  206000, 'Wua-Wua'),
(206010,  206000, 'Kambu'),
(206101,  206100, 'Betoambari'),
(206102,  206100, 'Wolio'),
(206103,  206100, 'Sorawolio'),
(206104,  206100, 'Bungi'),
(206105,  206100, 'Murhum'),
(206106,  206100, 'Kokalukuna'),
(206107,  206100, 'Lea-Lea'),
(206108,  206100, 'Batupoaro'),
(210101,  210100, 'Banda'),
(210104,  210100, 'Tehoru'),
(210105,  210100, 'Amahai'),
(210106,  210100, 'Teon Nila Serua'),
(210108,  210100, 'Saparua'),
(210109,  210100, 'Pulau Haruku'),
(210110,  210100, 'Salahutu'),
(210111,  210100, 'Leihitu'),
(210114,  210100, 'Seram Utara'),
(210116,  210100, 'Masohi'),
(210117,  210100, 'Nusa Laut'),
(210118,  210100, 'Teluk Elpaputih'),
(210119,  210100, 'Seram Utara Barat'),
(210120,  210100, 'Leihitu Barat'),
(210121,  210100, 'Telutih'),
(210122,  210100, 'Seram Utara Timur Seti'),
(210123,  210100, 'Seram Utara Timur Kobi'),
(210124,  210100, 'Saparua Timur'),
(210201,  210200, 'Kei Kecil'),
(210202,  210200, 'Kei Besar'),
(210205,  210200, 'Kei Besar Selatan'),
(210206,  210200, 'Kei Besar Utara Timur'),
(210212,  210200, 'Kei Kecil Barat'),
(210213,  210200, 'Kei Kecil Timur'),
(210214,  210200, 'Manyeuw'),
(210215,  210200, 'Hoat Sorbay'),
(210216,  210200, 'Kei Besar Utara Barat'),
(210217,  210200, 'Kei Besar Selatan Barat'),
(210218,  210200, 'Kei Kecil Timur Selatan'),
(210304,  210300, 'Airbuaya'),
(210307,  210300, 'Waeapo'),
(210310,  210300, 'Namlea'),
(210316,  210300, 'Waplau'),
(210317,  210300, 'Batabual'),
(210318,  210300, 'Lolong Guba'),
(210319,  210300, 'Waelata'),
(210320,  210300, 'Fena Leisela'),
(210321,  210300, 'Teluk Kaiely'),
(210322,  210300, 'Lilialy'),
(210404,  210400, 'Tanimbar Selatan'),
(210405,  210400, 'Tanimbar Utara'),
(210411,  210400, 'Wer Tamrian'),
(210412,  210400, 'Wer Maktian'),
(210413,  210400, 'Selaru'),
(210414,  210400, 'Yaru'),
(210415,  210400, 'Wuar Labobar'),
(210416,  210400, 'Nirun Mas'),
(210417,  210400, 'Kormomolin'),
(210418,  210400, 'Molu Maru'),
(210501,  210500, 'Kairatu'),
(210502,  210500, 'Seram Barat'),
(210503,  210500, 'Taniwel'),
(210505,  210500, 'Huamual'),
(210506,  210500, 'Amalatu'),
(210590,  210500, 'Inamosol'),
(210591,  210500, 'Elpaputih'),
(210592,  210500, 'Taniwel Timur'),
(210593,  210500, 'Huamual Belakang'),
(210594,  210500, 'Kepulauan Manipa'),
(210599,  210500, 'Kairatu Barat'),
(210601,  210600, 'Seram Timur'),
(210602,  210600, 'Werinama'),
(210603,  210600, 'Bula'),
(210604,  210600, 'Pulau Gorom'),
(210605,  210600, 'Wakate'),
(210606,  210600, 'Tutuk Tolu'),
(210607,  210600, 'Siwalalat'),
(210608,  210600, 'Kilmury'),
(210609,  210600, 'Pulau Panjang'),
(210610,  210600, 'Teor'),
(210611,  210600, 'Gorom Timur'),
(210612,  210600, 'Bula Barat'),
(210613,  210600, 'Kian Darat'),
(210614,  210600, 'Siritaun Wida Timur'),
(210615,  210600, 'Teluk Waru'),
(210616,  210600, 'Lian Vitu'),
(210617,  210600, 'Ukar Sengan'),
(210701,  210700, 'Pulau-Pulau Aru'),
(210702,  210700, 'Aru Tengah'),
(210703,  210700, 'Aru Selatan'),
(210704,  210700, 'Aru Selatan Timur'),
(210705,  210700, 'Aru Tengah Timur'),
(210706,  210700, 'Aru Tengah Selatan'),
(210707,  210700, 'Aru Utara'),
(210708,  210700, 'Aru Utara Timur Batuley'),
(210709,  210700, 'Sir-Sir'),
(210710,  210700, 'Aru Selatan Utara'),
(210801,  210800, 'Babar Timur'),
(210803,  210800, 'Mdona Hiera'),
(210804,  210800, 'Moa Lakor'),
(210805,  210800, 'Pulau Letti'),
(210808,  210800, 'Wetar'),
(210809,  210800, 'Damer'),
(210810,  210800, 'Pulau-Pulau Babar'),
(210811,  210800, 'Pulau-Pulau Terselatan'),
(210812,  210800, 'Pulau Masela'),
(210813,  210800, 'Dawelor Dawera'),
(210814,  210800, 'Pulau Wetang'),
(210815,  210800, 'Pulau Lakor'),
(210816,  210800, 'Wetar Utara'),
(210817,  210800, 'Wetar Barat'),
(210818,  210800, 'Wetar Timur'),
(210819,  210800, 'Kepulauan Romang'),
(210820,  210800, 'Kisar Utara'),
(210901,  210900, 'Ambalau'),
(210902,  210900, 'Kepala Madan'),
(210903,  210900, 'Leksula'),
(210904,  210900, 'Namrole'),
(210905,  210900, 'Waesama'),
(210906,  210900, 'Fena Fafan'),
(216001,  216000, 'Nusaniwe'),
(216002,  216000, 'Sirimau'),
(216003,  216000, 'Teluk Ambon'),
(216005,  216000, 'Baguala'),
(216006,  216000, 'Lei Timur Selatan'),
(216101,  216100, 'Pulau-Pulau Kur'),
(216102,  216100, 'Pulau Dullah Selatan'),
(216103,  216100, 'Pulau Dullah Utara'),
(216104,  216100, 'Tayando Tam'),
(216105,  216100, 'Kur Selatan'),
(220101,  220100, 'Gerokgak'),
(220102,  220100, 'Seririt'),
(220103,  220100, 'Busungbiu'),
(220104,  220100, 'Banjar'),
(220105,  220100, 'Sukasada'),
(220106,  220100, 'Buleleng'),
(220107,  220100, 'Sawan'),
(220108,  220100, 'Kubutambahan'),
(220109,  220100, 'Tejakula'),
(220201,  220200, 'Melaya'),
(220202,  220200, 'Negara'),
(220203,  220200, 'Mendoyo'),
(220204,  220200, 'Pekutatan'),
(220205,  220200, 'Jembrana'),
(220301,  220300, 'Selemadeg'),
(220302,  220300, 'Kerambitan'),
(220303,  220300, 'Tabanan'),
(220304,  220300, 'Kediri'),
(220305,  220300, 'Marga'),
(220306,  220300, 'Baturiti'),
(220307,  220300, 'Penebel'),
(220308,  220300, 'Pupuan'),
(220309,  220300, 'Selemadeg Barat'),
(220310,  220300, 'Selemadeg Timur'),
(220401,  220400, 'Kuta Selatan'),
(220402,  220400, 'Kuta'),
(220403,  220400, 'Kuta Utara'),
(220404,  220400, 'Mengwi'),
(220405,  220400, 'Abiansemal'),
(220406,  220400, 'Petang'),
(220501,  220500, 'Sukawati'),
(220502,  220500, 'Blahbatuh'),
(220503,  220500, 'Gianyar'),
(220504,  220500, 'Tampak Siring'),
(220505,  220500, 'Ubud'),
(220506,  220500, 'Tegallalang'),
(220507,  220500, 'Payangan'),
(220601,  220600, 'Nusapenida'),
(220602,  220600, 'Banjarangkan'),
(220603,  220600, 'Klungkung'),
(220604,  220600, 'Dawan'),
(220701,  220700, 'Susut'),
(220702,  220700, 'Bangli'),
(220703,  220700, 'Tembuku'),
(220704,  220700, 'Kintamani'),
(220801,  220800, 'Rendang'),
(220802,  220800, 'Sidemen'),
(220803,  220800, 'Manggis'),
(220804,  220800, 'Karangasem'),
(220805,  220800, 'Abang'),
(220806,  220800, 'Bebandem'),
(220807,  220800, 'Selat'),
(220808,  220800, 'Kubu'),
(226001,  226000, 'Denpasar Selatan'),
(226002,  226000, 'Denpasar Timur'),
(226003,  226000, 'Denpasar Barat'),
(226004,  226000, 'Denpasar Utara'),
(230101,  230100, 'Sekotong'),
(230102,  230100, 'Gerung'),
(230103,  230100, 'Labuapi'),
(230104,  230100, 'Kediri'),
(230105,  230100, 'Narmada'),
(230106,  230100, 'Gunung Sari'),
(230110,  230100, 'Kuripan'),
(230112,  230100, 'Lembar'),
(230114,  230100, 'Batu Layar'),
(230115,  230100, 'Lingsar'),
(230201,  230200, 'Praya Barat'),
(230202,  230200, 'Pujut'),
(230203,  230200, 'Praya Timur'),
(230204,  230200, 'Janapria'),
(230205,  230200, 'Kopang'),
(230206,  230200, 'Praya'),
(230207,  230200, 'Jonggat'),
(230208,  230200, 'Pringgarata'),
(230209,  230200, 'Batukliang'),
(230210,  230200, 'Batukliang Utara'),
(230211,  230200, 'Praya Barat Daya'),
(230212,  230200, 'Praya Tengah'),
(230301,  230300, 'Keruak'),
(230302,  230300, 'Sakra'),
(230303,  230300, 'Terara'),
(230304,  230300, 'Sikur'),
(230305,  230300, 'Masbagik'),
(230306,  230300, 'Sukamulia'),
(230307,  230300, 'Selong'),
(230308,  230300, 'Pringgabaya'),
(230309,  230300, 'Aikmel'),
(230310,  230300, 'Sambelia'),
(230311,  230300, 'Labuhan Haji'),
(230312,  230300, 'Suralaga'),
(230313,  230300, 'Sakra Timur'),
(230314,  230300, 'Sakra Barat'),
(230315,  230300, 'Jerowaru'),
(230316,  230300, 'Pringgasela'),
(230317,  230300, 'Montong Gading'),
(230318,  230300, 'Wanasaba'),
(230319,  230300, 'Sembalun'),
(230320,  230300, 'Suela'),
(230321,  230300, 'Lenek'),
(230402,  230400, 'Lunyuk'),
(230405,  230400, 'Alas'),
(230407,  230400, 'Batulanteh'),
(230408,  230400, 'Sumbawa'),
(230409,  230400, 'Moyo Hilir'),
(230410,  230400, 'Moyo Hulu'),
(230411,  230400, 'Ropang'),
(230413,  230400, 'Plampang'),
(230414,  230400, 'Empang'),
(230415,  230400, 'Labuhan Badas'),
(230416,  230400, 'Alas Barat'),
(230419,  230400, 'Labangka'),
(230420,  230400, 'Unter Iwes'),
(230421,  230400, 'Rhee'),
(230422,  230400, 'Buer'),
(230423,  230400, 'Moyo Utara'),
(230424,  230400, 'Maronge'),
(230425,  230400, 'Tarano'),
(230426,  230400, 'Lopok'),
(230427,  230400, 'Lenangguar'),
(230428,  230400, 'Orong Telu'),
(230429,  230400, 'Utan'),
(230430,  230400, 'Lape'),
(230431,  230400, 'Lantung'),
(230501,  230500, 'Hu`U'),
(230502,  230500, 'Dompu'),
(230503,  230500, 'Woja'),
(230504,  230500, 'Kilo'),
(230505,  230500, 'Kempo'),
(230506,  230500, 'Pekat'),
(230507,  230500, 'Pajo'),
(230508,  230500, 'Manggelewa'),
(230601,  230600, 'Monta'),
(230602,  230600, 'Bolo'),
(230603,  230600, 'Woha'),
(230604,  230600, 'Belo'),
(230605,  230600, 'Wawo'),
(230606,  230600, 'Sape'),
(230607,  230600, 'Wera'),
(230608,  230600, 'Donggo'),
(230609,  230600, 'Sanggar'),
(230610,  230600, 'Lambu'),
(230611,  230600, 'Tambora'),
(230612,  230600, 'Ambalawi'),
(230613,  230600, 'Mada Pangga'),
(230614,  230600, 'Langgudu'),
(230615,  230600, 'Soromandi'),
(230616,  230600, 'Parado'),
(230617,  230600, 'Lambitu'),
(230618,  230600, 'Palibelo'),
(230701,  230700, 'Jereweh'),
(230702,  230700, 'Taliwang'),
(230703,  230700, 'Seteluk'),
(230704,  230700, 'Brang Rea'),
(230705,  230700, 'Sekongkang'),
(230706,  230700, 'Maluk'),
(230707,  230700, 'Brang Ene'),
(230708,  230700, 'Poto Tano'),
(230801,  230800, 'Tanjung'),
(230802,  230800, 'Gangga'),
(230803,  230800, 'Bayan'),
(230804,  230800, 'Pemenang'),
(230805,  230800, 'Kayangan'),
(236001,  236000, 'Ampenan'),
(236002,  236000, 'Mataram'),
(236003,  236000, 'Cakranegara'),
(236004,  236000, 'Sekarbela'),
(236005,  236000, 'Selaparang'),
(236006,  236000, 'Sandubaya'),
(236101,  236100, 'Rasanae Barat'),
(236102,  236100, 'Rasanae Timur'),
(236103,  236100, 'Asakota'),
(236104,  236100, 'Raba'),
(236105,  236100, 'Mpunda'),
(240110,  240100, 'Semau'),
(240111,  240100, 'Kupang Barat'),
(240112,  240100, 'Kupang Tengah'),
(240113,  240100, 'Amarasi'),
(240114,  240100, 'Kupang Timur'),
(240115,  240100, 'Sulamu'),
(240116,  240100, 'Fatuleu'),
(240117,  240100, 'Takari'),
(240118,  240100, 'Amfoang Selatan'),
(240119,  240100, 'Amfoang Utara'),
(240121,  240100, 'Nekamese'),
(240122,  240100, 'Amabi Oefeto Timur'),
(240123,  240100, 'Amarasi Selatan'),
(240124,  240100, 'Amarasi Timur'),
(240125,  240100, 'Amarasi Barat'),
(240126,  240100, 'Amfoang Barat Daya'),
(240127,  240100, 'Amfoang Barat Laut'),
(240130,  240100, 'Semau Selatan'),
(240131,  240100, 'Taebenu'),
(240132,  240100, 'Amabi Oefeto'),
(240133,  240100, 'Fatuleu Tengah'),
(240134,  240100, 'Fatuleu Barat'),
(240135,  240100, 'Amfoang Timur'),
(240136,  240100, 'Amfoang Tengah'),
(240301,  240300, 'Mollo Utara'),
(240302,  240300, 'Mollo Selatan'),
(240303,  240300, 'Kota Soe'),
(240304,  240300, 'Amanuban Barat'),
(240305,  240300, 'Amanuban Selatan'),
(240306,  240300, 'Kuanfatu'),
(240307,  240300, 'Amanuban Tengah'),
(240308,  240300, 'Amanuban Timur'),
(240309,  240300, 'Kie'),
(240310,  240300, 'Amanatun Selatan'),
(240311,  240300, 'Amanatun Utara'),
(240312,  240300, 'Fatumnasi'),
(240313,  240300, 'Polen'),
(240314,  240300, 'Batuputih'),
(240315,  240300, 'Boking'),
(240316,  240300, 'Noebana'),
(240317,  240300, 'Nunkolo'),
(240318,  240300, 'Kot`Olin'),
(240319,  240300, 'Oenino'),
(240320,  240300, 'Kolbano'),
(240321,  240300, 'Kualin'),
(240322,  240300, 'Toianas'),
(240323,  240300, 'Mollo Barat'),
(240324,  240300, 'Kok Baun'),
(240325,  240300, 'Tobu'),
(240326,  240300, 'Nunbena'),
(240327,  240300, 'Mollo Tengah'),
(240328,  240300, 'Kuatnana'),
(240329,  240300, 'Noebeba'),
(240330,  240300, 'Fautmolo'),
(240331,  240300, 'Fatukopa'),
(240332,  240300, 'Santian'),
(240401,  240400, 'Miomafo Barat'),
(240402,  240400, 'Miomafo Timur'),
(240403,  240400, 'Kota Kefamenanu'),
(240404,  240400, 'Insana'),
(240405,  240400, 'Biboki Selatan'),
(240406,  240400, 'Biboki Utara'),
(240407,  240400, 'Noemuti'),
(240408,  240400, 'Insana Utara'),
(240409,  240400, 'Biboki Anleu'),
(240410,  240400, 'Noemuti Timur'),
(240411,  240400, 'Miomafo Tengah'),
(240412,  240400, 'Musi'),
(240413,  240400, 'Mutis'),
(240414,  240400, 'Bikomi Selatan'),
(240415,  240400, 'Bikomi Tengah'),
(240416,  240400, 'Bikomi Nilulat'),
(240417,  240400, 'Bikomi Utara'),
(240418,  240400, 'Naibenu'),
(240419,  240400, 'Insana Fafinesu'),
(240420,  240400, 'Insana Barat'),
(240421,  240400, 'Insana Tengah'),
(240422,  240400, 'Biboki Tanpah'),
(240423,  240400, 'Biboki Moenleu'),
(240424,  240400, 'Biboki Feotleu'),
(240505,  240500, 'Tasifeto Barat'),
(240506,  240500, 'Kota Atambua'),
(240507,  240500, 'Tasifeto Timur'),
(240508,  240500, 'Lamakmen'),
(240509,  240500, 'Kakuluk Mesak'),
(240510,  240500, 'Raihat'),
(240515,  240500, 'Rai Manuk'),
(240517,  240500, 'Lasiolat'),
(240518,  240500, 'Lamakmen Selatan'),
(240521,  240500, 'Atambua Barat'),
(240522,  240500, 'Atambua Selatan'),
(240523,  240500, 'Nanaet Duabesi'),
(240602,  240600, 'Alor Barat Daya'),
(240603,  240600, 'Alor Selatan'),
(240604,  240600, 'Alor Timur'),
(240605,  240600, 'Teluk Mutiara'),
(240606,  240600, 'Alor Barat Laut'),
(240607,  240600, 'Pantar'),
(240608,  240600, 'Alor Timur Laut'),
(240609,  240600, 'Alor Tengah Utara'),
(240610,  240600, 'Pantar Barat'),
(240611,  240600, 'Pantar Timur'),
(240612,  240600, 'Pantar Barat Laut'),
(240613,  240600, 'Pantar Tengah'),
(240614,  240600, 'Mataru'),
(240615,  240600, 'Pureman'),
(240616,  240600, 'Kabola'),
(240617,  240600, 'Pulau Pura'),
(240618,  240600, 'Lembur'),
(240701,  240700, 'Wulang Gitang'),
(240702,  240700, 'Tanjung Bunga'),
(240703,  240700, 'Larantuka'),
(240704,  240700, 'Solor Barat'),
(240705,  240700, 'Solor Timur'),
(240706,  240700, 'Adonara Barat'),
(240707,  240700, 'Adonara Timur'),
(240708,  240700, 'Titehena'),
(240709,  240700, 'Ile Boleng'),
(240710,  240700, 'Witihama'),
(240711,  240700, 'Kelubagolit'),
(240712,  240700, 'Wotan Ulumado'),
(240713,  240700, 'Ile Mandiri'),
(240714,  240700, 'Demon Pagong'),
(240715,  240700, 'Lewolema'),
(240716,  240700, 'Ilebura'),
(240717,  240700, 'Adonara'),
(240718,  240700, 'Adonara Tengah'),
(240719,  240700, 'Solor Selatan'),
(240801,  240800, 'Paga'),
(240802,  240800, 'Lela'),
(240803,  240800, 'Bola'),
(240804,  240800, 'Talibura'),
(240805,  240800, 'Kewapante'),
(240806,  240800, 'Nelle'),
(240807,  240800, 'Nita'),
(240808,  240800, 'Alok'),
(240809,  240800, 'Mego'),
(240810,  240800, 'Waigete'),
(240811,  240800, 'Palue'),
(240812,  240800, 'Waiblama'),
(240813,  240800, 'Alok Barat'),
(240814,  240800, 'Alok Timur'),
(240815,  240800, 'Magependa'),
(240816,  240800, 'Koting'),
(240817,  240800, 'Tana Wawo'),
(240818,  240800, 'Hewokloang'),
(240819,  240800, 'Kangae'),
(240820,  240800, 'Doreng'),
(240821,  240800, 'Mapitara'),
(240901,  240900, 'Nangapanda'),
(240902,  240900, 'Ende'),
(240903,  240900, 'Ende Selatan'),
(240904,  240900, 'Ndona'),
(240905,  240900, 'Wolowaru'),
(240906,  240900, 'Maurole'),
(240907,  240900, 'Detusoko'),
(240909,  240900, 'Maukaro'),
(240910,  240900, 'Wewaria'),
(240911,  240900, 'Wolojita'),
(240912,  240900, 'Pulau Ende'),
(240913,  240900, 'Kota Baru'),
(240914,  240900, 'Ndona Timur'),
(240915,  240900, 'Kelimutu'),
(240916,  240900, 'Lio Timur'),
(240917,  240900, 'Detukeli'),
(240918,  240900, 'Ndori'),
(240919,  240900, 'Ende Utara'),
(240920,  240900, 'Ende Tengah'),
(240921,  240900, 'Ende Timur'),
(240922,  240900, 'Lepembusu Kelisoke'),
(241001,  241000, 'Aimere'),
(241002,  241000, 'Bajawa'),
(241003,  241000, 'Golewa'),
(241004,  241000, 'Golewa Barat'),
(241007,  241000, 'Bajawa Utara'),
(241008,  241000, 'Riung'),
(241012,  241000, 'Riung Barat'),
(241013,  241000, 'Soa'),
(241015,  241000, 'Jerebuu'),
(241017,  241000, 'Riung Selatan (Wolomeze)'),
(241018,  241000, 'Inerie'),
(241019,  241000, 'Golewa Selatan'),
(241104,  241100, 'Satarmese'),
(241111,  241100, 'Langke Rembong'),
(241112,  241100, 'Ruteng'),
(241113,  241100, 'Cibal'),
(241114,  241100, 'Reok'),
(241117,  241100, 'Wae Ri`I'),
(241118,  241100, 'Satar Mese Barat'),
(241119,  241100, 'Rahong Utara'),
(241120,  241100, 'Lelak'),
(241121,  241100, 'Reok Barat'),
(241122,  241100, 'Cibal Barat'),
(241201,  241200, 'Lewa'),
(241202,  241200, 'Tabundung'),
(241203,  241200, 'Paberiwai'),
(241204,  241200, 'Pahunga Lodu'),
(241205,  241200, 'Rindi'),
(241206,  241200, 'Pandawai'),
(241207,  241200, 'Kota Waingapu'),
(241208,  241200, 'Haharu'),
(241209,  241200, 'Nggaha Ori Angu'),
(241210,  241200, 'Karera'),
(241211,  241200, 'Umalulu'),
(241212,  241200, 'Kahaungu Eti'),
(241213,  241200, 'Matawai La Pawu'),
(241214,  241200, 'Pinu Pahar'),
(241215,  241200, 'Wulla Waijelu'),
(241216,  241200, 'Katala Hamu Lingu'),
(241217,  241200, 'Mahu'),
(241218,  241200, 'Ngadu Ngala'),
(241219,  241200, 'Kambata Mapambuhang'),
(241220,  241200, 'Kambera'),
(241221,  241200, 'Kanatang'),
(241222,  241200, 'Lewa Tidahu'),
(241305,  241300, 'Loli'),
(241306,  241300, 'Kota Waikabubak'),
(241310,  241300, 'Wanokaka'),
(241311,  241300, 'Lamboya'),
(241318,  241300, 'Tana Righu'),
(241319,  241300, 'Laboya Barat'),
(241401,  241400, 'Naga Wutung'),
(241402,  241400, 'Atadei'),
(241403,  241400, 'Ile Ape'),
(241404,  241400, 'Lebatukan'),
(241405,  241400, 'Nubatukan'),
(241406,  241400, 'Omesuri'),
(241407,  241400, 'Buyasuri'),
(241408,  241400, 'Wulandoni'),
(241409,  241400, 'Ile Ape Timur'),
(241504,  241500, 'Rote Barat Daya'),
(241505,  241500, 'Rote Barat Laut'),
(241506,  241500, 'Lobalain'),
(241507,  241500, 'Rote Tengah'),
(241508,  241500, 'Pantai Baru'),
(241509,  241500, 'Rote Timur'),
(241510,  241500, 'Rote Barat'),
(241511,  241500, 'Rote Selatan'),
(241512,  241500, 'Ndao Nuse'),
(241513,  241500, 'Landu Leko'),
(241601,  241600, 'Komodo'),
(241602,  241600, 'Sano Nggoang'),
(241603,  241600, 'Lembor'),
(241604,  241600, 'Kuwus'),
(241605,  241600, 'Macang Pacar'),
(241606,  241600, 'Boleng'),
(241607,  241600, 'Welak'),
(241608,  241600, 'Ndoso'),
(241609,  241600, 'Lembor Selatan'),
(241610,  241600, 'Mbeliling'),
(241611,  241600, 'Kuwus Barat'),
(241612,  241600, 'Pacar'),
(241701,  241700, 'Aesesa'),
(241702,  241700, 'Boawae'),
(241703,  241700, 'Keo Tengah'),
(241704,  241700, 'Mauponggo'),
(241705,  241700, 'Nangaroro'),
(241706,  241700, 'Wolowae'),
(241708,  241700, 'Aesesa Selatan'),
(241801,  241800, 'Katiku Tana'),
(241802,  241800, 'Mamboro'),
(241803,  241800, 'Umbu Ratu Nggay'),
(241804,  241800, 'Umbu Ratu Nggay Barat'),
(241805,  241800, 'Katiku Tana Selatan'),
(241901,  241900, 'Kodi'),
(241902,  241900, 'Kodi Bangedo'),
(241903,  241900, 'Loura'),
(241904,  241900, 'Wewewa Barat'),
(241905,  241900, 'Wewewa Selatan'),
(241906,  241900, 'Wewewa Timur'),
(241907,  241900, 'Wewewa Utara'),
(241908,  241900, 'Kodi Utara'),
(241909,  241900, 'Kota Tambolaka'),
(241910,  241900, 'Wewewa Tengah'),
(241911,  241900, 'Kodi Balaghar'),
(242001,  242000, 'Elar'),
(242002,  242000, 'Kota Komba'),
(242003,  242000, 'Lamba Leda'),
(242004,  242000, 'Poco Ranaka'),
(242005,  242000, 'Sambi Rampas'),
(242006,  242000, 'Borong'),
(242007,  242000, 'Rana Mese'),
(242008,  242000, 'Poco Ranaka Timur'),
(242009,  242000, 'Elar Selatan'),
(242111,  242100, 'Hawu Mehara'),
(242112,  242100, 'Sabu Tengah'),
(242113,  242100, 'Raijua'),
(242114,  242100, 'Sabu Liae'),
(242115,  242100, 'Sabu Barat'),
(242116,  242100, 'Sabu Timur'),
(242221,  242200, 'Malaka Barat'),
(242222,  242200, 'Wewiku'),
(242223,  242200, 'Weliman'),
(242224,  242200, 'Rinhat'),
(242225,  242200, 'Io Kufeu'),
(242226,  242200, 'Sasitamean'),
(242227,  242200, 'Laenmanen'),
(242228,  242200, 'Malaka Timur'),
(242229,  242200, 'Kobalima Timur'),
(242230,  242200, 'Kobalima'),
(242231,  242200, 'Botin Leobele'),
(242232,  242200, 'Malaka Tengah'),
(246001,  246000, 'Alak'),
(246002,  246000, 'Maulafa'),
(246003,  246000, 'Oebobo'),
(246004,  246000, 'Kelapa Lima'),
(246005,  246000, 'Kota Raja'),
(246006,  246000, 'Kota Lama'),
(250108,  250100, 'Kaureh'),
(250114,  250100, 'Kemtuk'),
(250115,  250100, 'Kemtuk Gresi'),
(250116,  250100, 'Nimboran'),
(250117,  250100, 'Nimbokrang'),
(250118,  250100, 'Unurum Guay'),
(250120,  250100, 'Demta'),
(250121,  250100, 'Depapre'),
(250122,  250100, 'Sentani Barat'),
(250123,  250100, 'Sentani'),
(250124,  250100, 'Sentani Timur'),
(250125,  250100, 'Airu'),
(250126,  250100, 'Yapsi'),
(250127,  250100, 'Namblong'),
(250128,  250100, 'Waibu'),
(250129,  250100, 'Ebungfau'),
(250130,  250100, 'Yokari'),
(250131,  250100, 'Ravenirara'),
(250132,  250100, 'Gresi Selatan'),
(250201,  250200, 'Numfor Barat'),
(250202,  250200, 'Numfor Timur'),
(250203,  250200, 'Padaido'),
(250204,  250200, 'Biak Timur'),
(250205,  250200, 'Biak Kota'),
(250206,  250200, 'Samofa'),
(250207,  250200, 'Yendidori'),
(250208,  250200, 'Biak Utara'),
(250209,  250200, 'Warsa'),
(250210,  250200, 'Biak Barat'),
(250211,  250200, 'Swandiwe'),
(250212,  250200, 'Orkeri'),
(250213,  250200, 'Bruyandori'),
(250214,  250200, 'Poiru'),
(250215,  250200, 'Ainando Padaido'),
(250216,  250200, 'Oridek'),
(250217,  250200, 'Andey'),
(250218,  250200, 'Yawosi'),
(250219,  250200, 'Bondifuar'),
(250304,  250300, 'Yapen Timur'),
(250305,  250300, 'Angkaisera'),
(250306,  250300, 'Yapen Selatan'),
(250307,  250300, 'Yapen Barat'),
(250308,  250300, 'Poom'),
(250309,  250300, 'Kosiwo'),
(250310,  250300, 'Yapen Utara'),
(250311,  250300, 'Raimbawi'),
(250312,  250300, 'Teluk Ampimoi'),
(250313,  250300, 'Kepulauan Ambai'),
(250314,  250300, 'Wonawa'),
(250315,  250300, 'Windesi'),
(250316,  250300, 'Pulau Kurudu'),
(250317,  250300, 'Pulau Yerui'),
(250701,  250700, 'Kimaam'),
(250702,  250700, 'Okaba'),
(250703,  250700, 'Kurik'),
(250704,  250700, 'Merauke'),
(250705,  250700, 'Muting'),
(250724,  250700, 'Distrik Ulilin'),
(250725,  250700, 'Semangga'),
(250726,  250700, 'Tanah Miring'),
(250727,  250700, 'Jagebob'),
(250728,  250700, 'Sota'),
(250729,  250700, 'Eligobel'),
(250730,  250700, 'Naukenjerai'),
(250731,  250700, 'Animha'),
(250732,  250700, 'Malind'),
(250733,  250700, 'Tubang'),
(250734,  250700, 'Ngguti'),
(250736,  250700, 'Kaptel'),
(250737,  250700, 'Tabonji'),
(250738,  250700, 'Waan'),
(250739,  250700, 'Ilwayab'),
(250818,  250800, 'Asologaima'),
(250819,  250800, 'Kurulu'),
(250839,  250800, 'Walelagama'),
(250841,  250800, 'Musatfak'),
(250843,  250800, 'Asolokobal'),
(250848,  250800, 'Pelebaga'),
(250849,  250800, 'Yalengga'),
(250854,  250800, 'Wamena'),
(250860,  250800, 'Hubikosi'),
(250862,  250800, 'Bolakme'),
(250863,  250800, 'Wollo'),
(250864,  250800, 'Wesaput'),
(250865,  250800, 'Trikora'),
(250866,  250800, 'Walaik'),
(250867,  250800, 'Wouma'),
(250868,  250800, 'Ibele'),
(250869,  250800, 'Taelarek'),
(250870,  250800, 'Wame'),
(250871,  250800, 'Napua'),
(250872,  250800, 'Hubikiak'),
(250873,  250800, 'Itlay Hisage'),
(250874,  250800, 'Pisugi'),
(250875,  250800, 'Molagalome'),
(250876,  250800, 'Tagineri'),
(250877,  250800, 'Silo Karno Doga'),
(250878,  250800, 'Siepkosi'),
(250879,  250800, 'Usilimo'),
(250880,  250800, 'Libarek'),
(250881,  250800, 'Wadangku'),
(250882,  250800, 'Koragi'),
(250883,  250800, 'Tagime'),
(250884,  250800, 'Piramid'),
(250885,  250800, 'Muliama'),
(250886,  250800, 'Bugi'),
(250887,  250800, 'Bipiri'),
(250888,  250800, 'Welesi'),
(250889,  250800, 'Asotipo'),
(250890,  250800, 'Maima'),
(250891,  250800, 'Wita Waya'),
(250892,  250800, 'Popugoba'),
(250905,  250900, 'Uwapa'),
(250906,  250900, 'Yaur'),
(250907,  250900, 'Wanggar'),
(250908,  250900, 'Nabire'),
(250909,  250900, 'Napan'),
(250910,  250900, 'Siriwo'),
(250911,  250900, 'Teluk Umar'),
(250912,  250900, 'Makimi'),
(250916,  250900, 'Teluk Kimi'),
(250918,  250900, 'Kepulauan Moora'),
(250922,  250900, 'Nabire Barat'),
(250923,  250900, 'Wapoga'),
(250924,  250900, 'Menou'),
(250990,  250900, 'Dipa'),
(250999,  250900, 'Yaro'),
(251003,  251000, 'Paniai Timur'),
(251004,  251000, 'Bibida'),
(251008,  251000, 'Paniai Barat'),
(251009,  251000, 'Bogoboida'),
(251014,  251000, 'Yatamo'),
(251015,  251000, 'Kebo'),
(251016,  251000, 'Dumadama'),
(251018,  251000, 'Ekadide'),
(251019,  251000, 'Siriwo'),
(251020,  251000, 'Weege Bino'),
(251090,  251000, 'Aradide'),
(251091,  251000, 'Aweida'),
(251092,  251000, 'Baya Biru'),
(251093,  251000, 'Deiyai Miyo'),
(251094,  251000, 'Dogomo'),
(251095,  251000, 'Muye'),
(251096,  251000, 'Nakama'),
(251097,  251000, 'Pugo Dagi'),
(251098,  251000, 'Teluk Deya'),
(251099,  251000, 'Topiyai'),
(251104,  251100, 'Fawi'),
(251105,  251100, 'Mulia'),
(251106,  251100, 'Ilu'),
(251110,  251100, 'Mewoluk'),
(251111,  251100, 'Yamo'),
(251113,  251100, 'Torere'),
(251114,  251100, 'Jigonikme'),
(251115,  251100, 'Tingginambut'),
(251116,  251100, 'Nume'),
(251117,  251100, 'Pagaleme'),
(251118,  251100, 'Gurage'),
(251119,  251100, 'Irimuli'),
(251120,  251100, 'Muara'),
(251121,  251100, 'Ilamburawi'),
(251122,  251100, 'Yambi'),
(251123,  251100, 'Lumo'),
(251124,  251100, 'Molanikime'),
(251125,  251100, 'Dokome'),
(251126,  251100, 'Kalome'),
(251127,  251100, 'Wanwi'),
(251128,  251100, 'Yamoneri'),
(251129,  251100, 'Waegi'),
(251130,  251100, 'Nioga'),
(251131,  251100, 'Gubume'),
(251132,  251100, 'Taganombak'),
(251133,  251100, 'Dagai'),
(251134,  251100, 'Kiyage'),
(251201,  251200, 'Mimika Barat'),
(251202,  251200, 'Mimika Timur'),
(251203,  251200, 'Mimika Baru'),
(251204,  251200, 'Agimuga'),
(251205,  251200, 'Mimika Barat Jauh'),
(251206,  251200, 'Mimika Barat Tengah'),
(251209,  251200, 'Tembagapura'),
(251210,  251200, 'Jila'),
(251211,  251200, 'Jita'),
(251212,  251200, 'Kuala Kencana'),
(251213,  251200, 'Mimika Timur Tengah'),
(251214,  251200, 'Mimika Timur Jauh'),
(251215,  251200, 'Mimika Tengah'),
(251216,  251200, 'Kwamki Narama'),
(251217,  251200, 'Hoya'),
(251218,  251200, 'Iwaka'),
(251219,  251200, 'Wania'),
(251220,  251200, 'Amar'),
(251221,  251200, 'Alama'),
(251301,  251300, 'Jair'),
(251302,  251300, 'Mindiptana'),
(251303,  251300, 'Mandobo'),
(251304,  251300, 'Kouh'),
(251305,  251300, 'Woropko'),
(251306,  251300, 'Bomakia'),
(251307,  251300, 'Subur'),
(251308,  251300, 'Iniyandit'),
(251309,  251300, 'Fofi'),
(251310,  251300, 'Arimop'),
(251311,  251300, 'Firiwage'),
(251312,  251300, 'Manggelum'),
(251313,  251300, 'Yaniruma'),
(251314,  251300, 'Ambatkwi'),
(251315,  251300, 'Kombut'),
(251316,  251300, 'Ninati'),
(251317,  251300, 'Sesnuk'),
(251318,  251300, 'Ki'),
(251319,  251300, 'Kombay'),
(251320,  251300, 'Kawagit'),
(251401,  251400, 'Nambioman Bapai'),
(251402,  251400, 'Edera'),
(251403,  251400, 'Obaa'),
(251404,  251400, 'Haju'),
(251405,  251400, 'Assue'),
(251406,  251400, 'Citakmitak'),
(251407,  251400, 'Minyamur'),
(251408,  251400, 'Venaha'),
(251409,  251400, 'Passue'),
(251410,  251400, 'Kaibar'),
(251411,  251400, 'Syahcame'),
(251412,  251400, 'Yakomi'),
(251413,  251400, 'Bamgi'),
(251414,  251400, 'Passue Bawah'),
(251415,  251400, 'Ti Zain'),
(251501,  251500, 'Pantai Kasuari'),
(251502,  251500, 'Fayit'),
(251503,  251500, 'Atsy'),
(251504,  251500, 'Suator'),
(251505,  251500, 'Akat'),
(251506,  251500, 'Agats'),
(251507,  251500, 'Sawaerma'),
(251508,  251500, 'Kopay'),
(251509,  251500, 'Safan'),
(251510,  251500, 'Sirets'),
(251511,  251500, 'Joerat'),
(251512,  251500, 'Pulau Tiga'),
(251513,  251500, 'Der Koumur'),
(251514,  251500, 'Ayip'),
(251515,  251500, 'Betcbamu'),
(251516,  251500, 'Suru-Suru'),
(251517,  251500, 'Kolf Braza'),
(251518,  251500, 'Jetsy'),
(251519,  251500, 'Unir Sirau'),
(251521,  251500, 'Aswi'),
(251522,  251500, 'Awyu'),
(251523,  251500, 'Joutu'),
(251524,  251500, 'Koroway Buluanop'),
(251601,  251600, 'Kurima'),
(251602,  251600, 'Ninia'),
(251603,  251600, 'Anggruk'),
(251604,  251600, 'Dekai'),
(251605,  251600, 'Obio'),
(251606,  251600, 'Suru Suru'),
(251607,  251600, 'Wusamu'),
(251608,  251600, 'Amuma'),
(251609,  251600, 'Musaik'),
(251610,  251600, 'Pasema'),
(251611,  251600, 'Hogio'),
(251612,  251600, 'Mogi'),
(251613,  251600, 'Soba'),
(251614,  251600, 'Werima'),
(251615,  251600, 'Tangma'),
(251616,  251600, 'Ukha'),
(251617,  251600, 'Panggema'),
(251618,  251600, 'Kosarek'),
(251619,  251600, 'Nipsan'),
(251620,  251600, 'Ubahak'),
(251621,  251600, 'Pronggoli'),
(251622,  251600, 'Walma'),
(251623,  251600, 'Yahuliambut'),
(251624,  251600, 'Puldama'),
(251625,  251600, 'Hereapingi'),
(251626,  251600, 'Ubahili'),
(251627,  251600, 'Talambo'),
(251628,  251600, 'Endomen'),
(251629,  251600, 'Kona'),
(251630,  251600, 'Dirwemna'),
(251631,  251600, 'Holuwon'),
(251632,  251600, 'Lolat'),
(251633,  251600, 'Soloikma'),
(251634,  251600, 'Sela'),
(251635,  251600, 'Korupun'),
(251636,  251600, 'Langda'),
(251637,  251600, 'Bomela'),
(251638,  251600, 'Suntamon'),
(251640,  251600, 'Sobaham'),
(251641,  251600, 'Kabianggama'),
(251642,  251600, 'Kwelamdua'),
(251643,  251600, 'Kwikma'),
(251644,  251600, 'Hilipuk'),
(251645,  251600, 'Duram'),
(251646,  251600, 'Yogosem'),
(251647,  251600, 'Kayo'),
(251648,  251600, 'Sumo'),
(251649,  251600, 'Silimo'),
(251650,  251600, 'Samenage'),
(251651,  251600, 'Nalca'),
(251699,  251600, 'Seredela'),
(251702,  251700, 'Oksibil'),
(251703,  251700, 'Borme'),
(251704,  251700, 'Okbibab'),
(251705,  251700, 'Kiwirok'),
(251706,  251700, 'Batom'),
(251707,  251700, 'Pepera'),
(251708,  251700, 'Bime'),
(251709,  251700, 'Aboy'),
(251710,  251700, 'Kiwirok Timur'),
(251711,  251700, 'Kawor'),
(251712,  251700, 'Tarup'),
(251713,  251700, 'Alemsom'),
(251714,  251700, 'Serambakon'),
(251715,  251700, 'Kalomdol'),
(251716,  251700, 'Oksop'),
(251717,  251700, 'Eipumek'),
(251718,  251700, 'Weime'),
(251719,  251700, 'Okbab'),
(251720,  251700, 'Teiraplu'),
(251722,  251700, 'Okhika'),
(251723,  251700, 'Oklip'),
(251724,  251700, 'Oksamol'),
(251726,  251700, 'Okbape'),
(251727,  251700, 'Ok Aom'),
(251728,  251700, 'Awinbon'),
(251729,  251700, 'Batani'),
(251730,  251700, 'Murkim'),
(251731,  251700, 'Mofinop'),
(251732,  251700, 'Jetfa'),
(251733,  251700, 'Nongme'),
(251734,  251700, 'Pamek'),
(251737,  251700, 'Iwur'),
(251790,  251700, 'Okbemtau'),
(251791,  251700, 'Oksebang'),
(251801,  251800, 'Kanggime'),
(251802,  251800, 'Karubaga'),
(251803,  251800, 'Bokondini'),
(251804,  251800, 'Kembu'),
(251805,  251800, 'Goyage'),
(251806,  251800, 'Kubu'),
(251807,  251800, 'Geya'),
(251808,  251800, 'Numba'),
(251809,  251800, 'Dundu'),
(251810,  251800, 'Gudage'),
(251811,  251800, 'Timori'),
(251812,  251800, 'Konda'),
(251813,  251800, 'Nelawi'),
(251814,  251800, 'Kuari'),
(251815,  251800, 'Bokoneri'),
(251816,  251800, 'Bewani'),
(251818,  251800, 'Nabunage'),
(251819,  251800, 'Wakuo'),
(251820,  251800, 'Nunggawi'),
(251821,  251800, 'Woniki'),
(251822,  251800, 'Wunin'),
(251823,  251800, 'Wina'),
(251824,  251800, 'Panaga'),
(251825,  251800, 'Poganeri'),
(251826,  251800, 'Dow'),
(251827,  251800, 'Wari/Taiyeve'),
(251830,  251800, 'Umagi'),
(251831,  251800, 'Gilungbandu'),
(251832,  251800, 'Yuneri'),
(251833,  251800, 'Taginire'),
(251834,  251800, 'Egiam'),
(251835,  251800, 'Air Garam'),
(251836,  251800, 'Gika'),
(251837,  251800, 'Telenggeme'),
(251838,  251800, 'Anawi'),
(251839,  251800, 'Wenam'),
(251840,  251800, 'Wugi'),
(251841,  251800, 'Danime'),
(251842,  251800, 'Tagime'),
(251844,  251800, 'Aweku'),
(251845,  251800, 'Bogonuk'),
(251846,  251800, 'Li Anogomma'),
(251847,  251800, 'Biuk'),
(251848,  251800, 'Yuko'),
(251890,  251800, 'Kamboneri'),
(251891,  251800, 'Kai'),
(251902,  251900, 'Pantai Timur'),
(251903,  251900, 'Bonggo'),
(251904,  251900, 'Tor Atas'),
(251905,  251900, 'Sarmi'),
(251906,  251900, 'Pantai Barat'),
(251907,  251900, 'Pantai Timur Bagian Barat'),
(251910,  251900, 'Bonggo Timur'),
(251911,  251900, 'Sarmi Timur'),
(251913,  251900, 'Apawert Hulu'),
(251914,  251900, 'Sarmi Selatan'),
(251915,  251900, 'Ismari'),
(251916,  251900, 'Muara Tor'),
(251917,  251900, 'Sobey'),
(252001,  252000, 'Web'),
(252002,  252000, 'Senggi'),
(252003,  252000, 'Waris'),
(252004,  252000, 'Arso'),
(252005,  252000, 'Skanto'),
(252006,  252000, 'Towe'),
(252007,  252000, 'Arso Timur'),
(252008,  252000, 'Arso Barat'),
(252009,  252000, 'Kaisenar'),
(252010,  252000, 'Mannem'),
(252011,  252000, 'Yaffi'),
(252601,  252600, 'Waropen Bawah'),
(252602,  252600, 'Masirei'),
(252604,  252600, 'Inggerus'),
(252605,  252600, 'Ureifaisei'),
(252607,  252600, 'Risei Sayati'),
(252609,  252600, 'Kirihi'),
(252610,  252600, 'Wapoga'),
(252611,  252600, 'Demba'),
(252612,  252600, 'Oudate'),
(252613,  252600, 'Wonti'),
(252614,  252600, 'Soyoi Mambai'),
(252615,  252600, 'Walani'),
(252701,  252700, 'Supiori Selatan'),
(252703,  252700, 'Supiori Timur'),
(252704,  252700, 'Kepulauan Aruri'),
(252705,  252700, 'Supiori Barat'),
(252790,  252700, 'Supiori Utara'),
(252803,  252800, 'Waropen Atas'),
(252804,  252800, 'Mamberamo Ilir (Hilir)'),
(252805,  252800, 'Mamberamo Tengah'),
(252806,  252800, 'Mamberamo Tengah Timur'),
(252807,  252800, 'Rufaer'),
(252808,  252800, 'Mamberamo Ulu (Hulu)'),
(252809,  252800, 'Benuki'),
(252810,  252800, 'Sawai'),
(252901,  252900, 'Wosak'),
(252902,  252900, 'Kenyam'),
(252903,  252900, 'Geselma'),
(252904,  252900, 'Mapenduma'),
(252905,  252900, 'Mugi'),
(252906,  252900, 'Yigi'),
(252907,  252900, 'Mbuwa'),
(252908,  252900, 'Gearek'),
(252909,  252900, 'Kegayem'),
(252910,  252900, 'Paro'),
(252911,  252900, 'Mebarok'),
(252912,  252900, 'Kilmid'),
(252913,  252900, 'Koroptak'),
(252914,  252900, 'Yenggelo'),
(252915,  252900, 'Alama'),
(252916,  252900, 'Yal'),
(252917,  252900, 'Mam'),
(252918,  252900, 'Dal'),
(252919,  252900, 'Nirkuri'),
(252920,  252900, 'Iniye'),
(252921,  252900, 'Mbua Tengah'),
(252922,  252900, 'Inikgal'),
(252923,  252900, 'Mbulmu Yalma'),
(252924,  252900, 'Embetpen'),
(252925,  252900, 'Kora'),
(252926,  252900, 'Wusi'),
(252927,  252900, 'Nenggeagin'),
(252928,  252900, 'Pasir Putih'),
(252929,  252900, 'Pija'),
(252930,  252900, 'Moba'),
(252931,  252900, 'Wutpaga'),
(252932,  252900, 'Krepkuri'),
(253001,  253000, 'Makki'),
(253002,  253000, 'Pirime'),
(253003,  253000, 'Tiom'),
(253004,  253000, 'Balingga'),
(253005,  253000, 'Kuyawage'),
(253006,  253000, 'Malagaineri'),
(253007,  253000, 'Tiomneri'),
(253008,  253000, 'Dimba'),
(253009,  253000, 'Gamelia'),
(253010,  253000, 'Poga'),
(253011,  253000, 'Awina'),
(253012,  253000, 'Ayumnati'),
(253013,  253000, 'Balingga Barat'),
(253014,  253000, 'Bruwa'),
(253015,  253000, 'Buguk Gona'),
(253016,  253000, 'Gelok Beam'),
(253017,  253000, 'Goa Balim'),
(253018,  253000, 'Gollo'),
(253019,  253000, 'Guna'),
(253020,  253000, 'Gupura'),
(253021,  253000, 'Karu'),
(253022,  253000, 'Kelulome'),
(253023,  253000, 'Kolawa'),
(253024,  253000, 'Kuly Lanny'),
(253025,  253000, 'Lannyna'),
(253026,  253000, 'Melagi'),
(253027,  253000, 'Milimbo'),
(253028,  253000, 'Mokoni'),
(253029,  253000, 'Muara'),
(253030,  253000, 'Nikogwe'),
(253031,  253000, 'Niname'),
(253032,  253000, 'Nogi'),
(253033,  253000, 'Tiom Ollo'),
(253034,  253000, 'Wano Barat'),
(253035,  253000, 'Wereka'),
(253036,  253000, 'Wiringgambut'),
(253037,  253000, 'Yiginua'),
(253038,  253000, 'Yiluk'),
(253039,  253000, 'Yugungwi'),
(253101,  253100, 'Kobakma'),
(253102,  253100, 'Ilugwa'),
(253103,  253100, 'Kelila'),
(253104,  253100, 'Eragayam'),
(253105,  253100, 'Megambilis'),
(253201,  253200, 'Welarek'),
(253202,  253200, 'Apalapsili'),
(253203,  253200, 'Abenaho'),
(253204,  253200, 'Elelim'),
(253205,  253200, 'Benawa'),
(253301,  253300, 'Agadugume'),
(253302,  253300, 'Gome'),
(253303,  253300, 'Ilaga'),
(253304,  253300, 'Sinak'),
(253305,  253300, 'Pogoma'),
(253306,  253300, 'Wangbe'),
(253307,  253300, 'Beoga'),
(253308,  253300, 'Doufo'),
(253309,  253300, 'Dervos'),
(253310,  253300, 'Beoga Barat'),
(253311,  253300, 'Beoga Timur'),
(253312,  253300, 'Ogamanim'),
(253313,  253300, 'Kembru'),
(253314,  253300, 'Bina'),
(253315,  253300, 'Sinak Barat'),
(253316,  253300, 'Mage`Abume'),
(253317,  253300, 'Yugumuak'),
(253318,  253300, 'Ilaga Utara'),
(253319,  253300, 'Mabugi'),
(253320,  253300, 'Omukia'),
(253321,  253300, 'Lambewi'),
(253322,  253300, 'Oneri'),
(253323,  253300, 'Amungkalpia'),
(253324,  253300, 'Gome Utara'),
(253325,  253300, 'Erelmakawia'),
(253401,  253400, 'Piyaiye'),
(253402,  253400, 'Mapia Barat'),
(253403,  253400, 'Mapia'),
(253404,  253400, 'Dogiyai'),
(253405,  253400, 'Kamu Selatan'),
(253406,  253400, 'Kamu'),
(253407,  253400, 'Mapia Tengah'),
(253408,  253400, 'Kamu Tmur'),
(253409,  253400, 'Kamu Utara'),
(253410,  253400, 'Sukikai Selatan'),
(253501,  253500, 'Tigi'),
(253502,  253500, 'Tigi Barat'),
(253503,  253500, 'Tigi Timur'),
(253504,  253500, 'Bowobado'),
(253505,  253500, 'Kapiraya'),
(253601,  253600, 'Sugapa'),
(253602,  253600, 'Hitadipa'),
(253603,  253600, 'Homeyo'),
(253604,  253600, 'Biandoga'),
(253605,  253600, 'Wandai'),
(253606,  253600, 'Agisiga'),
(253697,  253600, 'Ugimba'),
(253698,  253600, 'Tomosiga'),
(256001,  256000, 'Muara Tami'),
(256002,  256000, 'Abepura'),
(256003,  256000, 'Jayapura Selatan'),
(256004,  256000, 'Jayapura Utara'),
(256005,  256000, 'Heram'),
(256090,  256000, 'Kotaraja'),
(260101,  260100, 'Enggano'),
(260105,  260100, 'Kerkap'),
(260106,  260100, 'Arga Makmur'),
(260107,  260100, 'Lais'),
(260108,  260100, 'Padang Jaya'),
(260109,  260100, 'Ketahun'),
(260110,  260100, 'Putri Hijau'),
(260117,  260100, 'Air Napal'),
(260118,  260100, 'Air Besi'),
(260119,  260100, 'Batik Nau'),
(260120,  260100, 'Giri Mulia'),
(260121,  260100, 'Napal Putih'),
(260122,  260100, 'Hulu Palik'),
(260123,  260100, 'Air Padang'),
(260124,  260100, 'Arma Jaya'),
(260125,  260100, 'Tanjungagung Palik'),
(260126,  260100, 'Ulok Kupai'),
(260127,  260100, 'Kecamatan Marga Sakti Sebelat'),
(260128,  260100, 'Kecamatan Pinang Raya'),
(260202,  260200, 'Kota Padang'),
(260203,  260200, 'Padang Ulang Tanding'),
(260204,  260200, 'Curup'),
(260210,  260200, 'Sindang Kelingi'),
(260211,  260200, 'Bermani Ulu'),
(260212,  260200, 'Selupu Rejang'),
(260217,  260200, 'Sindang Beliti Ilir'),
(260218,  260200, 'Bindu Riang'),
(260219,  260200, 'Sindang Beliti Ulu'),
(260220,  260200, 'Sindang Dataran'),
(260221,  260200, 'Curup Selatan'),
(260222,  260200, 'Curup Tengah'),
(260223,  260200, 'Bermani Ulu Raya'),
(260224,  260200, 'Curup Utara'),
(260225,  260200, 'Curup Timur'),
(260304,  260300, 'Manna'),
(260305,  260300, 'Seginim'),
(260306,  260300, 'Pino'),
(260314,  260300, 'Kota Manna'),
(260315,  260300, 'Pinoraya'),
(260318,  260300, 'Kedurang'),
(260319,  260300, 'Bunga Mas'),
(260320,  260300, 'Pasar Manna'),
(260321,  260300, 'Kedurang Ilir'),
(260322,  260300, 'Air Nipis'),
(260323,  260300, 'Ulu Manna'),
(260401,  260400, 'Muko-Muko Selatan'),
(260402,  260400, 'Teras Terunjam'),
(260403,  260400, 'Kota Mukomuko'),
(260404,  260400, 'Pondok Suguh'),
(260405,  260400, 'Lubuk Pinang'),
(260406,  260400, 'Air Rami'),
(260407,  260400, 'Malin Deman'),
(260408,  260400, 'Sungai Rumbai'),
(260409,  260400, 'Teramang Jaya'),
(260410,  260400, 'Penarik'),
(260411,  260400, 'Selagan Raya'),
(260412,  260400, 'Air Dikit'),
(260413,  260400, 'Xiv Koto'),
(260414,  260400, 'Air Manjunto'),
(260415,  260400, 'V Koto'),
(260491,  260400, 'Ipuh'),
(260501,  260500, 'Kepahiang'),
(260502,  260500, 'Bermani Ilir'),
(260503,  260500, 'Tebat Karai'),
(260504,  260500, 'Ujan Mas'),
(260505,  260500, 'Muara Kemumu'),
(260506,  260500, 'Seberang Musi'),
(260507,  260500, 'Kaba Wetan'),
(260508,  260500, 'Merigi'),
(260601,  260600, 'Lebong Selatan'),
(260602,  260600, 'Lebong Utara'),
(260603,  260600, 'Rimbo Pegadang'),
(260604,  260600, 'Lebong Tengah'),
(260605,  260600, 'Lebong Atas'),
(260607,  260600, 'Topos'),
(260608,  260600, 'Bingin Kuning'),
(260609,  260600, 'Lebong Sakti'),
(260610,  260600, 'Pelabai'),
(260611,  260600, 'Amen'),
(260612,  260600, 'Uram Jaya'),
(260613,  260600, 'Pinang Belapis'),
(260614,  260600, 'Padang Bano'),
(260701,  260700, 'Kaur Selatan'),
(260702,  260700, 'Kaur Tengah'),
(260703,  260700, 'Kaur Utara'),
(260704,  260700, 'Maje'),
(260705,  260700, 'Nasal'),
(260706,  260700, 'Kinal'),
(260707,  260700, 'Tanjung Kemuning'),
(260708,  260700, 'Kec.Tetap'),
(260709,  260700, 'Luas'),
(260710,  260700, 'Muara Sahung'),
(260711,  260700, 'Semidang Gumay'),
(260712,  260700, 'Kelam Tengah'),
(260713,  260700, 'Padang Guci Hilir'),
(260714,  260700, 'Padang Guci Hulu'),
(260715,  260700, 'Lungkang Kule'),
(260801,  260800, 'Talo'),
(260802,  260800, 'Seluma'),
(260803,  260800, 'Sukaraja'),
(260804,  260800, 'Semidang Alas Maras'),
(260805,  260800, 'Semidang Alas'),
(260806,  260800, 'Ilir Talo'),
(260807,  260800, 'Talo Kecil'),
(260808,  260800, 'Ulu Talo'),
(260809,  260800, 'Seluma Selatan'),
(260810,  260800, 'Seluma Barat'),
(260811,  260800, 'Seluma Timur'),
(260812,  260800, 'Seluma Utara'),
(260813,  260800, 'Air Periukan'),
(260814,  260800, 'Lubuk Sandi'),
(260901,  260900, 'Talang Empat'),
(260902,  260900, 'Karang Tinggi'),
(260903,  260900, 'Taba Penanjung'),
(260904,  260900, 'Pagar Jati'),
(260905,  260900, 'Pondok Kelapa'),
(260906,  260900, 'Pematang Tiga'),
(260907,  260900, 'Merigi Kelindang'),
(260908,  260900, 'Merigi Sakti'),
(260909,  260900, 'Pondok Kubang'),
(260910,  260900, 'Bang Haji'),
(266001,  266000, 'Selebar'),
(266002,  266000, 'Gading Cempaka'),
(266003,  266000, 'Teluk Segara'),
(266004,  266000, 'Muara Bangkahulu'),
(266005,  266000, 'Kampung Melayu'),
(266006,  266000, 'Ratu Agung'),
(266007,  266000, 'Ratu Samban'),
(266008,  266000, 'Sungai Serut'),
(266009,  266000, 'Singaran Pati'),
(270101,  270100, 'Taliabu Barat'),
(270102,  270100, 'Taliabu Barat Laut'),
(270103,  270100, 'Lede'),
(270104,  270100, 'Taliabu Utara'),
(270105,  270100, 'Taliabu Timur'),
(270106,  270100, 'Taliabu Timur Selatan'),
(270107,  270100, 'Taliabu Selatan'),
(270108,  270100, 'Tabona'),
(270203,  270200, 'Weda'),
(270204,  270200, 'Pulau Gebe'),
(270206,  270200, 'Patani'),
(270207,  270200, 'Weda Utara'),
(270208,  270200, 'Weda Selatan'),
(270209,  270200, 'Patani Utara'),
(270210,  270200, 'Weda Tengah'),
(270211,  270200, 'Patani Barat'),
(270212,  270200, 'Weda Timur'),
(270213,  270200, 'Patani Timur'),
(270302,  270300, 'Sahu'),
(270303,  270300, 'Ibu'),
(270304,  270300, 'Loloda'),
(270305,  270300, 'Jailolo Selatan'),
(270306,  270300, 'Jailolo'),
(270307,  270300, 'Sahu Timur'),
(270308,  270300, 'Ibu Selatan'),
(270309,  270300, 'Ibu Utara'),
(270310,  270300, 'Jailolo Timur'),
(270311,  270300, 'Tabaru'),
(270401,  270400, 'Tobelo'),
(270402,  270400, 'Tobelo Selatan'),
(270403,  270400, 'Kao'),
(270404,  270400, 'Galela'),
(270408,  270400, 'Loloda Utara'),
(270409,  270400, 'Malifut'),
(270410,  270400, 'Tobelo Utara'),
(270411,  270400, 'Tobelo Tengah'),
(270412,  270400, 'Tobelo Timur'),
(270413,  270400, 'Tobelo Barat'),
(270414,  270400, 'Galela Barat'),
(270415,  270400, 'Galela Selatan'),
(270416,  270400, 'Galela Utara'),
(270419,  270400, 'Loloda Kepulauan'),
(270420,  270400, 'Kao Utara'),
(270421,  270400, 'Kao Barat'),
(270422,  270400, 'Kao Teluk'),
(270502,  270500, 'Bacan Timur'),
(270503,  270500, 'Bacan Barat'),
(270504,  270500, 'Bacan'),
(270505,  270500, 'Obi'),
(270506,  270500, 'Gane Barat'),
(270507,  270500, 'Gane Timur'),
(270508,  270500, 'Kayoa'),
(270509,  270500, 'Pulau Makian'),
(270510,  270500, 'Obi Selatan'),
(270511,  270500, 'Obi Barat'),
(270512,  270500, 'Obi Timur'),
(270513,  270500, 'Obi Utara'),
(270514,  270500, 'Mandioli Selatan'),
(270515,  270500, 'Mandioli Utara'),
(270516,  270500, 'Bacan Selatan'),
(270517,  270500, 'Kepulauan Botang Lomang'),
(270518,  270500, 'Bacan Timur Selatan'),
(270519,  270500, 'Bacan Timur Tengah'),
(270520,  270500, 'Kasiruta Barat'),
(270521,  270500, 'Kasiruta Timur'),
(270522,  270500, 'Bacan Barat Utara'),
(270523,  270500, 'Kayoa Barat'),
(270524,  270500, 'Kayoa Selatan'),
(270525,  270500, 'Kayoa Utara'),
(270526,  270500, 'Makian Barat'),
(270529,  270500, 'Kepulauan Joronga'),
(270530,  270500, 'Gane Timur Tengah'),
(270531,  270500, 'Gane Timur Selatan'),
(270590,  270500, 'Gane Barat Selatan'),
(270591,  270500, 'Gane Barat Utara'),
(270601,  270600, 'Maba Selatan'),
(270602,  270600, 'Wasile Selatan'),
(270603,  270600, 'Wasile'),
(270604,  270600, 'Maba'),
(270605,  270600, 'Wasile Tengah'),
(270606,  270600, 'Wasile Utara'),
(270607,  270600, 'Wasile Timur'),
(270608,  270600, 'Maba Tengah'),
(270609,  270600, 'Maba Utara'),
(270610,  270600, 'Kota Maba'),
(270701,  270700, 'Sanana'),
(270702,  270700, 'Sula Besi Barat'),
(270703,  270700, 'Mangoli Timur'),
(270706,  270700, 'Mangoli Barat'),
(270707,  270700, 'Sula Besi Tengah'),
(270708,  270700, 'Sula Besi Timur'),
(270709,  270700, 'Mangoli Tengah'),
(270710,  270700, 'Mangoli Utara Timur'),
(270711,  270700, 'Mangoli Utara'),
(270712,  270700, 'Mangoli Selatan'),
(270715,  270700, 'Sula Besi Selatan'),
(270716,  270700, 'Sanana Utara'),
(270801,  270800, 'Morotai Selatan Barat'),
(270802,  270800, 'Morotai Selatan'),
(270803,  270800, 'Morotai Utara'),
(270804,  270800, 'Morotai Jaya'),
(270805,  270800, 'Morotai Timur'),
(276001,  276000, 'Pulau Ternate'),
(276002,  276000, 'Ternate Selatan'),
(276003,  276000, 'Ternate Utara'),
(276004,  276000, 'Moti'),
(276005,  276000, 'Pulau Batang Dua'),
(276006,  276000, 'Ternate Tengah'),
(276007,  276000, 'Pulau Hiri'),
(276008,  276000, 'Ternate Barat'),
(276102,  276100, 'Tidore Selatan'),
(276103,  276100, 'Tidore Utara'),
(276104,  276100, 'Oba'),
(276105,  276100, 'Oba Utara'),
(276106,  276100, 'Oba Tengah'),
(276107,  276100, 'Oba Selatan'),
(276108,  276100, 'Tidore'),
(276109,  276100, 'Tidore Timur'),
(280101,  280100, 'Sumur'),
(280102,  280100, 'Cimanggu'),
(280103,  280100, 'Cibaliung'),
(280104,  280100, 'Cikeusik'),
(280105,  280100, 'Cigeulis'),
(280106,  280100, 'Panimbang'),
(280107,  280100, 'Munjul'),
(280108,  280100, 'Picung'),
(280109,  280100, 'Bojong'),
(280110,  280100, 'Saketi'),
(280111,  280100, 'Pagelaran'),
(280112,  280100, 'Labuan'),
(280113,  280100, 'Jiput'),
(280114,  280100, 'Menes'),
(280115,  280100, 'Mandalawangi'),
(280116,  280100, 'Cimanuk'),
(280117,  280100, 'Banjar'),
(280118,  280100, 'Pandeglang'),
(280119,  280100, 'Cadasari'),
(280120,  280100, 'Angsana'),
(280121,  280100, 'Karang Tanjung'),
(280122,  280100, 'Kaduhejo'),
(280123,  280100, 'Cikedal'),
(280124,  280100, 'Cipeucang'),
(280125,  280100, 'Cisata'),
(280126,  280100, 'Patia'),
(280127,  280100, 'Carita'),
(280132,  280100, 'Sukaresmi'),
(280133,  280100, 'Mekarjaya'),
(280134,  280100, 'Sindangresmi'),
(280135,  280100, 'Pulosari'),
(280136,  280100, 'Koroncong'),
(280138,  280100, 'Cibitung'),
(280139,  280100, 'Majasari'),
(280140,  280100, 'Sobang'),
(280201,  280200, 'Malingping'),
(280202,  280200, 'Panggarangan'),
(280203,  280200, 'Bayah'),
(280204,  280200, 'Cibeber'),
(280205,  280200, 'Cijaku'),
(280206,  280200, 'Banjarsari'),
(280207,  280200, 'Cileles'),
(280208,  280200, 'Gunung Kencana'),
(280209,  280200, 'Bojongmanik'),
(280210,  280200, 'Leuwidamar'),
(280211,  280200, 'Muncang'),
(280212,  280200, 'Cipanas'),
(280213,  280200, 'Sajira'),
(280214,  280200, 'Cimarga'),
(280215,  280200, 'Cikulur'),
(280216,  280200, 'Warunggunung'),
(280217,  280200, 'Cibadak'),
(280218,  280200, 'Rangkasbitung'),
(280219,  280200, 'Maja'),
(280220,  280200, 'Curug Bitung'),
(280221,  280200, 'Sobang'),
(280222,  280200, 'Wanasalam'),
(280223,  280200, 'Cilograng'),
(280224,  280200, 'Cihara'),
(280225,  280200, 'Cigemblong'),
(280226,  280200, 'Cirinten'),
(280227,  280200, 'Lebakgedong'),
(280228,  280200, 'Kalanganyar'),
(280301,  280300, 'Cisoka'),
(280302,  280300, 'Tiga Raksa'),
(280303,  280300, 'Cikupa'),
(280304,  280300, 'Panongan'),
(280305,  280300, 'Curug'),
(280306,  280300, 'Legok'),
(280307,  280300, 'Pagedangan'),
(280312,  280300, 'Pasar Kemis'),
(280313,  280300, 'Balaraja'),
(280314,  280300, 'Kresek'),
(280315,  280300, 'Kronjo'),
(280316,  280300, 'Mauk'),
(280317,  280300, 'Rajeg'),
(280318,  280300, 'Sepatan'),
(280319,  280300, 'Pakuhaji'),
(280320,  280300, 'Teluk Naga'),
(280321,  280300, 'Kosambi'),
(280322,  280300, 'Jayanti'),
(280323,  280300, 'Jambe'),
(280324,  280300, 'Cisauk'),
(280325,  280300, 'Kemiri'),
(280326,  280300, 'Sukadiri'),
(280333,  280300, 'Sukamulya'),
(280334,  280300, 'Kelapa Dua'),
(280335,  280300, 'Sindang Jaya'),
(280336,  280300, 'Sepatan Timur'),
(280337,  280300, 'Solear'),
(280338,  280300, 'Gunung Kaler'),
(280339,  280300, 'Mekar Baru'),
(280401,  280400, 'Cinangka'),
(280402,  280400, 'Padarincang'),
(280403,  280400, 'Ciomas'),
(280404,  280400, 'Pabuaran'),
(280405,  280400, 'Baros'),
(280406,  280400, 'Petir'),
(280408,  280400, 'Cikeusal'),
(280409,  280400, 'Pamarayan'),
(280410,  280400, 'Jawilan'),
(280411,  280400, 'Kopo'),
(280412,  280400, 'Cikande'),
(280413,  280400, 'Kragilan'),
(280418,  280400, 'Waringinkurung'),
(280419,  280400, 'Mancak'),
(280420,  280400, 'Anyar'),
(280421,  280400, 'Bojonegara'),
(280422,  280400, 'Kramatwatu'),
(280424,  280400, 'Ciruas'),
(280425,  280400, 'Pontang'),
(280426,  280400, 'Carenang'),
(280427,  280400, 'Tirtayasa'),
(280428,  280400, 'Tunjung Teja'),
(280429,  280400, 'Kibin'),
(280430,  280400, 'Pulo Ampel'),
(280431,  280400, 'Binuang'),
(280432,  280400, 'Tanara'),
(280433,  280400, 'Gunung Sari'),
(280434,  280400, 'Bandung'),
(280435,  280400, 'Lebak Wangi'),
(286001,  286000, 'Ciwandan'),
(286002,  286000, 'Pulomerak'),
(286003,  286000, 'Cilegon'),
(286004,  286000, 'Cibeber'),
(286005,  286000, 'Grogol'),
(286006,  286000, 'Purwakarta'),
(286007,  286000, 'Jombang'),
(286008,  286000, 'Citangkil'),
(286101,  286100, 'Ciledug'),
(286102,  286100, 'Cipondoh'),
(286103,  286100, 'Tangerang'),
(286104,  286100, 'Jati Uwung'),
(286105,  286100, 'Batuceper'),
(286106,  286100, 'Benda'),
(286107,  286100, 'Larangan'),
(286108,  286100, 'Karang Tengah'),
(286109,  286100, 'Pinang'),
(286110,  286100, 'Karawaci'),
(286111,  286100, 'Cibodas'),
(286112,  286100, 'Periuk'),
(286113,  286100, 'Neglasari'),
(286201,  286200, 'Cipocok Jaya'),
(286202,  286200, 'Curug'),
(286203,  286200, 'Kasemen'),
(286205,  286200, 'Taktakan'),
(286206,  286200, 'Walantaka'),
(286207,  286200, 'Serang'),
(286301,  286300, 'Ciputat'),
(286302,  286300, 'Ciputat Timur'),
(286303,  286300, 'Pamulang'),
(286304,  286300, 'Pondok Aren'),
(286305,  286300, 'Serpong'),
(286306,  286300, 'Serpong Utara'),
(286307,  286300, 'Setu'),
(290107,  290100, 'Mendo Barat'),
(290108,  290100, 'Merawang'),
(290109,  290100, 'Sungailiat'),
(290113,  290100, 'Belinyu'),
(290114,  290100, 'Puding Besar'),
(290115,  290100, 'Bakam'),
(290116,  290100, 'Pemali'),
(290117,  290100, 'Riau Silip'),
(290201,  290200, 'Membalong'),
(290206,  290200, 'Tanjung Pandan'),
(290207,  290200, 'Sijuk'),
(290208,  290200, 'Badau'),
(290209,  290200, 'Selat Nasik'),
(290301,  290300, 'Koba'),
(290302,  290300, 'Pangkalan Baru'),
(290303,  290300, 'Sungai Selan'),
(290304,  290300, 'Simpang Katis'),
(290305,  290300, 'Lubuk Besar'),
(290306,  290300, 'Namang'),
(290401,  290400, 'Kelapa'),
(290402,  290400, 'Tempilang'),
(290403,  290400, 'Muntok'),
(290404,  290400, 'Simpang Teritip'),
(290405,  290400, 'Jebus'),
(290406,  290400, 'Parittiga'),
(290501,  290500, 'Payung'),
(290502,  290500, 'Simpang Rimba'),
(290503,  290500, 'Toboali'),
(290505,  290500, 'Lepar'),
(290506,  290500, 'Pulau Besar'),
(290507,  290500, 'Tukak Sadai'),
(290508,  290500, 'Airgegas'),
(290509,  290500, 'Kep. Pongok'),
(290601,  290600, 'Dendang'),
(290602,  290600, 'Gantung'),
(290603,  290600, 'Manggar'),
(290604,  290600, 'Kelapa Kampit'),
(290605,  290600, 'Damar'),
(290606,  290600, 'Simpang Renggiang'),
(290607,  290600, 'Simpang Pesak'),
(296001,  296000, 'Rangkui'),
(296002,  296000, 'Bukit Intan'),
(296003,  296000, 'Pangkal Balam'),
(296004,  296000, 'Taman Sari'),
(296005,  296000, 'Gerunggang'),
(296090,  296000, 'Girimaya'),
(296091,  296000, 'Gabek'),
(300104,  300100, 'Tilamuta'),
(300106,  300100, 'Paguyaman'),
(300107,  300100, 'Mananggu'),
(300108,  300100, 'Dulupi'),
(300109,  300100, 'Wonosari'),
(300110,  300100, 'Botumoito'),
(300111,  300100, 'Paguyaman Pantai'),
(300201,  300200, 'Batudaa Pantai'),
(300202,  300200, 'Batudaa'),
(300203,  300200, 'Tibawa'),
(300204,  300200, 'Boliyohuto'),
(300207,  300200, 'Limboto'),
(300208,  300200, 'Telaga'),
(300210,  300200, 'Bongomeme'),
(300211,  300200, 'Pulubala'),
(300215,  300200, 'Tolangohula'),
(300216,  300200, 'Mootilango'),
(300218,  300200, 'Telaga Biru'),
(300219,  300200, 'Limboto Barat'),
(300220,  300200, 'Biluhu'),
(300221,  300200, 'Tabongo'),
(300222,  300200, 'Asparaga'),
(300223,  300200, 'Tilango'),
(300224,  300200, 'Telaga Jaya'),
(300225,  300200, 'Bilato'),
(300227,  300200, 'Dungaliyo'),
(300301,  300300, 'Popayato'),
(300302,  300300, 'Marisa'),
(300303,  300300, 'Paguat'),
(300304,  300300, 'Lemito'),
(300305,  300300, 'Randangan'),
(300306,  300300, 'Patilanggio'),
(300307,  300300, 'Taluditi'),
(300308,  300300, 'Popayato Barat'),
(300309,  300300, 'Popayato Timur'),
(300310,  300300, 'Wanggarasi'),
(300311,  300300, 'Buntulia'),
(300312,  300300, 'Duhiadaa'),
(300313,  300300, 'Dengilo'),
(300401,  300400, 'Tapa'),
(300402,  300400, 'Kabila'),
(300403,  300400, 'Suwawa'),
(300404,  300400, 'Bonepantai'),
(300405,  300400, 'Bulango Utara'),
(300406,  300400, 'Tilongkabila'),
(300407,  300400, 'Botupingge'),
(300408,  300400, 'Kabila Bone'),
(300409,  300400, 'Bone'),
(300410,  300400, 'Bone Raya'),
(300411,  300400, 'Bulango Selatan'),
(300412,  300400, 'Bulango Timur'),
(300413,  300400, 'Bulango Ulu'),
(300414,  300400, 'Suwawa Selatan'),
(300415,  300400, 'Suwawa Timur'),
(300416,  300400, 'Suwawa Tengah'),
(300417,  300400, 'Bulawa'),
(300418,  300400, 'Pinogu'),
(300501,  300500, 'Anggrek'),
(300502,  300500, 'Atinggola'),
(300503,  300500, 'Kwandang'),
(300504,  300500, 'Sumalata'),
(300505,  300500, 'Tolinggula'),
(300506,  300500, 'Gentuma Raya'),
(300507,  300500, 'Tomilito'),
(300508,  300500, 'Ponelo Kepulauan'),
(300509,  300500, 'Monano'),
(300511,  300500, 'Biau'),
(300512,  300500, 'Sumalata Timur'),
(306001,  306000, 'Kota Barat'),
(306002,  306000, 'Kota Selatan'),
(306003,  306000, 'Kota Utara'),
(306004,  306000, 'Kota Timur'),
(306005,  306000, 'Dungingi'),
(306006,  306000, 'Kota Tengah'),
(306007,  306000, 'Sipatana'),
(306008,  306000, 'Dumbo Raya'),
(306009,  306000, 'Hulontalangi'),
(310101,  310100, 'Bintan Utara'),
(310102,  310100, 'Gunung Kijang'),
(310103,  310100, 'Tambelan'),
(310104,  310100, 'Teluk Bintan'),
(310105,  310100, 'Teluk Sebong'),
(310106,  310100, 'Toapaya'),
(310107,  310100, 'Mantang'),
(310108,  310100, 'Bintan Pesisir'),
(310109,  310100, 'Seri Kuala Lobam'),
(310110,  310100, 'Bintan Timur'),
(310201,  310200, 'Moro'),
(310202,  310200, 'Kundur'),
(310203,  310200, 'Karimun'),
(310204,  310200, 'Meral'),
(310205,  310200, 'Tebing'),
(310206,  310200, 'Buru'),
(310207,  310200, 'Kundur Utara'),
(310208,  310200, 'Kundur Barat'),
(310209,  310200, 'Durai'),
(310210,  310200, 'Meral Barat'),
(310211,  310200, 'Ungar'),
(310212,  310200, 'Belat'),
(310303,  310300, 'Midai'),
(310304,  310300, 'Bunguran Barat'),
(310305,  310300, 'Bunguran Timur'),
(310306,  310300, 'Serasan'),
(310309,  310300, 'Subi'),
(310311,  310300, 'Bunguran Utara'),
(310312,  310300, 'Pulau Laut'),
(310313,  310300, 'Pulau Tiga'),
(310317,  310300, 'Bunguran Timur Laut'),
(310318,  310300, 'Bunguran Tengah'),
(310320,  310300, 'Bunguran Selatan'),
(310321,  310300, 'Serasan Timur'),
(310323,  310300, 'Bunguran Batubi'),
(310324,  310300, 'Pulau Tiga Barat'),
(310325,  310300, 'Suak Midai'),
(310401,  310400, 'Singkep'),
(310402,  310400, 'Lingga'),
(310403,  310400, 'Senayang'),
(310404,  310400, 'Singkep Barat'),
(310405,  310400, 'Lingga Utara'),
(310406,  310400, 'Singkep Pesisir'),
(310407,  310400, 'Singkep Selatan'),
(310408,  310400, 'Lingga Timur'),
(310409,  310400, 'Selayar'),
(310410,  310400, 'Kepulauan Posek'),
(310501,  310500, 'Jemaja'),
(310502,  310500, 'Jemaja Timur'),
(310503,  310500, 'Siantan'),
(310504,  310500, 'Palmatak'),
(310505,  310500, 'Siantan Selatan'),
(310506,  310500, 'Siantan Timur'),
(310507,  310500, 'Siantan Tengah'),
(316001,  316000, 'Belakang Padang'),
(316002,  316000, 'Sekupang'),
(316003,  316000, 'Sei Beduk'),
(316004,  316000, 'Bulang'),
(316005,  316000, 'Lubuk Baja'),
(316006,  316000, 'Batu Ampar'),
(316007,  316000, 'Nongsa'),
(316008,  316000, 'Galang'),
(316011,  316000, 'Bengkong'),
(316012,  316000, 'Batam Kota'),
(316013,  316000, 'Sagulung'),
(316014,  316000, 'Batu Aji'),
(316101,  316100, 'Tanjung Pinang Barat'),
(316102,  316100, 'Tanjung Pinang Timur'),
(316103,  316100, 'Bukit Bestari'),
(316104,  316100, 'Tanjung Pinang Kota'),
(320101,  320100, 'Fak-Fak Timur'),
(320102,  320100, 'Karas'),
(320103,  320100, 'Fak-Fak'),
(320104,  320100, 'Fak-Fak Tengah'),
(320105,  320100, 'Fak-Fak Barat'),
(320106,  320100, 'Kokas'),
(320107,  320100, 'Teluk Patipi'),
(320108,  320100, 'Kramongmongga'),
(320109,  320100, 'Bomberay'),
(320110,  320100, 'Pariwari'),
(320111,  320100, 'Wartutin'),
(320112,  320100, 'Fakfak Timur Tengah'),
(320113,  320100, 'Arguni'),
(320114,  320100, 'Mbahamdandara'),
(320115,  320100, 'Kayauni'),
(320116,  320100, 'Furwagi'),
(320117,  320100, 'Tomage'),
(320201,  320200, 'Buruway'),
(320202,  320200, 'Teluk Arguni Atas'),
(320203,  320200, 'Teluk Arguni Bawah'),
(320204,  320200, 'Kaimana'),
(320205,  320200, 'Kambrau'),
(320206,  320200, 'Teluk Etna'),
(320207,  320200, 'Yamor'),
(320301,  320300, 'Naikere'),
(320302,  320300, 'Wondiboy'),
(320303,  320300, 'Rasiei'),
(320304,  320300, 'Kuri Wamesa'),
(320305,  320300, 'Wasior'),
(320306,  320300, 'Teluk Duairi'),
(320307,  320300, 'Roon'),
(320308,  320300, 'Windesi'),
(320309,  320300, 'Wamesa'),
(320310,  320300, 'Roswar'),
(320311,  320300, 'Rumberpon'),
(320312,  320300, 'Soug Jaya'),
(320313,  320300, 'Nikiwar'),
(320390,  320300, 'Sough Wepu'),
(320401,  320400, 'Fafurwar'),
(320402,  320400, 'Babo'),
(320403,  320400, 'Sumuri'),
(320404,  320400, 'Aroba'),
(320405,  320400, 'Kaitaro'),
(320406,  320400, 'Kuri'),
(320408,  320400, 'Bintuni'),
(320409,  320400, 'Manimeri'),
(320410,  320400, 'Tuhiba'),
(320411,  320400, 'Dataran Beimes'),
(320412,  320400, 'Tembuni'),
(320413,  320400, 'Aranday'),
(320414,  320400, 'Kamundan'),
(320415,  320400, 'Tomu'),
(320416,  320400, 'Weriagar'),
(320417,  320400, 'Moskona Selatan'),
(320418,  320400, 'Meyado'),
(320419,  320400, 'Moskona Barat'),
(320420,  320400, 'Merdey'),
(320421,  320400, 'Biscoop'),
(320422,  320400, 'Masyeta'),
(320423,  320400, 'Moskona Utara'),
(320424,  320400, 'Moskona Timur'),
(320425,  320400, 'Wamesa (Idoor)'),
(320509,  320500, 'Warmare'),
(320510,  320500, 'Prafi'),
(320513,  320500, 'Manokwari Barat'),
(320514,  320500, 'Manokwari Timur'),
(320515,  320500, 'Manokwari Utara'),
(320516,  320500, 'Manokwari Selatan'),
(320518,  320500, 'Tanah Rubu'),
(320523,  320500, 'Masni'),
(320524,  320500, 'Sidey'),
(320601,  320600, 'Inanwatan'),
(320602,  320600, 'Kokoda'),
(320603,  320600, 'Metemani'),
(320608,  320600, 'Moswaren'),
(320610,  320600, 'Seremuk'),
(320611,  320600, 'Wayer'),
(320612,  320600, 'Sawiat'),
(320616,  320600, 'Kais'),
(320617,  320600, 'Konda'),
(320618,  320600, 'Kokoda Utara'),
(320619,  320600, 'Saifi'),
(320620,  320600, 'Fokour'),
(320621,  320600, 'Teminabuan'),
(320622,  320600, 'Kais Darat'),
(320623,  320600, 'Salkma'),
(320706,  320700, 'Makbon'),
(320707,  320700, 'Beraur'),
(320708,  320700, 'Klamono'),
(320709,  320700, 'Salawati'),
(320710,  320700, 'Mayamuk'),
(320711,  320700, 'Seget'),
(320712,  320700, 'Segun'),
(320713,  320700, 'Salawati Selatan'),
(320714,  320700, 'Aimas'),
(320715,  320700, 'Sayosa'),
(320716,  320700, 'Klabot'),
(320717,  320700, 'Klawak'),
(320718,  320700, 'Maudus'),
(320719,  320700, 'Mariat'),
(320720,  320700, 'Klayili'),
(320721,  320700, 'Klaso'),
(320722,  320700, 'Moisegen'),
(320723,  320700, 'Mega'),
(320724,  320700, 'Moraid/Mega'),
(320726,  320700, 'Sorong'),
(320727,  320700, 'Bagun'),
(320728,  320700, 'Wemak'),
(320729,  320700, 'Sunook'),
(320730,  320700, 'Buk'),
(320731,  320700, 'Saengkeduk'),
(320732,  320700, 'Malabotom'),
(320733,  320700, 'Konhir'),
(320734,  320700, 'Klasafet'),
(320735,  320700, 'Hobard'),
(320736,  320700, 'Botain'),
(320737,  320700, 'Sayosa Timur'),
(320738,  320700, 'Selemkay'),
(320739,  320700, 'Salawati Tengah'),
(320801,  320800, 'Misool Selatan'),
(320802,  320800, 'Misool (Misool Utara)'),
(320803,  320800, 'Kofiau'),
(320804,  320800, 'Misool Timur'),
(320805,  320800, 'Salawati Utara'),
(320807,  320800, 'Waigeo Selatan'),
(320808,  320800, 'Teluk Mayalibit'),
(320809,  320800, 'Meos Mansar'),
(320810,  320800, 'Waigeo Barat'),
(320811,  320800, 'Waigeo Utara'),
(320812,  320800, 'Kepulauan Ayau'),
(320813,  320800, 'Waigeo Timur'),
(320814,  320800, 'Warwarbomi'),
(320815,  320800, 'Waigeo Barat Kepulauan'),
(320816,  320800, 'Misool Barat'),
(320817,  320800, 'Kepulauan Sembilan'),
(320818,  320800, 'Kota Waisai'),
(320819,  320800, 'Tiplol Mayalibit'),
(320820,  320800, 'Batanta Utara'),
(320821,  320800, 'Salawati Barat'),
(320822,  320800, 'Salawati Tengah'),
(320823,  320800, 'Supnin'),
(320824,  320800, 'Ayau'),
(320825,  320800, 'Batanta Selatan'),
(320890,  320800, 'Selat Sagawin'),
(320901,  320900, 'Fef'),
(320902,  320900, 'Miyah'),
(320903,  320900, 'Yembun'),
(320904,  320900, 'Kwoor'),
(320905,  320900, 'Sausapor'),
(320906,  320900, 'Abun'),
(320907,  320900, 'Amberbaken'),
(320908,  320900, 'Kebar'),
(320909,  320900, 'Senopi'),
(320910,  320900, 'Mubrani'),
(320911,  320900, 'Syujak'),
(320912,  320900, 'Moraid'),
(320913,  320900, 'Bikar'),
(320914,  320900, 'Bamusbama'),
(320915,  320900, 'Ases'),
(320916,  320900, 'Miyah Selatan'),
(320917,  320900, 'Ireres'),
(320918,  320900, 'Tobouw'),
(320919,  320900, 'Wilhem Roumbouts'),
(320920,  320900, 'Kebar Timur'),
(320921,  320900, 'Tinggouw'),
(320922,  320900, 'Kwesefo'),
(320923,  320900, 'Mawabuan'),
(320924,  320900, 'Kebar Selatan'),
(320925,  320900, 'Manekar'),
(320926,  320900, 'Mpur'),
(320927,  320900, 'Amberbaken Barat'),
(320928,  320900, 'Kasi'),
(320929,  320900, 'Selemkai'),
(321001,  321000, 'Aifat'),
(321002,  321000, 'Aifat Utara'),
(321003,  321000, 'Aifat Timur'),
(321004,  321000, 'Aifat Selatan'),
(321005,  321000, 'Aitinyo Barat'),
(321006,  321000, 'Aitinyo'),
(321007,  321000, 'Aitinyo Utara'),
(321008,  321000, 'Ayamaru'),
(321009,  321000, 'Ayamaru Utara'),
(321010,  321000, 'Ayamaru Timur'),
(321011,  321000, 'Mare'),
(321012,  321000, 'Aitinyo Tengah'),
(321013,  321000, 'Aifat Timur Selatan'),
(321014,  321000, 'Ayamaru Barat'),
(321015,  321000, 'Aitinyo Raya'),
(321016,  321000, 'Ayamaru Tengah'),
(321017,  321000, 'Ayamaru Selatan'),
(321018,  321000, 'Ayamaru Utara Timur'),
(321019,  321000, 'Ayamaru Selatan Jaya'),
(321020,  321000, 'Mare Selatan'),
(321090,  321000, 'Ayamaru Timur Selatan'),
(321091,  321000, 'Aifat Timur Tengah'),
(321092,  321000, 'Aifat Timur Jauh'),
(321099,  321000, 'Ayamaru Jaya'),
(321111,  321100, 'Anggi Gida'),
(321112,  321100, 'Membey'),
(321113,  321100, 'Sururay'),
(321114,  321100, 'Didohu'),
(321115,  321100, 'Taige'),
(321116,  321100, 'Catubouw'),
(321117,  321100, 'Testega'),
(321118,  321100, 'Menyambouw'),
(321119,  321100, 'Hingk'),
(321120,  321100, 'Anggi'),
(321206,  321200, 'Ransiki'),
(321221,  321200, 'Oransbari'),
(321222,  321200, 'Nenei'),
(321223,  321200, 'Dataran Isim'),
(321224,  321200, 'Momi Waren'),
(321225,  321200, 'Tahota'),
(326002,  326000, 'Sorong Timur'),
(326003,  326000, 'Sorong Kota'),
(326006,  326000, 'Sorong Barat'),
(326007,  326000, 'Sorong Kepulauan'),
(326008,  326000, 'Sorong Utara'),
(326009,  326000, 'Sorong Manoi'),
(326010,  326000, 'Klaurung'),
(326011,  326000, 'Malaimsimsa'),
(326012,  326000, 'Maladomes'),
(326013,  326000, 'Sorong'),
(330101,  330100, 'Tapalang'),
(330102,  330100, 'Mamuju'),
(330103,  330100, 'Kalukku'),
(330104,  330100, 'Kalumpang'),
(330106,  330100, 'Tapalang Barat'),
(330107,  330100, 'Papalang'),
(330108,  330100, 'Sampaga'),
(330110,  330100, 'Tommo'),
(330111,  330100, 'Bonehau'),
(330115,  330100, 'Simboro'),
(330116,  330100, 'Kep. Bala Balakang'),
(330201,  330200, 'Pasangkayu'),
(330202,  330200, 'Sarudu'),
(330203,  330200, 'Baras'),
(330204,  330200, 'Bambalamutu'),
(330205,  330200, 'Dapurang'),
(330206,  330200, 'Duripoku'),
(330207,  330200, 'Bulu Taba'),
(330208,  330200, 'Lariang'),
(330209,  330200, 'Tikke Raya'),
(330210,  330200, 'Pedongga'),
(330211,  330200, 'Bambaira'),
(330212,  330200, 'Sarjo'),
(330301,  330300, 'Tinambung'),
(330302,  330300, 'Tutallu'),
(330303,  330300, 'Campalagian'),
(330304,  330300, 'Wonomulyo'),
(330305,  330300, 'Polewali'),
(330306,  330300, 'Limboro'),
(330307,  330300, 'Balanipa'),
(330308,  330300, 'Luyo'),
(330309,  330300, 'Alu'),
(330310,  330300, 'Mapili'),
(330311,  330300, 'Matakali'),
(330312,  330300, 'Binuang'),
(330313,  330300, 'Anreapi'),
(330314,  330300, 'Tapango'),
(330315,  330300, 'Matangnga'),
(330316,  330300, 'Bulo'),
(330317,  330300, 'Tubbitaramanu'),
(330401,  330400, 'Sumarorong'),
(330402,  330400, 'Pana'),
(330403,  330400, 'Mamasa'),
(330404,  330400, 'Mambi'),
(330405,  330400, 'Tabulahan'),
(330406,  330400, 'Tabang'),
(330407,  330400, 'Messawa'),
(330408,  330400, 'Sesenapadang'),
(330409,  330400, 'Tandukalua'),
(330410,  330400, 'Aralle'),
(330411,  330400, 'Nosu'),
(330412,  330400, 'Bambang'),
(330413,  330400, 'Balla'),
(330414,  330400, 'Tawalian'),
(330415,  330400, 'Rantebulahan Timur'),
(330416,  330400, 'Buntumalangka'),
(330417,  330400, 'Mehalaan'),
(330502,  330500, 'Pamboang'),
(330505,  330500, 'Ulumanda'),
(330506,  330500, 'Tammerodo Sendana'),
(330507,  330500, 'Tubo Sendana'),
(330509,  330500, 'Banggae'),
(330510,  330500, 'Sendana'),
(330511,  330500, 'Malunda'),
(330512,  330500, 'Banggae Timur'),
(330601,  330600, 'Budong-Budong'),
(330602,  330600, 'Karossa'),
(330603,  330600, 'Topoyo'),
(330604,  330600, 'Tobadak'),
(330605,  330600, 'Pangale'),
(340101,  340100, 'Kayan Hulu'),
(340102,  340100, 'Kayan Hilir'),
(340103,  340100, 'Pujungan'),
(340104,  340100, 'Malinau Kota'),
(340105,  340100, 'Mentarang'),
(340106,  340100, 'Sungai Boh'),
(340107,  340100, 'Malinau Selatan'),
(340108,  340100, 'Malinau Barat'),
(340109,  340100, 'Malinau Utara'),
(340110,  340100, 'Kayan Selatan'),
(340111,  340100, 'Bahau Hulu'),
(340112,  340100, 'Mentarang Hulu'),
(340113,  340100, 'Malinau Selatan Hilir'),
(340114,  340100, 'Malinau Selatan Hulu'),
(340115,  340100, 'Sungai Tubu'),
(340202,  340200, 'Tanjung Palas'),
(340203,  340200, 'Sekatak'),
(340205,  340200, 'Pulau Bunyu'),
(340206,  340200, 'Tanjung Palas Barat'),
(340207,  340200, 'Tanjung Palas Utara'),
(340208,  340200, 'Tanjung Palas Timur'),
(340209,  340200, 'Tanjung Selor'),
(340210,  340200, 'Tanjung Palas Tengah'),
(340211,  340200, 'Peso Hilir'),
(340213,  340200, 'Peso'),
(340301,  340300, 'Sesayap'),
(340302,  340300, 'Sesayap Hilir'),
(340303,  340300, 'Tanah Lia'),
(340304,  340300, 'Betayau'),
(340305,  340300, 'Muruk Rian'),
(340501,  340500, 'Krayan'),
(340502,  340500, 'Lumbis'),
(340503,  340500, 'Sembakung'),
(340504,  340500, 'Nunukan'),
(340505,  340500, 'Sebatik'),
(340506,  340500, 'Sebuku'),
(340507,  340500, 'Krayan Selatan'),
(340508,  340500, 'Sebatik Barat'),
(340509,  340500, 'Nunukan Selatan'),
(340518,  340500, 'Sebatik Timur'),
(340519,  340500, 'Sebatik Utara'),
(340520,  340500, 'Sebatik Tengah'),
(340521,  340500, 'Sei Menggaris'),
(340522,  340500, 'Tulin Onsoi'),
(340523,  340500, 'Lumbis Ogong'),
(340524,  340500, 'Sembakung Atulai'),
(346001,  346000, 'Tarakan Timur'),
(346002,  346000, 'Tarakan Tengah'),
(346003,  346000, 'Tarakan Barat'),
(346004,  346000, 'Tarakan Utara');

DROP TABLE IF EXISTS `educations`;
CREATE TABLE `educations` (
  `id` int(11) NOT NULL AUTO_INCREMENT,
  `employee_id` int(11) DEFAULT NULL,
  `level` varchar(255) COLLATE utf8_unicode_ci DEFAULT NULL,
  `institution` varchar(255) COLLATE utf8_unicode_ci DEFAULT NULL,
  `graduate` date DEFAULT NULL,
  `created_by` int(11) DEFAULT NULL,
  `updated_by` int(11) DEFAULT NULL,
  `created_at` timestamp NOT NULL DEFAULT current_timestamp(),
  `updated_at` timestamp NOT NULL DEFAULT current_timestamp(),
  PRIMARY KEY (`id`),
  KEY `employee_id` (`employee_id`),
  KEY `created_by` (`created_by`),
  KEY `updated_by` (`updated_by`),
  CONSTRAINT `educations_ibfk_1` FOREIGN KEY (`employee_id`) REFERENCES `employees` (`id`) ON UPDATE CASCADE,
  CONSTRAINT `educations_ibfk_2` FOREIGN KEY (`created_by`) REFERENCES `users` (`id`) ON UPDATE CASCADE,
  CONSTRAINT `educations_ibfk_3` FOREIGN KEY (`updated_by`) REFERENCES `users` (`id`) ON UPDATE CASCADE
) ENGINE=InnoDB DEFAULT CHARSET=utf8 COLLATE=utf8_unicode_ci;

DROP TABLE IF EXISTS `email`;
CREATE TABLE `email` (
  `id` int(11) NOT NULL AUTO_INCREMENT,
  `host` varchar(255) COLLATE utf8_unicode_ci DEFAULT NULL,
  `port` varchar(255) COLLATE utf8_unicode_ci DEFAULT NULL,
  `driver` varchar(255) COLLATE utf8_unicode_ci DEFAULT NULL,
  `email` varchar(255) COLLATE utf8_unicode_ci DEFAULT NULL,
  `password` varchar(255) COLLATE utf8_unicode_ci DEFAULT NULL,
  `encryption` varchar(255) COLLATE utf8_unicode_ci DEFAULT NULL,
  `name` varchar(255) COLLATE utf8_unicode_ci DEFAULT NULL,
  PRIMARY KEY (`id`)
) ENGINE=InnoDB DEFAULT CHARSET=utf8 COLLATE=utf8_unicode_ci;

INSERT INTO `email` (`id`, `host`, `port`, `driver`, `email`, `password`, `encryption`, `name`) VALUES
(1, 'mail.universitaspertamina.ac.id',  '587',  'smtp', 'hurryup@universitaspertamina.ac.id', 'P4ssw0rd', 'starttls', 'Hurry UP');

DROP TABLE IF EXISTS `employees`;
CREATE TABLE `employees` (
  `id` int(11) NOT NULL AUTO_INCREMENT,
  `name` varchar(255) COLLATE utf8_unicode_ci DEFAULT NULL,
  `religion` varchar(255) COLLATE utf8_unicode_ci DEFAULT NULL,
  `sex` varchar(255) COLLATE utf8_unicode_ci DEFAULT NULL,
  `phone` varchar(255) COLLATE utf8_unicode_ci DEFAULT NULL,
  `birthday` date DEFAULT NULL,
  `province_id` int(11) DEFAULT NULL,
  `city_id` int(11) DEFAULT NULL,
  `district_id` int(11) DEFAULT NULL,
  `postal_code` varchar(255) COLLATE utf8_unicode_ci DEFAULT NULL,
  `address` varchar(255) COLLATE utf8_unicode_ci DEFAULT NULL,
  `npwp` varchar(255) COLLATE utf8_unicode_ci DEFAULT NULL,
  `sid` varchar(255) COLLATE utf8_unicode_ci DEFAULT NULL,
  `status` varchar(255) COLLATE utf8_unicode_ci DEFAULT NULL,
  `email` varchar(255) COLLATE utf8_unicode_ci DEFAULT NULL,
  `photo` varchar(255) COLLATE utf8_unicode_ci DEFAULT NULL,
  `image` blob DEFAULT NULL,
  `marital_status` varchar(255) COLLATE utf8_unicode_ci DEFAULT NULL,
  `created_by` int(11) DEFAULT NULL,
  `updated_by` int(11) DEFAULT NULL,
  `created_at` timestamp NOT NULL DEFAULT current_timestamp(),
  `updated_at` timestamp NOT NULL DEFAULT current_timestamp(),
  PRIMARY KEY (`id`),
  KEY `province_id` (`province_id`),
  KEY `city_id` (`city_id`),
  KEY `district_id` (`district_id`),
  KEY `created_by` (`created_by`),
  KEY `updated_by` (`updated_by`),
  CONSTRAINT `employees_ibfk_1` FOREIGN KEY (`province_id`) REFERENCES `provinces` (`id`) ON UPDATE CASCADE,
  CONSTRAINT `employees_ibfk_2` FOREIGN KEY (`city_id`) REFERENCES `cities` (`id`) ON UPDATE CASCADE,
  CONSTRAINT `employees_ibfk_3` FOREIGN KEY (`district_id`) REFERENCES `districts` (`id`) ON UPDATE CASCADE,
  CONSTRAINT `employees_ibfk_4` FOREIGN KEY (`created_by`) REFERENCES `users` (`id`) ON UPDATE CASCADE,
  CONSTRAINT `employees_ibfk_5` FOREIGN KEY (`updated_by`) REFERENCES `users` (`id`) ON UPDATE CASCADE
) ENGINE=InnoDB DEFAULT CHARSET=utf8 COLLATE=utf8_unicode_ci;

INSERT INTO `employees` (`id`, `name`, `religion`, `sex`, `phone`, `birthday`, `province_id`, `city_id`, `district_id`, `postal_code`, `address`, `npwp`, `sid`, `status`, `email`, `photo`, `image`, `marital_status`, `created_by`, `updated_by`, `created_at`, `updated_at`) VALUES
(1, 'Prof. Akhmaloka',  NULL, NULL, NULL, NULL, NULL, NULL, NULL, NULL, NULL, NULL, NULL, NULL, '', NULL, NULL, NULL, 255,  255,  '2020-09-26 23:25:39',  '2020-09-26 23:25:39'),
(2, 'Prof. Dr. Ir. Ichsan Setya Putra', NULL, NULL, NULL, NULL, NULL, NULL, NULL, NULL, NULL, NULL, NULL, NULL, '', NULL, NULL, NULL, 255,  255,  '2020-09-26 23:25:39',  '2020-09-26 23:25:39'),
(3, 'Simson Panjaitan', NULL, NULL, NULL, NULL, NULL, NULL, NULL, NULL, NULL, NULL, NULL, NULL, '', NULL, NULL, NULL, 255,  255,  '2020-09-26 23:25:39',  '2020-09-26 23:25:39'),
(4, 'Simson Panjaitan', NULL, NULL, NULL, NULL, NULL, NULL, NULL, NULL, NULL, NULL, NULL, NULL, '', NULL, NULL, NULL, 255,  255,  '2020-09-26 23:25:39',  '2020-09-26 23:25:39'),
(5, 'Budi Soetjipto', NULL, NULL, NULL, NULL, NULL, NULL, NULL, NULL, NULL, NULL, NULL, NULL, '', NULL, NULL, NULL, 255,  255,  '2020-09-26 23:25:39',  '2020-09-26 23:25:39'),
(6, 'Ir. Sugiyarto',  NULL, NULL, NULL, NULL, NULL, NULL, NULL, NULL, NULL, NULL, NULL, NULL, '', NULL, NULL, NULL, 255,  255,  '2020-09-26 23:25:39',  '2020-09-26 23:25:39'),
(7, 'Prof. Dr. rer. nat. Awali Priyono',  NULL, NULL, NULL, NULL, NULL, NULL, NULL, NULL, NULL, NULL, NULL, NULL, '', NULL, NULL, NULL, 255,  255,  '2020-09-26 23:25:39',  '2020-09-26 23:25:39'),
(8, 'Prof. Dr. Ir. Dermawan Wibisono',  NULL, NULL, NULL, NULL, NULL, NULL, NULL, NULL, NULL, NULL, NULL, NULL, '', NULL, NULL, NULL, 255,  255,  '2020-09-26 23:25:39',  '2020-09-26 23:25:39'),
(9, 'Prof. Ir. Suprihanto', NULL, NULL, NULL, NULL, NULL, NULL, NULL, NULL, NULL, NULL, NULL, NULL, '', NULL, NULL, NULL, 255,  255,  '2020-09-26 23:25:39',  '2020-09-26 23:25:39'),
(10,  'Paramita Jaya Ratri',  NULL, NULL, NULL, NULL, NULL, NULL, NULL, NULL, NULL, NULL, NULL, NULL, 'paramita.jr@universitaspertamina.ac.id', NULL, NULL, NULL, 255,  255,  '2020-09-26 23:25:39',  '2020-09-26 23:25:39'),
(11,  'Tegar Nurwahyu Wijaya',  NULL, NULL, NULL, NULL, NULL, NULL, NULL, NULL, NULL, NULL, NULL, NULL, 'tegar.nw@universitaspertamina.ac.id',  NULL, NULL, NULL, 255,  255,  '2020-09-26 23:25:39',  '2020-09-26 23:25:39'),
(12,  'Prestika Yustisi', NULL, NULL, NULL, NULL, NULL, NULL, NULL, NULL, NULL, NULL, NULL, NULL, '', NULL, NULL, NULL, 255,  255,  '2020-09-26 23:25:39',  '2020-09-26 23:25:39'),
(13,  'Meri Ayurini', NULL, NULL, NULL, NULL, NULL, NULL, NULL, NULL, NULL, NULL, NULL, NULL, 'meri.ayurini@universitaspertamina.ac.id',  NULL, NULL, NULL, 255,  255,  '2020-09-26 23:25:39',  '2020-09-26 23:25:39'),
(14,  'Khabib Khumaini',  NULL, NULL, NULL, NULL, NULL, NULL, NULL, NULL, NULL, NULL, NULL, NULL, 'khabib.khumaini@universitaspertamina.ac.id', NULL, NULL, NULL, 255,  255,  '2020-09-26 23:25:39',  '2020-09-26 23:25:39'),
(15,  'Raissa', NULL, NULL, NULL, NULL, NULL, NULL, NULL, NULL, NULL, NULL, NULL, NULL, 'raissa@universitaspertamina.ac.id',  NULL, NULL, NULL, 255,  255,  '2020-09-26 23:25:39',  '2020-09-26 23:25:39'),
(16,  'Ariana Yunita',  NULL, NULL, NULL, NULL, NULL, NULL, NULL, NULL, NULL, NULL, NULL, NULL, 'ariana.yunita@universitaspertamina.ac.id', NULL, NULL, NULL, 255,  255,  '2020-09-26 23:25:39',  '2020-09-26 23:25:39'),
(17,  'Erwin Setiawan', '', NULL, '', '1970-01-01', NULL, NULL, NULL, '', '', '', '', NULL, 'erwin.setiawan@universitaspertamina.ac.id',  NULL, NULL, '', 255,  255,  '2020-09-26 23:25:39',  '2020-09-26 23:25:39'),
(18,  'Galang Amanda Dwi Pamungkas',  NULL, NULL, NULL, NULL, NULL, NULL, NULL, NULL, NULL, NULL, NULL, NULL, 'galang.adp@universitaspertamina.ac.id',  NULL, NULL, NULL, 255,  255,  '2020-09-26 23:25:39',  '2020-09-26 23:25:39'),
(19,  'Hani Ramadhan',  NULL, NULL, NULL, NULL, NULL, NULL, NULL, NULL, NULL, NULL, NULL, NULL, 'hani.ramadhan@universitaspertamina.ac.id', NULL, NULL, NULL, 255,  255,  '2020-09-26 23:25:39',  '2020-09-26 23:25:39'),
(20,  'Muhammad Zaki Almuzakki',  NULL, NULL, NULL, NULL, NULL, NULL, NULL, NULL, NULL, NULL, NULL, NULL, 'muhammad.za@universitaspertamina.ac.id', NULL, NULL, NULL, 255,  255,  '2020-09-26 23:25:39',  '2020-09-26 23:25:39'),
(21,  'Meredita Susanty ',  NULL, NULL, NULL, NULL, NULL, NULL, NULL, NULL, NULL, NULL, NULL, NULL, 'meredita.susanty@universitaspertamina.ac.id',  NULL, NULL, NULL, 255,  255,  '2020-09-26 23:25:39',  '2020-09-26 23:25:39'),
(22,  'Epo Prasetya Kusumah', NULL, NULL, NULL, NULL, NULL, NULL, NULL, NULL, NULL, NULL, NULL, NULL, 'epo.pk@universitaspertamina.ac.id',  NULL, NULL, NULL, 255,  255,  '2020-09-26 23:25:39',  '2020-09-26 23:25:39'),
(23,  'Wahyuningrum Angesti Lestari', NULL, NULL, NULL, NULL, NULL, NULL, NULL, NULL, NULL, NULL, NULL, NULL, 'wahyuningrum.al@universitaspertamina.ac.id', NULL, NULL, NULL, 255,  255,  '2020-09-26 23:25:39',  '2020-09-26 23:25:39'),
(24,  'Lolita Marheni', NULL, NULL, NULL, NULL, NULL, NULL, NULL, NULL, NULL, NULL, NULL, NULL, 'lolita.marheni@universitaspertamina.ac.id',  NULL, NULL, NULL, 255,  255,  '2020-09-26 23:25:39',  '2020-09-26 23:25:39'),
(25,  'Ratna Widiarti', NULL, NULL, NULL, NULL, NULL, NULL, NULL, NULL, NULL, NULL, NULL, NULL, 'ratna.widiarti@universitaspertamina.ac.id',  NULL, NULL, NULL, 255,  255,  '2020-09-26 23:25:39',  '2020-09-26 23:25:39'),
(26,  'Harya Dwi Nugraha',  NULL, NULL, NULL, NULL, NULL, NULL, NULL, NULL, NULL, NULL, NULL, NULL, 'harya.dn@universitaspertamina.ac.id',  NULL, NULL, NULL, 255,  255,  '2020-09-26 23:25:39',  '2020-09-26 23:25:39'),
(27,  'Dicky Ahmad Zaky', NULL, NULL, NULL, NULL, NULL, NULL, NULL, NULL, NULL, NULL, NULL, NULL, 'dicky.az@universitaspertamina.ac.id',  NULL, NULL, NULL, 255,  255,  '2020-09-26 23:25:39',  '2020-09-26 23:25:39'),
(28,  'Sari Widyanti',  NULL, NULL, NULL, NULL, NULL, NULL, NULL, NULL, NULL, NULL, NULL, NULL, 'sari.widyanti@universitaspertamina.ac.id', NULL, NULL, NULL, 255,  255,  '2020-09-26 23:25:39',  '2020-09-26 23:25:39'),
(29,  'Muhammad Husni Mubarak Lubis', NULL, NULL, NULL, NULL, NULL, NULL, NULL, NULL, NULL, NULL, NULL, NULL, 'muhammad.hml@universitaspertamina.ac.id',  NULL, NULL, NULL, 255,  255,  '2020-09-26 23:25:39',  '2020-09-26 23:25:39'),
(30,  'R. Arya Singal Bagoes Oka',  NULL, NULL, NULL, NULL, NULL, NULL, NULL, NULL, NULL, NULL, NULL, NULL, 'rasb.oka@universitaspertamina.ac.id',  NULL, NULL, NULL, 255,  255,  '2020-09-26 23:25:39',  '2020-09-26 23:25:39'),
(31,  'Waskito Pranowo',  NULL, NULL, NULL, NULL, NULL, NULL, NULL, NULL, NULL, NULL, NULL, NULL, 'waskito.pranowo@universitaspertamina.ac.id', NULL, NULL, NULL, 255,  255,  '2020-09-26 23:25:39',  '2020-09-26 23:25:39'),
(32,  'Iktri Madrinovella', NULL, NULL, NULL, NULL, NULL, NULL, NULL, NULL, NULL, NULL, NULL, NULL, 'iktri.madrinovella@universitaspertamina.ac.id',  NULL, NULL, NULL, 255,  255,  '2020-09-26 23:25:39',  '2020-09-26 23:25:39'),
(33,  'Ludovika Jannoke', NULL, NULL, NULL, NULL, NULL, NULL, NULL, NULL, NULL, NULL, NULL, NULL, 'ludovika.jannoke@universitaspertamina.ac.id',  NULL, NULL, NULL, 255,  255,  '2020-09-26 23:25:39',  '2020-09-26 23:25:39'),
(34,  'Ajeng Purna Putri Oktaviani',  NULL, NULL, NULL, NULL, NULL, NULL, NULL, NULL, NULL, NULL, NULL, NULL, 'ajeng.ppo@universitaspertamina.ac.id', NULL, NULL, NULL, 255,  255,  '2020-09-26 23:25:39',  '2020-09-26 23:25:39'),
(35,  'Bastian Andoni', NULL, NULL, NULL, NULL, NULL, NULL, NULL, NULL, NULL, NULL, NULL, NULL, '', NULL, NULL, NULL, 255,  255,  '2020-09-26 23:25:39',  '2020-09-26 23:25:39'),
(36,  'Raka Sudira Wardana',  NULL, NULL, NULL, NULL, NULL, NULL, NULL, NULL, NULL, NULL, NULL, NULL, 'raka.sw@universitaspertamina.ac.id', NULL, NULL, NULL, 255,  255,  '2020-09-26 23:25:39',  '2020-09-26 23:25:39'),
(37,  'Weny Astuti',  NULL, NULL, NULL, NULL, NULL, NULL, NULL, NULL, NULL, NULL, NULL, NULL, 'weny.astuti@universitaspertamina.ac.id', NULL, NULL, NULL, 255,  255,  '2020-09-26 23:25:39',  '2020-09-26 23:25:39'),
(38,  'Arifian Agusta', NULL, NULL, NULL, NULL, NULL, NULL, NULL, NULL, NULL, NULL, NULL, NULL, 'arifian.agusta@universitaspertamina.ac.id',  NULL, NULL, NULL, 255,  255,  '2020-09-26 23:25:39',  '2020-09-26 23:25:39'),
(39,  'Arianta',  NULL, NULL, NULL, NULL, NULL, NULL, NULL, NULL, NULL, NULL, NULL, NULL, 'arianta@universitaspertamina.ac.id', NULL, NULL, NULL, 255,  255,  '2020-09-26 23:25:39',  '2020-09-26 23:25:39'),
(40,  'Gilang Muhammad Gemilang', NULL, NULL, NULL, NULL, NULL, NULL, NULL, NULL, NULL, NULL, NULL, NULL, 'gilang.mg@universitaspertamina.ac.id', NULL, NULL, NULL, 255,  255,  '2020-09-26 23:25:39',  '2020-09-26 23:25:39'),
(41,  'Wirman Hidayat', NULL, NULL, NULL, NULL, NULL, NULL, NULL, NULL, NULL, NULL, NULL, NULL, 'wirman.hidayat@universitaspertamina.ac.id',  NULL, NULL, NULL, 255,  255,  '2020-09-26 23:25:39',  '2020-09-26 23:25:39'),
(42,  'Bambang Winarta',  NULL, NULL, NULL, NULL, NULL, NULL, NULL, NULL, NULL, NULL, NULL, NULL, '', NULL, NULL, NULL, 255,  255,  '2020-09-26 23:25:39',  '2020-09-26 23:25:39'),
(43,  'Rizka Hutami', NULL, NULL, NULL, NULL, NULL, NULL, NULL, NULL, NULL, NULL, NULL, NULL, '', NULL, NULL, NULL, 255,  255,  '2020-09-26 23:25:39',  '2020-09-26 23:25:39'),
(44,  'Ari Rahman', NULL, NULL, NULL, NULL, NULL, NULL, NULL, NULL, NULL, NULL, NULL, NULL, 'ari.rahman@universitaspertamina.ac.id',  NULL, NULL, NULL, 255,  255,  '2020-09-26 23:25:39',  '2020-09-26 23:25:39'),
(45,  'Betanti Ridhosari',  NULL, NULL, NULL, NULL, NULL, NULL, NULL, NULL, NULL, NULL, NULL, NULL, 'betanti.ridhosari@universitaspertamina.ac.id', NULL, NULL, NULL, 255,  255,  '2020-09-26 23:25:39',  '2020-09-26 23:25:39'),
(46,  'Rizal Taufiq Fauzi', NULL, NULL, NULL, NULL, NULL, NULL, NULL, NULL, NULL, NULL, NULL, NULL, 'rizal.tf@universitaspertamina.ac.id',  NULL, NULL, NULL, 255,  255,  '2020-09-26 23:25:39',  '2020-09-26 23:25:39'),
(47,  'Bob Adyari', NULL, NULL, NULL, NULL, NULL, NULL, NULL, NULL, NULL, NULL, NULL, NULL, 'bob.adyari@universitaspertamina.ac.id',  NULL, NULL, NULL, 255,  255,  '2020-09-26 23:25:39',  '2020-09-26 23:25:39'),
(48,  'Nadia Fitria', NULL, NULL, NULL, NULL, NULL, NULL, NULL, NULL, NULL, NULL, NULL, NULL, '', NULL, NULL, NULL, 255,  255,  '2020-09-26 23:25:39',  '2020-09-26 23:25:39'),
(49,  'Nurulbaiti Listyendah Zahra',  NULL, NULL, NULL, NULL, NULL, NULL, NULL, NULL, NULL, NULL, NULL, NULL, 'nurulbaiti.lz@universitaspertamina.ac.id', NULL, NULL, NULL, 255,  255,  '2020-09-26 23:25:39',  '2020-09-26 23:25:39'),
(50,  'Adhitya Ryan Ramadhani', NULL, NULL, NULL, NULL, NULL, NULL, NULL, NULL, NULL, NULL, NULL, NULL, 'adhitya.rr@universitaspertamina.ac.id',  NULL, NULL, NULL, 255,  255,  '2020-09-26 23:25:39',  '2020-09-26 23:25:39'),
(51,  'Muhammad Akbar Barrinaya', NULL, NULL, NULL, NULL, NULL, NULL, NULL, NULL, NULL, NULL, NULL, NULL, 'muhammad.ab@universitaspertamina.ac.id', NULL, NULL, NULL, 255,  255,  '2020-09-26 23:25:39',  '2020-09-26 23:25:39'),
(52,  'Muhammad Heikal Hasan',  NULL, NULL, NULL, NULL, NULL, NULL, NULL, NULL, NULL, NULL, NULL, NULL, 'muhammad.hh@universitaspertamina.ac.id', NULL, NULL, NULL, 255,  255,  '2020-09-26 23:25:39',  '2020-09-26 23:25:39'),
(53,  'Yudi Rahmawan',  NULL, NULL, NULL, NULL, NULL, NULL, NULL, NULL, NULL, NULL, NULL, NULL, 'yudi.rahmawan@universitaspertamina.ac.id', NULL, NULL, NULL, 255,  255,  '2020-09-26 23:25:39',  '2020-09-26 23:25:39'),
(54,  'Khusnun Widiyati', NULL, NULL, NULL, NULL, NULL, NULL, NULL, NULL, NULL, NULL, NULL, NULL, 'khusnun.widiyati@universitaspertamina.ac.id',  NULL, NULL, NULL, 255,  255,  '2020-09-26 23:25:39',  '2020-09-26 23:25:39'),
(55,  'Teguh Aryo Nugroho', NULL, NULL, NULL, NULL, NULL, NULL, NULL, NULL, NULL, NULL, NULL, NULL, 'teguh.an@universitaspertamina.ac.id',  NULL, NULL, NULL, 255,  255,  '2020-09-26 23:25:39',  '2020-09-26 23:25:39'),
(56,  'Hanny Megawati Rosalinda', NULL, NULL, NULL, NULL, NULL, NULL, NULL, NULL, NULL, NULL, NULL, NULL, 'hanny.mr@universitaspertamina.ac.id',  NULL, NULL, NULL, 255,  255,  '2020-09-26 23:25:39',  '2020-09-26 23:25:39'),
(57,  'Herminarto Nugroho', NULL, NULL, NULL, NULL, NULL, NULL, NULL, NULL, NULL, NULL, NULL, NULL, 'herminarto.nugroho@universitaspertamina.ac.id',  NULL, NULL, NULL, 255,  255,  '2020-09-26 23:25:39',  '2020-09-26 23:25:39'),
(58,  'Aulia Rahmah Annisa',  NULL, NULL, NULL, NULL, NULL, NULL, NULL, NULL, NULL, NULL, NULL, NULL, 'aulia.ra@universitaspertamina.ac.id',  NULL, NULL, NULL, 255,  255,  '2020-09-26 23:25:39',  '2020-09-26 23:25:39'),
(59,  'Rahmat Septian Wijanarko', NULL, NULL, NULL, NULL, NULL, NULL, NULL, NULL, NULL, NULL, NULL, NULL, '', NULL, NULL, NULL, 255,  255,  '2020-09-26 23:25:39',  '2020-09-26 23:25:39'),
(60,  'Wahyu Kunto Wibowo', NULL, NULL, NULL, NULL, NULL, NULL, NULL, NULL, NULL, NULL, NULL, NULL, 'wahyu.kw@universitaspertamina.ac.id',  NULL, NULL, NULL, 255,  255,  '2020-09-26 23:25:39',  '2020-09-26 23:25:39'),
(61,  'Anisha Maharani',  NULL, NULL, NULL, NULL, NULL, NULL, NULL, NULL, NULL, NULL, NULL, NULL, 'anisha.maharani@universitaspertamina.ac.id', NULL, NULL, NULL, 255,  255,  '2020-09-26 23:25:39',  '2020-09-26 23:25:39'),
(62,  'Gita Kurnia',  NULL, NULL, NULL, NULL, NULL, NULL, NULL, NULL, NULL, NULL, NULL, NULL, 'gita.kurnia@universitaspertamina.ac.id', NULL, NULL, NULL, 255,  255,  '2020-09-26 23:25:39',  '2020-09-26 23:25:39'),
(63,  'Nur Layli Rachmawati', NULL, NULL, NULL, NULL, NULL, NULL, NULL, NULL, NULL, NULL, NULL, NULL, 'nl.rachmawati@universitaspertamina.ac.id', NULL, NULL, NULL, 255,  255,  '2020-09-26 23:25:39',  '2020-09-26 23:25:39'),
(64,  'Rio Turnadi',  NULL, NULL, NULL, NULL, NULL, NULL, NULL, NULL, NULL, NULL, NULL, NULL, 'rio.turnadi@universitaspertamina.ac.id', NULL, NULL, NULL, 255,  255,  '2020-09-26 23:25:39',  '2020-09-26 23:25:39'),
(65,  'Yelita Anggiane Iskandar ',  NULL, NULL, NULL, NULL, NULL, NULL, NULL, NULL, NULL, NULL, NULL, NULL, 'yelita.ai@universitaspertamina.ac.id', NULL, NULL, NULL, 255,  255,  '2020-09-26 23:25:39',  '2020-09-26 23:25:39'),
(66,  'Harummi Sekar Amarilies',  NULL, NULL, NULL, NULL, NULL, NULL, NULL, NULL, NULL, NULL, NULL, NULL, 'harummi.sa@universitaspertamina.ac.id',  NULL, NULL, NULL, 255,  255,  '2020-09-26 23:25:39',  '2020-09-26 23:25:39'),
(67,  'Alifiana Permata Sari',  NULL, NULL, NULL, NULL, NULL, NULL, NULL, NULL, NULL, NULL, NULL, NULL, 'alifiana.ps@universitaspertamina.ac.id', NULL, NULL, NULL, 255,  255,  '2020-09-26 23:25:39',  '2020-09-26 23:25:39'),
(68,  'Ayu Dahliyanti', NULL, NULL, NULL, NULL, NULL, NULL, NULL, NULL, NULL, NULL, NULL, NULL, 'ayu.dahliyanti@universitaspertamina.ac.id',  NULL, NULL, NULL, 255,  255,  '2020-09-26 23:25:39',  '2020-09-26 23:25:39'),
(69,  'Ika Dyah Widharyanti', NULL, NULL, NULL, NULL, NULL, NULL, NULL, NULL, NULL, NULL, NULL, NULL, 'ika.wa@universitaspertamina.ac.id',  NULL, NULL, NULL, 255,  255,  '2020-09-26 23:25:39',  '2020-09-26 23:25:39'),
(70,  'Laksmi Dewi',  NULL, NULL, NULL, NULL, NULL, NULL, NULL, NULL, NULL, NULL, NULL, NULL, 'laksmi.dewi@universitaspertamina.ac.id', NULL, NULL, NULL, 255,  255,  '2020-09-26 23:25:39',  '2020-09-26 23:25:39'),
(71,  'Wegik Dwi Prasetyo', NULL, NULL, NULL, NULL, NULL, NULL, NULL, NULL, NULL, NULL, NULL, NULL, 'wegik.dp@universitaspertamina.ac.id',  NULL, NULL, NULL, 255,  255,  '2020-09-26 23:25:39',  '2020-09-26 23:25:39'),
(72,  'Catia Angli Curie',  NULL, NULL, NULL, NULL, NULL, NULL, NULL, NULL, NULL, NULL, NULL, NULL, 'catia.ac@universitaspertamina.ac.id',  NULL, NULL, NULL, 255,  255,  '2020-09-26 23:25:39',  '2020-09-26 23:25:39'),
(73,  'Rico Ricardo', NULL, NULL, NULL, NULL, NULL, NULL, NULL, NULL, NULL, NULL, NULL, NULL, 'rico.ricardo@universitaspertamina.ac.id',  NULL, NULL, NULL, 255,  255,  '2020-09-26 23:25:39',  '2020-09-26 23:25:39'),
(74,  'Achmad Kautsar', NULL, NULL, NULL, NULL, NULL, NULL, NULL, NULL, NULL, NULL, NULL, NULL, 'achmad.kautsar@universitaspertamina.ac.id',  NULL, NULL, NULL, 255,  255,  '2020-09-26 23:25:39',  '2020-09-26 23:25:39'),
(75,  'Akbar Nikmatullah Dachlan',  NULL, NULL, NULL, NULL, NULL, NULL, NULL, NULL, NULL, NULL, NULL, NULL, '', NULL, NULL, NULL, 255,  255,  '2020-09-26 23:25:39',  '2020-09-26 23:25:39'),
(76,  'Ardiana Primastuti', NULL, NULL, NULL, NULL, NULL, NULL, NULL, NULL, NULL, NULL, NULL, NULL, 'ardiana.primastuti@universitaspertamina.ac.id',  NULL, NULL, NULL, 255,  255,  '2020-09-26 23:25:39',  '2020-09-26 23:25:39'),
(77,  'Nursechafia',  NULL, NULL, NULL, NULL, NULL, NULL, NULL, NULL, NULL, NULL, NULL, NULL, 'nursechafia@universitaspertamina.ac.id', NULL, NULL, NULL, 255,  255,  '2020-09-26 23:25:39',  '2020-09-26 23:25:39'),
(78,  'Andika Pambudi', NULL, NULL, NULL, NULL, NULL, NULL, NULL, NULL, NULL, NULL, NULL, NULL, 'andika.pambudi@universitaspertamina.ac.id',  NULL, NULL, NULL, 255,  255,  '2020-09-26 23:25:39',  '2020-09-26 23:25:39'),
(79,  'Rici Solihin', NULL, NULL, NULL, NULL, NULL, NULL, NULL, NULL, NULL, NULL, NULL, NULL, '', NULL, NULL, NULL, 255,  255,  '2020-09-26 23:25:39',  '2020-09-26 23:25:39'),
(80,  'Raden Roro Mirna Astari ', NULL, NULL, NULL, NULL, NULL, NULL, NULL, NULL, NULL, NULL, NULL, NULL, 'rr.mirnaastari@universitaspertamina.ac.id',  NULL, NULL, NULL, 255,  255,  '2020-09-26 23:25:39',  '2020-09-26 23:25:39'),
(81,  'Rezqi Ananda Basid', NULL, NULL, NULL, NULL, NULL, NULL, NULL, NULL, NULL, NULL, NULL, NULL, 'rezqi.ab@universitaspertamina.ac.id',  NULL, NULL, NULL, 255,  255,  '2020-09-26 23:25:39',  '2020-09-26 23:25:39'),
(82,  'Angga Ranggana Putra', NULL, NULL, NULL, NULL, NULL, NULL, NULL, NULL, NULL, NULL, NULL, NULL, 'angga.rp@universitaspertamina.ac.id',  NULL, NULL, NULL, 255,  255,  '2020-09-26 23:25:39',  '2020-09-26 23:25:39'),
(83,  'Atiqa Khaneef Harahap',  NULL, NULL, NULL, NULL, NULL, NULL, NULL, NULL, NULL, NULL, NULL, NULL, 'atiqa.kh@universitaspertamina.ac.id',  NULL, NULL, NULL, 255,  255,  '2020-09-26 23:25:39',  '2020-09-26 23:25:39'),
(84,  'Ita Musfirowati Hanika', NULL, NULL, NULL, NULL, NULL, NULL, NULL, NULL, NULL, NULL, NULL, NULL, 'ita.mh@universitaspertamina.ac.id',  NULL, NULL, NULL, 255,  255,  '2020-09-26 23:25:39',  '2020-09-26 23:25:39'),
(85,  'Muhammad Nur Ahadi', NULL, NULL, NULL, NULL, NULL, NULL, NULL, NULL, NULL, NULL, NULL, NULL, 'muhammad.na@universitaspertamina.ac.id', NULL, NULL, NULL, 255,  255,  '2020-09-26 23:25:39',  '2020-09-26 23:25:39'),
(86,  'Melisa Putri', NULL, NULL, NULL, NULL, NULL, NULL, NULL, NULL, NULL, NULL, NULL, NULL, 'melisa.ip@universitaspertamina.ac.id', NULL, NULL, NULL, 255,  255,  '2020-09-26 23:25:39',  '2020-09-26 23:25:39'),
(87,  'Fitria Andayani',  NULL, NULL, NULL, NULL, NULL, NULL, NULL, NULL, NULL, NULL, NULL, NULL, 'fitria.andayani@universitaspertamina.ac.id', NULL, NULL, NULL, 255,  255,  '2020-09-26 23:25:39',  '2020-09-26 23:25:39'),
(88,  'Farah Mulyasari',  NULL, NULL, NULL, NULL, NULL, NULL, NULL, NULL, NULL, NULL, NULL, NULL, 'farah.mulyasari@universitaspertamina.ac.id', NULL, NULL, NULL, 255,  255,  '2020-09-26 23:25:39',  '2020-09-26 23:25:39'),
(89,  'Aninda R. Tirtawinata',  NULL, NULL, NULL, NULL, NULL, NULL, NULL, NULL, NULL, NULL, NULL, NULL, '', NULL, NULL, NULL, 255,  255,  '2020-09-26 23:25:39',  '2020-09-26 23:25:39'),
(90,  'Dian Novikrisna',  NULL, NULL, NULL, NULL, NULL, NULL, NULL, NULL, NULL, NULL, NULL, NULL, 'dian.novikrisna@universitaspertamina.ac.id', NULL, NULL, NULL, 255,  255,  '2020-09-26 23:25:39',  '2020-09-26 23:25:39'),
(91,  'Frieska Haridha',  NULL, NULL, NULL, NULL, NULL, NULL, NULL, NULL, NULL, NULL, NULL, NULL, 'frieska.haridha@universitaspertamina.ac.id', NULL, NULL, NULL, 255,  255,  '2020-09-26 23:25:39',  '2020-09-26 23:25:39'),
(92,  'Iqbal Ramadhan', NULL, NULL, NULL, NULL, NULL, NULL, NULL, NULL, NULL, NULL, NULL, NULL, 'iqbal.ramadhan@universitaspertamina.ac.id',  NULL, NULL, NULL, 255,  255,  '2020-09-26 23:25:39',  '2020-09-26 23:25:39'),
(93,  'Silvia Dian Anggraeni',  NULL, NULL, NULL, NULL, NULL, NULL, NULL, NULL, NULL, NULL, NULL, NULL, 'silvia.da@universitaspertamina.ac.id', NULL, NULL, NULL, 255,  255,  '2020-09-26 23:25:39',  '2020-09-26 23:25:39'),
(94,  'Wahyu Agung Pramudito',  NULL, NULL, NULL, NULL, NULL, NULL, NULL, NULL, NULL, NULL, NULL, NULL, 'wahyu.agung@universitaspertamina.ac.id', NULL, NULL, NULL, 255,  255,  '2020-09-26 23:25:39',  '2020-09-26 23:25:39'),
(95,  'Dian Mardiana',  NULL, NULL, NULL, NULL, NULL, NULL, NULL, NULL, NULL, NULL, NULL, NULL, '', NULL, NULL, NULL, 255,  255,  '2020-09-26 23:25:39',  '2020-09-26 23:25:39'),
(96,  'Suhari Pranyoto',  NULL, NULL, NULL, NULL, NULL, NULL, NULL, NULL, NULL, NULL, NULL, NULL, '', NULL, NULL, NULL, 255,  255,  '2020-09-26 23:25:39',  '2020-09-26 23:25:39'),
(97,  'Dr. Ir. P. Sumardi', NULL, NULL, NULL, NULL, NULL, NULL, NULL, NULL, NULL, NULL, NULL, NULL, '', NULL, NULL, NULL, 255,  255,  '2020-09-26 23:25:39',  '2020-09-26 23:25:39'),
(98,  'Haryo Satriya Oktaviano',  NULL, NULL, NULL, NULL, NULL, NULL, NULL, NULL, NULL, NULL, NULL, NULL, 'haryo.so@universitaspertamina.ac.id',  NULL, NULL, NULL, 255,  255,  '2020-09-26 23:25:39',  '2020-09-26 23:25:39'),
(99,  'Suharti Sastroredjo',  NULL, NULL, NULL, NULL, NULL, NULL, NULL, NULL, NULL, NULL, NULL, NULL, 'suharti.s@universitaspertamina.ac.id', NULL, NULL, NULL, 255,  255,  '2020-09-26 23:25:39',  '2020-09-26 23:25:39'),
(100, 'Agung Nugroho',  NULL, NULL, NULL, NULL, NULL, NULL, NULL, NULL, NULL, NULL, NULL, NULL, 'agung.n@universitaspertamina.ac.id', NULL, NULL, NULL, 255,  255,  '2020-09-26 23:25:39',  '2020-09-26 23:25:39'),
(101, 'Sandy Kurniawan Suhardja', NULL, NULL, NULL, NULL, NULL, NULL, NULL, NULL, NULL, NULL, NULL, NULL, 'sandy.ks@universitaspertamina.ac.id',  NULL, NULL, NULL, 255,  255,  '2020-09-26 23:25:39',  '2020-09-26 23:25:39'),
(102, 'Dr. Eng. Rangga Adiprima Sudisman',  NULL, NULL, NULL, NULL, NULL, NULL, NULL, NULL, NULL, NULL, NULL, NULL, 'rangga.as@universitaspertamina.ac.id', NULL, NULL, NULL, 255,  255,  '2020-09-26 23:25:39',  '2020-09-26 23:25:39'),
(103, 'Dr. Eng. Mega Mutiara Sari', NULL, NULL, NULL, NULL, NULL, NULL, NULL, NULL, NULL, NULL, NULL, NULL, 'mega.ms@universitaspertamina.ac.id', NULL, NULL, NULL, 255,  255,  '2020-09-26 23:25:39',  '2020-09-26 23:25:39'),
(104, 'Evi Siti Sofiyah', NULL, NULL, NULL, NULL, NULL, NULL, NULL, NULL, NULL, NULL, NULL, NULL, 'es.sofiyah@universitaspertamina.ac.id',  NULL, NULL, NULL, 255,  255,  '2020-09-26 23:25:39',  '2020-09-26 23:25:39'),
(105, 'Sri Hastuty',  NULL, NULL, NULL, NULL, NULL, NULL, NULL, NULL, NULL, NULL, NULL, NULL, 'sri.hastuty@universitaspertamina.ac.id', NULL, NULL, NULL, 255,  255,  '2020-09-26 23:25:39',  '2020-09-26 23:25:39'),
(106, 'Nur Uddin',  NULL, NULL, NULL, NULL, NULL, NULL, NULL, NULL, NULL, NULL, NULL, NULL, '', NULL, NULL, NULL, 255,  255,  '2020-09-26 23:25:39',  '2020-09-26 23:25:39'),
(107, 'Eka Puspitawati',  NULL, NULL, NULL, NULL, NULL, NULL, NULL, NULL, NULL, NULL, NULL, NULL, 'eka.p@universitaspertamina.ac.id', NULL, NULL, NULL, 255,  255,  '2020-09-26 23:25:39',  '2020-09-26 23:25:39'),
(108, 'Hery Jhon',  NULL, NULL, NULL, NULL, NULL, NULL, NULL, NULL, NULL, NULL, NULL, NULL, '', NULL, NULL, NULL, 255,  255,  '2020-09-26 23:25:39',  '2020-09-26 23:25:39'),
(109, 'Muhamad Koyimatu', NULL, NULL, NULL, NULL, NULL, NULL, NULL, NULL, NULL, NULL, NULL, NULL, 'm.koyimatu@universitaspertamina.ac.id',  NULL, NULL, NULL, 255,  255,  '2020-09-26 23:25:39',  '2020-09-26 23:25:39'),
(110, 'Tasmi',  NULL, NULL, NULL, NULL, NULL, NULL, NULL, NULL, NULL, NULL, NULL, NULL, 'tasmiup@gmail.com',  NULL, NULL, NULL, 255,  255,  '2020-09-26 23:25:39',  '2020-09-26 23:25:39'),
(111, 'Agus Rudiyono',  NULL, NULL, NULL, NULL, NULL, NULL, NULL, NULL, NULL, NULL, NULL, NULL, 'arudiyono@gmail.com',  NULL, NULL, NULL, 255,  255,  '2020-09-26 23:25:39',  '2020-09-26 23:25:39'),
(112, 'Astra Agus Permana', NULL, NULL, NULL, NULL, NULL, NULL, NULL, NULL, NULL, NULL, NULL, NULL, 'astraagus.p@universitaspertamina.ac.id', NULL, NULL, NULL, 255,  255,  '2020-09-26 23:25:39',  '2020-09-26 23:25:39'),
(113, 'Ferani Eva Zulvia',  NULL, NULL, NULL, NULL, NULL, NULL, NULL, NULL, NULL, NULL, NULL, NULL, 'Feranieva.z@universitaspertamina.ac.id', NULL, NULL, NULL, 255,  255,  '2020-09-26 23:25:39',  '2020-09-26 23:25:39'),
(114, 'Purwo Kadarno',  NULL, NULL, NULL, NULL, NULL, NULL, NULL, NULL, NULL, NULL, NULL, NULL, 'purwo.kadarno@universitaspertamina.ac.id', NULL, NULL, NULL, 255,  255,  '2020-09-26 23:25:39',  '2020-09-26 23:25:39'),
(115, 'Tri Wismiarsi',  NULL, NULL, NULL, NULL, NULL, NULL, NULL, NULL, NULL, NULL, NULL, NULL, '', NULL, NULL, NULL, 255,  255,  '2020-09-26 23:25:39',  '2020-09-26 23:25:39'),
(116, 'A. Mansyursyah S.N', NULL, NULL, NULL, NULL, NULL, NULL, NULL, NULL, NULL, NULL, NULL, NULL, 'abang.msn@universitaspertamina.ac.id', NULL, NULL, NULL, 255,  255,  '2020-09-26 23:25:39',  '2020-09-26 23:25:39'),
(117, 'Eduardus Budi N',  NULL, NULL, NULL, NULL, NULL, NULL, NULL, NULL, NULL, NULL, NULL, NULL, 'eduardus.bn@universitaspertamina.ac.id', NULL, NULL, NULL, 255,  255,  '2020-09-26 23:25:39',  '2020-09-26 23:25:39'),
(118, 'Ian Montratama', NULL, NULL, NULL, NULL, NULL, NULL, NULL, NULL, NULL, NULL, NULL, NULL, 'ian.montratama@universitaspertamina.ac.id',  NULL, NULL, NULL, 255,  255,  '2020-09-26 23:25:39',  '2020-09-26 23:25:39'),
(119, 'Palupi Lindiasari S.', NULL, NULL, NULL, NULL, NULL, NULL, NULL, NULL, NULL, NULL, NULL, NULL, '', NULL, NULL, NULL, 255,  255,  '2020-09-26 23:25:39',  '2020-09-26 23:25:39'),
(120, 'Faddy Ardian', NULL, NULL, NULL, NULL, NULL, NULL, NULL, NULL, NULL, NULL, NULL, NULL, 'faddy.ardian@universitaspertamina.ac.id',  NULL, NULL, NULL, 255,  255,  '2020-09-26 23:25:39',  '2020-09-26 23:25:39'),
(121, 'Husnil Khatimah',  NULL, NULL, NULL, NULL, NULL, NULL, NULL, NULL, NULL, NULL, NULL, NULL, 'husnil.khatimah@universitaspertamina.ac.id', NULL, NULL, NULL, 255,  255,  '2020-09-26 23:25:39',  '2020-09-26 23:25:39'),
(122, 'Doni Yusri', NULL, NULL, NULL, NULL, NULL, NULL, NULL, NULL, NULL, NULL, NULL, NULL, '', NULL, NULL, NULL, 255,  255,  '2020-09-26 23:25:39',  '2020-09-26 23:25:39'),
(123, 'Adde Oriza Rio', NULL, NULL, NULL, NULL, NULL, NULL, NULL, NULL, NULL, NULL, NULL, NULL, 'adde.or@universitaspertamina.ac.id', NULL, NULL, NULL, 255,  255,  '2020-09-26 23:25:39',  '2020-09-26 23:25:39'),
(124, 'Indra K.', NULL, NULL, NULL, NULL, NULL, NULL, NULL, NULL, NULL, NULL, NULL, NULL, 'indra.kusumawardhana@universitaspertamina.ac.id',  NULL, NULL, NULL, 255,  255,  '2020-09-26 23:25:39',  '2020-09-26 23:25:39'),
(125, 'Arif Murti Rozamuri',  NULL, NULL, NULL, NULL, NULL, NULL, NULL, NULL, NULL, NULL, NULL, NULL, 'arifmurti.r@universitaspertamina.ac.id', NULL, NULL, NULL, 255,  255,  '2020-09-26 23:25:39',  '2020-09-26 23:25:39'),
(126, 'Dr. Ida Herawati', NULL, NULL, NULL, NULL, NULL, NULL, NULL, NULL, NULL, NULL, NULL, NULL, 'idaherawati@universitaspertamina.ac.id', NULL, NULL, NULL, 255,  255,  '2020-09-26 23:25:39',  '2020-09-26 23:25:39'),
(127, 'Dr. Rusdi Abbas',  NULL, NULL, NULL, NULL, NULL, NULL, NULL, NULL, NULL, NULL, NULL, NULL, 'rusdiabbas@universitaspertamina.ac.id',  NULL, NULL, NULL, 255,  255,  '2020-09-26 23:25:39',  '2020-09-26 23:25:39'),
(128, 'Iwan Sukarno', NULL, NULL, NULL, NULL, NULL, NULL, NULL, NULL, NULL, NULL, NULL, NULL, 'iwansukarno@universitaspertamina.ac.id', NULL, NULL, NULL, 255,  255,  '2020-09-26 23:25:39',  '2020-09-26 23:25:39'),
(129, 'Nona Merry Merpati Mitan', NULL, NULL, NULL, NULL, NULL, NULL, NULL, NULL, NULL, NULL, NULL, NULL, 'merrymerpatin.m@universitaspertamina.ac.id', NULL, NULL, NULL, 255,  255,  '2020-09-26 23:25:39',  '2020-09-26 23:25:39'),
(130, 'Ade Irawan', NULL, NULL, NULL, NULL, NULL, NULL, NULL, NULL, NULL, NULL, NULL, NULL, 'adeirawan@universitaspertamina.ac.id', NULL, NULL, NULL, 255,  255,  '2020-09-26 23:25:39',  '2020-09-26 23:25:39'),
(131, 'Muttaqin', NULL, NULL, NULL, NULL, NULL, NULL, NULL, NULL, NULL, NULL, NULL, NULL, 'Mutaqqin@universitaspertamina.ac.id',  NULL, NULL, NULL, 255,  255,  '2020-09-26 23:25:39',  '2020-09-26 23:25:39'),
(132, 'Agus Abdullah',  NULL, NULL, NULL, NULL, NULL, NULL, NULL, NULL, NULL, NULL, NULL, NULL, 'agusabdullah@universitaspertamina.ac.id',  NULL, NULL, NULL, 255,  255,  '2020-09-26 23:25:39',  '2020-09-26 23:25:39'),
(133, 'Rifki Muhida', NULL, NULL, NULL, NULL, NULL, NULL, NULL, NULL, NULL, NULL, NULL, NULL, 'rifkimuhida@universitaspertamina.ac.id', NULL, NULL, NULL, 255,  255,  '2020-09-26 23:25:39',  '2020-09-26 23:25:39'),
(134, 'M. Manar Barmawi', NULL, NULL, NULL, NULL, NULL, NULL, NULL, NULL, NULL, NULL, NULL, NULL, '', NULL, NULL, NULL, 255,  255,  '2020-09-26 23:25:39',  '2020-09-26 23:25:39'),
(135, 'Resti Samyati J.', NULL, NULL, NULL, NULL, NULL, NULL, NULL, NULL, NULL, NULL, NULL, NULL, 'resti.sj@universitaspertamina.ac.id',  NULL, NULL, NULL, 255,  255,  '2020-09-26 23:25:39',  '2020-09-26 23:25:39'),
(136, 'Dea Nur Anisa',  NULL, NULL, NULL, NULL, NULL, NULL, NULL, NULL, NULL, NULL, NULL, NULL, '', NULL, NULL, NULL, 255,  255,  '2020-09-26 23:25:39',  '2020-09-26 23:25:39'),
(137, 'Cahya Ramadhan', NULL, NULL, NULL, NULL, NULL, NULL, NULL, NULL, NULL, NULL, NULL, NULL, '', NULL, NULL, NULL, 255,  255,  '2020-09-26 23:25:39',  '2020-09-26 23:25:39'),
(138, 'Lazuardi Septy Maulana', NULL, NULL, NULL, NULL, NULL, NULL, NULL, NULL, NULL, NULL, NULL, NULL, '', NULL, NULL, NULL, 255,  255,  '2020-09-26 23:25:39',  '2020-09-26 23:25:39'),
(139, 'Patricia Yulisa',  NULL, NULL, NULL, NULL, NULL, NULL, NULL, NULL, NULL, NULL, NULL, NULL, '', NULL, NULL, NULL, 255,  255,  '2020-09-26 23:25:39',  '2020-09-26 23:25:39'),
(140, 'Astri Nauli Lubis',  NULL, NULL, NULL, NULL, NULL, NULL, NULL, NULL, NULL, NULL, NULL, NULL, '', NULL, NULL, NULL, 255,  255,  '2020-09-26 23:25:39',  '2020-09-26 23:25:39'),
(141, 'Mujanih',  NULL, NULL, NULL, NULL, NULL, NULL, NULL, NULL, NULL, NULL, NULL, NULL, 'mujanih@universitaspertamina.ac.id', NULL, NULL, NULL, 255,  255,  '2020-09-26 23:25:39',  '2020-09-26 23:25:39'),
(142, 'Wendhy Mahardika Budi Saputra',  NULL, NULL, NULL, NULL, NULL, NULL, NULL, NULL, NULL, NULL, NULL, NULL, '', NULL, NULL, NULL, 255,  255,  '2020-09-26 23:25:39',  '2020-09-26 23:25:39'),
(143, 'Yasser Hidayat', NULL, NULL, NULL, NULL, NULL, NULL, NULL, NULL, NULL, NULL, NULL, NULL, '', NULL, NULL, NULL, 255,  255,  '2020-09-26 23:25:39',  '2020-09-26 23:25:39'),
(144, 'Nelza Aprilinanita', NULL, NULL, NULL, NULL, NULL, NULL, NULL, NULL, NULL, NULL, NULL, NULL, 'nelza.april@universitaspertamina.ac.id', NULL, NULL, NULL, 255,  255,  '2020-09-26 23:25:39',  '2020-09-26 23:25:39'),
(145, 'Adzani Ashar', NULL, NULL, NULL, NULL, NULL, NULL, NULL, NULL, NULL, NULL, NULL, NULL, '', NULL, NULL, NULL, 255,  255,  '2020-09-26 23:25:39',  '2020-09-26 23:25:39'),
(146, 'Desi Suarsih', NULL, NULL, NULL, NULL, NULL, NULL, NULL, NULL, NULL, NULL, NULL, NULL, '', NULL, NULL, NULL, 255,  255,  '2020-09-26 23:25:39',  '2020-09-26 23:25:39'),
(147, 'Nurindriani',  NULL, NULL, NULL, NULL, NULL, NULL, NULL, NULL, NULL, NULL, NULL, NULL, '', NULL, NULL, NULL, 255,  255,  '2020-09-26 23:25:39',  '2020-09-26 23:25:39'),
(148, 'Annesa Nariswari K M', NULL, NULL, NULL, NULL, NULL, NULL, NULL, NULL, NULL, NULL, NULL, NULL, '', NULL, NULL, NULL, 255,  255,  '2020-09-26 23:25:39',  '2020-09-26 23:25:39'),
(149, 'Janna Panayanti',  NULL, NULL, NULL, NULL, NULL, NULL, NULL, NULL, NULL, NULL, NULL, NULL, '', NULL, NULL, NULL, 255,  255,  '2020-09-26 23:25:39',  '2020-09-26 23:25:39'),
(150, 'Annisa Derana Sembiring',  NULL, NULL, NULL, NULL, NULL, NULL, NULL, NULL, NULL, NULL, NULL, NULL, '', NULL, NULL, NULL, 255,  255,  '2020-09-26 23:25:39',  '2020-09-26 23:25:39'),
(151, 'Emmiyatul Rahmawati',  NULL, NULL, NULL, NULL, NULL, NULL, NULL, NULL, NULL, NULL, NULL, NULL, '', NULL, NULL, NULL, 255,  255,  '2020-09-26 23:25:39',  '2020-09-26 23:25:39'),
(152, 'Achmad Muhajirin Noer Efendi', NULL, NULL, NULL, NULL, NULL, NULL, NULL, NULL, NULL, NULL, NULL, NULL, 'achmadmuhajirin99@gmail.com',  NULL, NULL, NULL, 255,  255,  '2020-09-26 23:25:39',  '2020-09-26 23:25:39'),
(153, 'Rendy Elmianto', NULL, NULL, NULL, NULL, NULL, NULL, NULL, NULL, NULL, NULL, NULL, NULL, '', NULL, NULL, NULL, 255,  255,  '2020-09-26 23:25:39',  '2020-09-26 23:25:39'),
(154, 'Sugeng Hidayat', NULL, NULL, NULL, NULL, NULL, NULL, NULL, NULL, NULL, NULL, NULL, NULL, '', NULL, NULL, NULL, 255,  255,  '2020-09-26 23:25:39',  '2020-09-26 23:25:39'),
(155, 'Rahadiyan',  NULL, NULL, NULL, NULL, NULL, NULL, NULL, NULL, NULL, NULL, NULL, NULL, '', NULL, NULL, NULL, 255,  255,  '2020-09-26 23:25:39',  '2020-09-26 23:25:39'),
(156, 'Septiansyah Aditya', NULL, NULL, NULL, NULL, NULL, NULL, NULL, NULL, NULL, NULL, NULL, NULL, '', NULL, NULL, NULL, 255,  255,  '2020-09-26 23:25:39',  '2020-09-26 23:25:39'),
(157, 'Rodiasih', NULL, NULL, NULL, NULL, NULL, NULL, NULL, NULL, NULL, NULL, NULL, NULL, '', NULL, NULL, NULL, 255,  255,  '2020-09-26 23:25:39',  '2020-09-26 23:25:39'),
(158, 'Inggy Citrasari Saputri',  NULL, NULL, NULL, NULL, NULL, NULL, NULL, NULL, NULL, NULL, NULL, NULL, '', NULL, NULL, NULL, 255,  255,  '2020-09-26 23:25:39',  '2020-09-26 23:25:39'),
(159, 'Doni Firdaus', NULL, NULL, NULL, NULL, NULL, NULL, NULL, NULL, NULL, NULL, NULL, NULL, '', NULL, NULL, NULL, 255,  255,  '2020-09-26 23:25:39',  '2020-09-26 23:25:39'),
(160, 'Alfaida Primadiansari',  NULL, NULL, NULL, NULL, NULL, NULL, NULL, NULL, NULL, NULL, NULL, NULL, '', NULL, NULL, NULL, 255,  255,  '2020-09-26 23:25:39',  '2020-09-26 23:25:39'),
(161, 'Yayuk Sriasih',  NULL, NULL, NULL, NULL, NULL, NULL, NULL, NULL, NULL, NULL, NULL, NULL, '', NULL, NULL, NULL, 255,  255,  '2020-09-26 23:25:39',  '2020-09-26 23:25:39'),
(162, 'Mia Ariyani',  NULL, NULL, NULL, NULL, NULL, NULL, NULL, NULL, NULL, NULL, NULL, NULL, '', NULL, NULL, NULL, 255,  255,  '2020-09-26 23:25:39',  '2020-09-26 23:25:39'),
(163, 'Dony Irawan',  NULL, NULL, NULL, NULL, NULL, NULL, NULL, NULL, NULL, NULL, NULL, NULL, '', NULL, NULL, NULL, 255,  255,  '2020-09-26 23:25:39',  '2020-09-26 23:25:39'),
(164, 'Sanayan',  NULL, NULL, NULL, NULL, NULL, NULL, NULL, NULL, NULL, NULL, NULL, NULL, '', NULL, NULL, NULL, 255,  255,  '2020-09-26 23:25:39',  '2020-09-26 23:25:39'),
(165, 'Anggiat ', NULL, NULL, NULL, NULL, NULL, NULL, NULL, NULL, NULL, NULL, NULL, NULL, '', NULL, NULL, NULL, 255,  255,  '2020-09-26 23:25:39',  '2020-09-26 23:25:39'),
(166, 'M. Ikhwan ', NULL, NULL, NULL, NULL, NULL, NULL, NULL, NULL, NULL, NULL, NULL, NULL, '', NULL, NULL, NULL, 255,  255,  '2020-09-26 23:25:39',  '2020-09-26 23:25:39'),
(168, 'Farouk AS.', NULL, NULL, NULL, NULL, NULL, NULL, NULL, NULL, NULL, NULL, NULL, NULL, '', NULL, NULL, NULL, 255,  255,  '2020-09-26 23:25:39',  '2020-09-26 23:25:39'),
(169, 'Putra Aliza',  NULL, NULL, NULL, NULL, NULL, NULL, NULL, NULL, NULL, NULL, NULL, NULL, '', NULL, NULL, NULL, 255,  255,  '2020-09-26 23:25:39',  '2020-09-26 23:25:39'),
(170, 'Ramdani Joko S.',  NULL, NULL, NULL, NULL, NULL, NULL, NULL, NULL, NULL, NULL, NULL, NULL, '', NULL, NULL, NULL, 255,  255,  '2020-09-26 23:25:39',  '2020-09-26 23:25:39'),
(171, 'Wahyu',  NULL, NULL, NULL, NULL, NULL, NULL, NULL, NULL, NULL, NULL, NULL, NULL, '', NULL, NULL, NULL, 255,  255,  '2020-09-26 23:25:39',  '2020-09-26 23:25:39'),
(172, 'Kurniawan',  NULL, NULL, NULL, NULL, NULL, NULL, NULL, NULL, NULL, NULL, NULL, NULL, '', NULL, NULL, NULL, 255,  255,  '2020-09-26 23:25:39',  '2020-09-26 23:25:39'),
(173, 'M. Sukma Wijaya',  NULL, NULL, NULL, NULL, NULL, NULL, NULL, NULL, NULL, NULL, NULL, NULL, '', NULL, NULL, NULL, 255,  255,  '2020-09-26 23:25:39',  '2020-09-26 23:25:39'),
(174, 'Muhamad Topan',  NULL, NULL, NULL, NULL, NULL, NULL, NULL, NULL, NULL, NULL, NULL, NULL, '', NULL, NULL, NULL, 255,  255,  '2020-09-26 23:25:39',  '2020-09-26 23:25:39'),
(175, 'Raden Anggara Nocta Prayogo',  NULL, NULL, NULL, NULL, NULL, NULL, NULL, NULL, NULL, NULL, NULL, NULL, '', NULL, NULL, NULL, 255,  255,  '2020-09-26 23:25:39',  '2020-09-26 23:25:39'),
(176, 'Ari Wibowo', NULL, NULL, NULL, NULL, NULL, NULL, NULL, NULL, NULL, NULL, NULL, NULL, '', NULL, NULL, NULL, 255,  255,  '2020-09-26 23:25:39',  '2020-09-26 23:25:39'),
(177, 'Agus S.',  NULL, NULL, NULL, NULL, NULL, NULL, NULL, NULL, NULL, NULL, NULL, NULL, '', NULL, NULL, NULL, 255,  255,  '2020-09-26 23:25:39',  '2020-09-26 23:25:39'),
(178, 'M. Syukur',  NULL, NULL, NULL, NULL, NULL, NULL, NULL, NULL, NULL, NULL, NULL, NULL, '', NULL, NULL, NULL, 255,  255,  '2020-09-26 23:25:39',  '2020-09-26 23:25:39'),
(179, 'Aldi K.',  NULL, NULL, NULL, NULL, NULL, NULL, NULL, NULL, NULL, NULL, NULL, NULL, '', NULL, NULL, NULL, 255,  255,  '2020-09-26 23:25:39',  '2020-09-26 23:25:39'),
(180, 'Rifky NHM',  NULL, NULL, NULL, NULL, NULL, NULL, NULL, NULL, NULL, NULL, NULL, NULL, '', NULL, NULL, NULL, 255,  255,  '2020-09-26 23:25:39',  '2020-09-26 23:25:39'),
(181, 'Shoffi Izza Sabilla',  NULL, NULL, NULL, NULL, NULL, NULL, NULL, NULL, NULL, NULL, NULL, NULL, '', NULL, NULL, NULL, 255,  255,  '2020-09-26 23:25:39',  '2020-09-26 23:25:39'),
(182, 'Gilang Pratiwi', NULL, NULL, NULL, NULL, NULL, NULL, NULL, NULL, NULL, NULL, NULL, NULL, '', NULL, NULL, NULL, 255,  255,  '2020-09-26 23:25:39',  '2020-09-26 23:25:39'),
(183, 'Wiwit Citra Kurnianti',  NULL, NULL, NULL, NULL, NULL, NULL, NULL, NULL, NULL, NULL, NULL, NULL, '', NULL, NULL, NULL, 255,  255,  '2020-09-26 23:25:39',  '2020-09-26 23:25:39'),
(184, 'Dinda Dearilna', NULL, NULL, NULL, NULL, NULL, NULL, NULL, NULL, NULL, NULL, NULL, NULL, '', NULL, NULL, NULL, 255,  255,  '2020-09-26 23:25:39',  '2020-09-26 23:25:39'),
(185, 'Febri Ariyanti', NULL, NULL, NULL, NULL, NULL, NULL, NULL, NULL, NULL, NULL, NULL, NULL, '', NULL, NULL, NULL, 255,  255,  '2020-09-26 23:25:39',  '2020-09-26 23:25:39'),
(186, 'Wanda Elfa S', NULL, NULL, NULL, NULL, NULL, NULL, NULL, NULL, NULL, NULL, NULL, NULL, '', NULL, NULL, NULL, 255,  255,  '2020-09-26 23:25:39',  '2020-09-26 23:25:39'),
(187, 'Az Zahra Faradita Sunandi',  NULL, NULL, NULL, NULL, NULL, NULL, NULL, NULL, NULL, NULL, NULL, NULL, 'azzahra.fs@universitaspertamina.ac.id',  NULL, NULL, NULL, 255,  255,  '2020-09-26 23:25:39',  '2020-09-26 23:25:39'),
(188, 'Yan Bachtiar Muslih',  NULL, NULL, NULL, NULL, NULL, NULL, NULL, NULL, NULL, NULL, NULL, NULL, 'bachtiarmuslih@yahoo.co.id', NULL, NULL, NULL, 255,  255,  '2020-09-26 23:25:39',  '2020-09-26 23:25:39'),
(189, 'Esa Nur Aziiz',  NULL, NULL, NULL, NULL, NULL, NULL, NULL, NULL, NULL, NULL, NULL, NULL, '', NULL, NULL, NULL, 255,  255,  '2020-09-26 23:25:39',  '2020-09-26 23:25:39'),
(190, 'Hasnim Malik Awab',  NULL, NULL, NULL, NULL, NULL, NULL, NULL, NULL, NULL, NULL, NULL, NULL, '', NULL, NULL, NULL, 255,  255,  '2020-09-26 23:25:39',  '2020-09-26 23:25:39'),
(191, 'Dwi Anggraini',  NULL, NULL, NULL, NULL, NULL, NULL, NULL, NULL, NULL, NULL, NULL, NULL, '', NULL, NULL, NULL, 255,  255,  '2020-09-26 23:25:39',  '2020-09-26 23:25:39'),
(192, 'Nadya Ulva', NULL, NULL, NULL, NULL, NULL, NULL, NULL, NULL, NULL, NULL, NULL, NULL, 'nadya.ulva@universitaspertamina.ac.id',  NULL, NULL, NULL, 255,  255,  '2020-09-26 23:25:39',  '2020-09-26 23:25:39'),
(193, 'Nadya Anggiana Darmawan',  NULL, NULL, NULL, NULL, NULL, NULL, NULL, NULL, NULL, NULL, NULL, NULL, '', NULL, NULL, NULL, 255,  255,  '2020-09-26 23:25:39',  '2020-09-26 23:25:39'),
(194, 'Selly Ambarwati',  NULL, NULL, NULL, NULL, NULL, NULL, NULL, NULL, NULL, NULL, NULL, NULL, 'selly.a@universitaspertamina.ac.id', NULL, NULL, NULL, 255,  255,  '2020-09-26 23:25:39',  '2020-09-26 23:25:39'),
(195, 'Alfa Cinor Kaban', NULL, NULL, NULL, NULL, NULL, NULL, NULL, NULL, NULL, NULL, NULL, NULL, '', NULL, NULL, NULL, 255,  255,  '2020-09-26 23:25:39',  '2020-09-26 23:25:39'),
(196, 'Pristia Trisnu Anjani',  NULL, NULL, NULL, NULL, NULL, NULL, NULL, NULL, NULL, NULL, NULL, NULL, '', NULL, NULL, NULL, 255,  255,  '2020-09-26 23:25:39',  '2020-09-26 23:25:39'),
(197, 'Garry Afrialdy', NULL, NULL, NULL, NULL, NULL, NULL, NULL, NULL, NULL, NULL, NULL, NULL, '', NULL, NULL, NULL, 255,  255,  '2020-09-26 23:25:39',  '2020-09-26 23:25:39'),
(198, 'Rizma Pretty Alsela',  NULL, NULL, NULL, NULL, NULL, NULL, NULL, NULL, NULL, NULL, NULL, NULL, '', NULL, NULL, NULL, 255,  255,  '2020-09-26 23:25:39',  '2020-09-26 23:25:39'),
(199, 'Ibrahim Sutawijaya', NULL, NULL, NULL, NULL, NULL, NULL, NULL, NULL, NULL, NULL, NULL, NULL, '', NULL, NULL, NULL, 255,  255,  '2020-09-26 23:25:39',  '2020-09-26 23:25:39'),
(200, 'Nur Aliyah Khairunnisa', NULL, NULL, NULL, NULL, NULL, NULL, NULL, NULL, NULL, NULL, NULL, NULL, '', NULL, NULL, NULL, 255,  255,  '2020-09-26 23:25:39',  '2020-09-26 23:25:39'),
(201, 'Micky Andrea Yunus', NULL, NULL, NULL, NULL, NULL, NULL, NULL, NULL, NULL, NULL, NULL, NULL, 'micky.ay@universitaspertamina.ac.id',  NULL, NULL, NULL, 255,  255,  '2020-09-26 23:25:39',  '2020-09-26 23:25:39'),
(202, 'Felicia Lorin',  NULL, NULL, NULL, NULL, NULL, NULL, NULL, NULL, NULL, NULL, NULL, NULL, '', NULL, NULL, NULL, 255,  255,  '2020-09-26 23:25:39',  '2020-09-26 23:25:39'),
(203, 'Ferra Usamah Janmar',  NULL, NULL, NULL, NULL, NULL, NULL, NULL, NULL, NULL, NULL, NULL, NULL, '', NULL, NULL, NULL, 255,  255,  '2020-09-26 23:25:39',  '2020-09-26 23:25:39'),
(204, 'Dwi Cahyaningrum', NULL, NULL, NULL, NULL, NULL, NULL, NULL, NULL, NULL, NULL, NULL, NULL, 'dwi.c@universitaspertamina.ac.id', NULL, NULL, NULL, 255,  255,  '2020-09-26 23:25:39',  '2020-09-26 23:25:39'),
(205, 'Muhammad Parikhin',  NULL, NULL, NULL, NULL, NULL, NULL, NULL, NULL, NULL, NULL, NULL, NULL, '', NULL, NULL, NULL, 255,  255,  '2020-09-26 23:25:39',  '2020-09-26 23:25:39'),
(206, 'Hariyoto Adhi',  NULL, NULL, NULL, NULL, NULL, NULL, NULL, NULL, NULL, NULL, NULL, NULL, '', NULL, NULL, NULL, 255,  255,  '2020-09-26 23:25:39',  '2020-09-26 23:25:39'),
(207, 'Puti Nilam Suri',  NULL, NULL, NULL, NULL, NULL, NULL, NULL, NULL, NULL, NULL, NULL, NULL, '', NULL, NULL, NULL, 255,  255,  '2020-09-26 23:25:39',  '2020-09-26 23:25:39'),
(208, 'Agung Buana',  NULL, NULL, NULL, NULL, NULL, NULL, NULL, NULL, NULL, NULL, NULL, NULL, 'agung.b@universitaspertamina.ac.id', NULL, NULL, NULL, 255,  255,  '2020-09-26 23:25:39',  '2020-09-26 23:25:39'),
(209, 'Godeliva Dunjane', NULL, NULL, NULL, NULL, NULL, NULL, NULL, NULL, NULL, NULL, NULL, NULL, '', NULL, NULL, NULL, 255,  255,  '2020-09-26 23:25:39',  '2020-09-26 23:25:39'),
(210, 'Muslim Harun', NULL, NULL, NULL, NULL, NULL, NULL, NULL, NULL, NULL, NULL, NULL, NULL, '', NULL, NULL, NULL, 255,  255,  '2020-09-26 23:25:39',  '2020-09-26 23:25:39'),
(211, 'Wahyu Andri Wibowo', NULL, NULL, NULL, NULL, NULL, NULL, NULL, NULL, NULL, NULL, NULL, NULL, '', NULL, NULL, NULL, 255,  255,  '2020-09-26 23:25:39',  '2020-09-26 23:25:39'),
(212, 'Julies Caesar Kapoyos',  NULL, NULL, NULL, NULL, NULL, NULL, NULL, NULL, NULL, NULL, NULL, NULL, '', NULL, NULL, NULL, 255,  255,  '2020-09-26 23:25:39',  '2020-09-26 23:25:39'),
(213, 'Sarah Zulfa K.', NULL, NULL, NULL, NULL, NULL, NULL, NULL, NULL, NULL, NULL, NULL, NULL, '', NULL, NULL, NULL, 255,  255,  '2020-09-26 23:25:39',  '2020-09-26 23:25:39'),
(214, 'Diva Addini Maghribi M.',  NULL, NULL, NULL, NULL, NULL, NULL, NULL, NULL, NULL, NULL, NULL, NULL, '', NULL, NULL, NULL, 255,  255,  '2020-09-26 23:25:39',  '2020-09-26 23:25:39'),
(215, 'Dias Restugustias',  NULL, NULL, NULL, NULL, NULL, NULL, NULL, NULL, NULL, NULL, NULL, NULL, '', NULL, NULL, NULL, 255,  255,  '2020-09-26 23:25:39',  '2020-09-26 23:25:39'),
(216, 'Awalia Indahsaputri',  NULL, NULL, NULL, NULL, NULL, NULL, NULL, NULL, NULL, NULL, NULL, NULL, '', NULL, NULL, NULL, 255,  255,  '2020-09-26 23:25:39',  '2020-09-26 23:25:39'),
(217, 'Dumas Flis Tang',  NULL, NULL, NULL, NULL, NULL, NULL, NULL, NULL, NULL, NULL, NULL, NULL, '', NULL, NULL, NULL, 255,  255,  '2020-09-26 23:25:39',  '2020-09-26 23:25:39'),
(218, 'Yulianto', NULL, NULL, NULL, NULL, NULL, NULL, NULL, NULL, NULL, NULL, NULL, NULL, '', NULL, NULL, NULL, 255,  255,  '2020-09-26 23:25:39',  '2020-09-26 23:25:39'),
(219, 'Ken Sukmaning G',  NULL, NULL, NULL, NULL, NULL, NULL, NULL, NULL, NULL, NULL, NULL, NULL, '', NULL, NULL, NULL, 255,  255,  '2020-09-26 23:25:39',  '2020-09-26 23:25:39'),
(220, 'Qoyyima Fias S.',  NULL, NULL, NULL, NULL, NULL, NULL, NULL, NULL, NULL, NULL, NULL, NULL, '', NULL, NULL, NULL, 255,  255,  '2020-09-26 23:25:39',  '2020-09-26 23:25:39'),
(221, 'Nerissa Varianti P.',  NULL, NULL, NULL, NULL, NULL, NULL, NULL, NULL, NULL, NULL, NULL, NULL, '', NULL, NULL, NULL, 255,  255,  '2020-09-26 23:25:39',  '2020-09-26 23:25:39'),
(222, 'Yohan Karel',  NULL, NULL, NULL, NULL, NULL, NULL, NULL, NULL, NULL, NULL, NULL, NULL, 'yohankharel@gmail.com',  NULL, NULL, NULL, 255,  255,  '2020-09-26 23:25:39',  '2020-09-26 23:25:39'),
(223, 'Cokro Widodo', NULL, NULL, NULL, NULL, NULL, NULL, NULL, NULL, NULL, NULL, NULL, NULL, 'dodoydozly@gmail.com', NULL, NULL, NULL, 255,  255,  '2020-09-26 23:25:39',  '2020-09-26 23:25:39'),
(224, 'Qonita Luthfia Sutino',  NULL, NULL, NULL, NULL, NULL, NULL, NULL, NULL, NULL, NULL, NULL, NULL, '', NULL, NULL, NULL, 255,  255,  '2020-09-26 23:25:39',  '2020-09-26 23:25:39'),
(225, 'Luluk Eko Mawati', NULL, NULL, NULL, NULL, NULL, NULL, NULL, NULL, NULL, NULL, NULL, NULL, 'luluk.em@universitaspertamina.ac.id',  NULL, NULL, NULL, 255,  255,  '2020-09-26 23:25:39',  '2020-09-26 23:25:39'),
(226, 'Sumarno',  NULL, NULL, NULL, NULL, NULL, NULL, NULL, NULL, NULL, NULL, NULL, NULL, '', NULL, NULL, NULL, 255,  255,  '2020-09-26 23:25:39',  '2020-09-26 23:25:39'),
(227, 'Budi Agung Indratno',  NULL, NULL, NULL, NULL, NULL, NULL, NULL, NULL, NULL, NULL, NULL, NULL, 'budi.a@universitaspertamina.ac.id',  NULL, NULL, NULL, 255,  255,  '2020-09-26 23:25:39',  '2020-09-26 23:25:39'),
(228, 'Rafhie Adrian',  NULL, NULL, NULL, NULL, NULL, NULL, NULL, NULL, NULL, NULL, NULL, NULL, '', NULL, NULL, NULL, 255,  255,  '2020-09-26 23:25:39',  '2020-09-26 23:25:39'),
(229, 'Hardianto Rizky P.', NULL, NULL, NULL, NULL, NULL, NULL, NULL, NULL, NULL, NULL, NULL, NULL, '', NULL, NULL, NULL, 255,  255,  '2020-09-26 23:25:39',  '2020-09-26 23:25:39'),
(230, 'Mawaddah Tri Rahayu',  NULL, NULL, NULL, NULL, NULL, NULL, NULL, NULL, NULL, NULL, NULL, NULL, '', NULL, NULL, NULL, 255,  255,  '2020-09-26 23:25:39',  '2020-09-26 23:25:39'),
(231, 'Rahmatika Yani', NULL, NULL, NULL, NULL, NULL, NULL, NULL, NULL, NULL, NULL, NULL, NULL, '', NULL, NULL, NULL, 255,  255,  '2020-09-26 23:25:39',  '2020-09-26 23:25:39'),
(232, 'Medina Fadli Latus', NULL, NULL, NULL, NULL, NULL, NULL, NULL, NULL, NULL, NULL, NULL, NULL, '', NULL, NULL, NULL, 255,  255,  '2020-09-26 23:25:39',  '2020-09-26 23:25:39'),
(233, 'Cyntia Stiani A.', NULL, NULL, NULL, NULL, NULL, NULL, NULL, NULL, NULL, NULL, NULL, NULL, '', NULL, NULL, NULL, 255,  255,  '2020-09-26 23:25:39',  '2020-09-26 23:25:39'),
(234, 'Rudi Krusdianto',  NULL, NULL, NULL, NULL, NULL, NULL, NULL, NULL, NULL, NULL, NULL, NULL, '', NULL, NULL, NULL, 255,  255,  '2020-09-26 23:25:39',  '2020-09-26 23:25:39'),
(235, 'Nanda Ruswandi', NULL, NULL, NULL, NULL, NULL, NULL, NULL, NULL, NULL, NULL, NULL, NULL, '', NULL, NULL, NULL, 255,  255,  '2020-09-26 23:25:39',  '2020-09-26 23:25:39'),
(236, 'Putri Rahmadani',  NULL, NULL, NULL, NULL, NULL, NULL, NULL, NULL, NULL, NULL, NULL, NULL, '', NULL, NULL, NULL, 255,  255,  '2020-09-26 23:25:39',  '2020-09-26 23:25:39'),
(237, 'M. Heriyanto', NULL, NULL, NULL, NULL, NULL, NULL, NULL, NULL, NULL, NULL, NULL, NULL, '', NULL, NULL, NULL, 255,  255,  '2020-09-26 23:25:39',  '2020-09-26 23:25:39'),
(238, 'Ditasya Kinanti P.', NULL, NULL, NULL, NULL, NULL, NULL, NULL, NULL, NULL, NULL, NULL, NULL, '', NULL, NULL, NULL, 255,  255,  '2020-09-26 23:25:39',  '2020-09-26 23:25:39'),
(239, 'Aditya Azam Fasha',  NULL, NULL, NULL, NULL, NULL, NULL, NULL, NULL, NULL, NULL, NULL, NULL, '', NULL, NULL, NULL, 255,  255,  '2020-09-26 23:25:39',  '2020-09-26 23:25:39'),
(240, 'Sukiato Khurniawan', NULL, NULL, NULL, NULL, NULL, NULL, NULL, NULL, NULL, NULL, NULL, NULL, '', NULL, NULL, NULL, 255,  255,  '2020-09-26 23:25:39',  '2020-09-26 23:25:39'),
(241, 'Budiarti Nur K.',  NULL, NULL, NULL, NULL, NULL, NULL, NULL, NULL, NULL, NULL, NULL, NULL, '', NULL, NULL, NULL, 255,  255,  '2020-09-26 23:25:39',  '2020-09-26 23:25:39'),
(242, 'Eri Dian ismaya',  NULL, NULL, NULL, NULL, NULL, NULL, NULL, NULL, NULL, NULL, NULL, NULL, '', NULL, NULL, NULL, 255,  255,  '2020-09-26 23:25:39',  '2020-09-26 23:25:39'),
(243, 'Raden Himawan',  NULL, NULL, NULL, NULL, NULL, NULL, NULL, NULL, NULL, NULL, NULL, NULL, '', NULL, NULL, NULL, 255,  255,  '2020-09-26 23:25:39',  '2020-09-26 23:25:39'),
(244, 'Rian Cahya R.',  NULL, NULL, NULL, NULL, NULL, NULL, NULL, NULL, NULL, NULL, NULL, NULL, '', NULL, NULL, NULL, 255,  255,  '2020-09-26 23:25:39',  '2020-09-26 23:25:39'),
(245, 'Ivas Muzamil', NULL, NULL, NULL, NULL, NULL, NULL, NULL, NULL, NULL, NULL, NULL, NULL, '', NULL, NULL, NULL, 255,  255,  '2020-09-26 23:25:39',  '2020-09-26 23:25:39'),
(246, 'M. Siswandi',  NULL, NULL, NULL, NULL, NULL, NULL, NULL, NULL, NULL, NULL, NULL, NULL, '', NULL, NULL, NULL, 255,  255,  '2020-09-26 23:25:39',  '2020-09-26 23:25:39'),
(247, 'Eka Budhi Septiawan',  NULL, NULL, NULL, NULL, NULL, NULL, NULL, NULL, NULL, NULL, NULL, NULL, '', NULL, NULL, NULL, 255,  255,  '2020-09-26 23:25:39',  '2020-09-26 23:25:39'),
(248, 'Elika Herliana', NULL, NULL, NULL, NULL, NULL, NULL, NULL, NULL, NULL, NULL, NULL, NULL, '', NULL, NULL, NULL, 255,  255,  '2020-09-26 23:25:39',  '2020-09-26 23:25:39'),
(249, 'Amalia Suci Dewanti',  NULL, NULL, NULL, NULL, NULL, NULL, NULL, NULL, NULL, NULL, NULL, NULL, '', NULL, NULL, NULL, 255,  255,  '2020-09-26 23:25:39',  '2020-09-26 23:25:39'),
(250, 'Siti Zaziroh', NULL, NULL, NULL, NULL, NULL, NULL, NULL, NULL, NULL, NULL, NULL, NULL, '', NULL, NULL, NULL, 255,  255,  '2020-09-26 23:25:39',  '2020-09-26 23:25:39'),
(251, 'Rohmat Komeidi', NULL, NULL, NULL, NULL, NULL, NULL, NULL, NULL, NULL, NULL, NULL, NULL, '', NULL, NULL, NULL, 255,  255,  '2020-09-26 23:25:39',  '2020-09-26 23:25:39'),
(252, 'Wulandari Oktora Purwitasari', NULL, NULL, NULL, NULL, NULL, NULL, NULL, NULL, NULL, NULL, NULL, NULL, '', NULL, NULL, NULL, 255,  255,  '2020-09-26 23:25:39',  '2020-09-26 23:25:39'),
(253, 'Nining Julaeha', NULL, NULL, NULL, NULL, NULL, NULL, NULL, NULL, NULL, NULL, NULL, NULL, '', NULL, NULL, NULL, 255,  255,  '2020-09-26 23:25:39',  '2020-09-26 23:25:39'),
(254, 'Ressy Novita Sari',  NULL, NULL, NULL, NULL, NULL, NULL, NULL, NULL, NULL, NULL, NULL, NULL, 'ressy.ns@universitaspertamina.ac.id',  NULL, NULL, NULL, 255,  255,  '2020-09-26 23:25:39',  '2020-09-26 23:25:39'),
(255, 'Burhan Mafazi',  NULL, NULL, NULL, NULL, NULL, NULL, NULL, NULL, NULL, NULL, NULL, NULL, 'burhanmafazi@gmail.com', NULL, NULL, NULL, 255,  255,  '2020-09-26 23:25:39',  '2020-09-26 23:25:39'),
(256, 'Haryo Windratno',  NULL, NULL, NULL, NULL, NULL, NULL, NULL, NULL, NULL, NULL, NULL, NULL, '', NULL, NULL, NULL, 255,  255,  '2020-09-26 23:25:39',  '2020-09-26 23:25:39'),
(257, 'Khusnul Fatha',  NULL, NULL, NULL, NULL, NULL, NULL, NULL, NULL, NULL, NULL, NULL, NULL, '', NULL, NULL, NULL, 255,  255,  '2020-09-26 23:25:39',  '2020-09-26 23:25:39'),
(258, 'Adi Noor Fajarudin', NULL, NULL, NULL, NULL, NULL, NULL, NULL, NULL, NULL, NULL, NULL, NULL, '', NULL, NULL, NULL, 255,  255,  '2020-09-26 23:25:39',  '2020-09-26 23:25:39'),
(259, 'Teuku Mahlil', NULL, NULL, NULL, NULL, NULL, NULL, NULL, NULL, NULL, NULL, NULL, NULL, 'teukumahlil@universitaspertamina.ac.id', NULL, NULL, NULL, 255,  255,  '2020-09-26 23:25:39',  '2020-09-26 23:25:39'),
(260, 'Bimbi Olivia Panjaitan', NULL, NULL, NULL, NULL, NULL, NULL, NULL, NULL, NULL, NULL, NULL, NULL, '', NULL, NULL, NULL, 255,  255,  '2020-09-26 23:25:39',  '2020-09-26 23:25:39'),
(261, 'Wirjo',  NULL, NULL, NULL, NULL, NULL, NULL, NULL, NULL, NULL, NULL, NULL, NULL, '', NULL, NULL, NULL, 255,  255,  '2020-09-26 23:25:39',  '2020-09-26 23:25:39'),
(262, 'Arubay Mahardhikawati',  NULL, NULL, NULL, NULL, NULL, NULL, NULL, NULL, NULL, NULL, NULL, NULL, '', NULL, NULL, NULL, 255,  255,  '2020-09-26 23:25:39',  '2020-09-26 23:25:39'),
(263, 'Sarah Puspa Sari', NULL, NULL, NULL, NULL, NULL, NULL, NULL, NULL, NULL, NULL, NULL, NULL, '', NULL, NULL, NULL, 255,  255,  '2020-09-26 23:25:39',  '2020-09-26 23:25:39'),
(264, 'Ferriyansyah', NULL, NULL, NULL, NULL, NULL, NULL, NULL, NULL, NULL, NULL, NULL, NULL, 'ferri@universitaspertamina.ac.id', NULL, NULL, NULL, 255,  255,  '2020-09-26 23:25:39',  '2020-09-26 23:25:39'),
(265, 'Jati Arie Wibowo', NULL, NULL, NULL, NULL, NULL, NULL, NULL, NULL, NULL, NULL, NULL, NULL, 'jati.aw@universitaspertamina.ac.id', NULL, NULL, NULL, 255,  255,  '2020-09-26 23:25:39',  '2020-09-26 23:25:39'),
(266, 'Harya Danio',  NULL, NULL, NULL, NULL, NULL, NULL, NULL, NULL, NULL, NULL, NULL, NULL, 'harya.d@universitaspertamina.ac.id', NULL, NULL, NULL, 255,  255,  '2020-09-26 23:25:39',  '2020-09-26 23:25:39'),
(267, 'Nanda Ajeng N.', NULL, NULL, NULL, NULL, NULL, NULL, NULL, NULL, NULL, NULL, NULL, NULL, '', NULL, NULL, NULL, 255,  255,  '2020-09-26 23:25:39',  '2020-09-26 23:25:39'),
(268, 'Mutiq Jujazki',  NULL, NULL, NULL, NULL, NULL, NULL, NULL, NULL, NULL, NULL, NULL, NULL, '', NULL, NULL, NULL, 255,  255,  '2020-09-26 23:25:39',  '2020-09-26 23:25:39'),
(269, 'Siti Nurmah',  NULL, NULL, NULL, NULL, NULL, NULL, NULL, NULL, NULL, NULL, NULL, NULL, '', NULL, NULL, NULL, 255,  255,  '2020-09-26 23:25:39',  '2020-09-26 23:25:39'),
(270, 'Nova Ulhasanah', NULL, NULL, NULL, NULL, NULL, NULL, NULL, NULL, NULL, NULL, NULL, NULL, 'nova.u@universitaspertamina.ac.id',  NULL, NULL, NULL, 255,  255,  '2020-09-26 23:25:39',  '2020-09-26 23:25:39'),
(271, 'Alia Lindasista',  NULL, NULL, NULL, NULL, NULL, NULL, NULL, NULL, NULL, NULL, NULL, NULL, '', NULL, NULL, NULL, 255,  255,  '2020-09-26 23:25:39',  '2020-09-26 23:25:39'),
(272, 'Aang Suharyadi', NULL, NULL, NULL, NULL, NULL, NULL, NULL, NULL, NULL, NULL, NULL, NULL, '', NULL, NULL, NULL, 255,  255,  '2020-09-26 23:25:39',  '2020-09-26 23:25:39'),
(273, 'Septiansah Nur Aziz',  NULL, NULL, NULL, NULL, NULL, NULL, NULL, NULL, NULL, NULL, NULL, NULL, '', NULL, NULL, NULL, 255,  255,  '2020-09-26 23:25:39',  '2020-09-26 23:25:39'),
(274, 'Emanuel Puthut W.',  NULL, NULL, NULL, NULL, NULL, NULL, NULL, NULL, NULL, NULL, NULL, NULL, 'emanuel.puthut@gmail.com', NULL, NULL, NULL, 255,  255,  '2020-09-26 23:25:39',  '2020-09-26 23:25:39'),
(275, 'E. Byan Wahyu R.', NULL, NULL, NULL, NULL, NULL, NULL, NULL, NULL, NULL, NULL, NULL, NULL, 'byan.wr@universitaspertamina.ac.id', NULL, NULL, NULL, 255,  255,  '2020-09-26 23:25:39',  '2020-09-26 23:25:39'),
(278, 'Diana',  NULL, NULL, NULL, NULL, NULL, NULL, NULL, NULL, NULL, NULL, NULL, NULL, 'diana@universitaspertamina.ac.id', NULL, NULL, NULL, 255,  255,  '2020-09-26 23:25:39',  '2020-09-26 23:25:39'),
(280, 'Yeni Dwija Cahyanti',  NULL, NULL, NULL, NULL, NULL, NULL, NULL, NULL, NULL, NULL, NULL, NULL, '', NULL, NULL, NULL, 255,  255,  '2020-09-26 23:25:39',  '2020-09-26 23:25:39'),
(281, 'Nanda R. Nurdianto', NULL, NULL, NULL, NULL, NULL, NULL, NULL, NULL, NULL, NULL, NULL, NULL, 'nanda.nurdianto@universitaspertamina.ac.id', NULL, NULL, NULL, 255,  255,  '2020-09-26 23:25:39',  '2020-09-26 23:25:39'),
(282, 'Isna Rizkydianita Septrima', NULL, NULL, NULL, NULL, NULL, NULL, NULL, NULL, NULL, NULL, NULL, NULL, '', NULL, NULL, NULL, 255,  255,  '2020-09-26 23:25:39',  '2020-09-26 23:25:39'),
(283, 'Rizky Miftahul Akbar', NULL, NULL, NULL, NULL, NULL, NULL, NULL, NULL, NULL, NULL, NULL, NULL, 'miftarizky19@gmail.com', NULL, NULL, NULL, 255,  255,  '2020-09-26 23:25:39',  '2020-09-26 23:25:39'),
(284, 'Nita Indriani Pertiwi',  NULL, NULL, NULL, NULL, NULL, NULL, NULL, NULL, NULL, NULL, NULL, NULL, 'nitaindriani.p@universitaspertamina.ac.id',  NULL, NULL, NULL, 255,  255,  '2020-09-26 23:25:39',  '2020-09-26 23:25:39'),
(285, 'Ranny Adriana',  NULL, NULL, NULL, NULL, NULL, NULL, NULL, NULL, NULL, NULL, NULL, NULL, 'ranny.adriana@universitaspertamina.ac.id', NULL, NULL, NULL, 255,  255,  '2020-09-26 23:25:39',  '2020-09-26 23:25:39'),
(288, 'Dina Nurul Fitria',  NULL, NULL, NULL, NULL, NULL, NULL, NULL, NULL, NULL, NULL, NULL, NULL, 'dinanurul.fitria@universitaspertamina.ac.id',  NULL, NULL, NULL, 255,  255,  '2020-09-26 23:25:39',  '2020-09-26 23:25:39'),
(289, 'Dr. Eng. Muhammad Abdillah', NULL, NULL, NULL, NULL, NULL, NULL, NULL, NULL, NULL, NULL, NULL, NULL, 'm.abdillah@universitaspertamina.ac.id',  NULL, NULL, NULL, 255,  255,  '2020-09-26 23:25:39',  '2020-09-26 23:25:39'),
(290, 'Vani Arliani', NULL, NULL, NULL, NULL, NULL, NULL, NULL, NULL, NULL, NULL, NULL, NULL, 'vani.arliani@universitaspertamina.ac.id',  NULL, NULL, NULL, 255,  255,  '2020-09-26 23:25:39',  '2020-09-26 23:25:39'),
(291, 'Dita Floresyona',  NULL, NULL, NULL, NULL, NULL, NULL, NULL, NULL, NULL, NULL, NULL, NULL, 'dita.floresyona@universitaspertamina.ac.id', NULL, NULL, NULL, 255,  255,  '2020-09-26 23:25:39',  '2020-09-26 23:25:39'),
(292, 'Rio Priandri Nugroho', NULL, NULL, NULL, NULL, NULL, NULL, NULL, NULL, NULL, NULL, NULL, NULL, 'rio.priandri@universitaspertamina.ac.id',  NULL, NULL, NULL, 255,  255,  '2020-09-26 23:25:39',  '2020-09-26 23:25:39'),
(293, 'Novita Putri Rudiany', NULL, NULL, NULL, NULL, NULL, NULL, NULL, NULL, NULL, NULL, NULL, NULL, 'novita.putri@universitaspertamina.ac.id',  NULL, NULL, NULL, 255,  255,  '2020-09-26 23:25:39',  '2020-09-26 23:25:39'),
(294, 'Ariyanti Sarwono', NULL, NULL, NULL, NULL, NULL, NULL, NULL, NULL, NULL, NULL, NULL, NULL, 'ariyanti.s@universitaspertamina.ac.id',  NULL, NULL, NULL, 255,  255,  '2020-09-26 23:25:39',  '2020-09-26 23:25:39'),
(295, 'Iwan Setya Budi',  NULL, NULL, NULL, NULL, NULL, NULL, NULL, NULL, NULL, NULL, NULL, NULL, 'iwan.setya@universitaspertamina.ac.id',  NULL, NULL, NULL, 255,  255,  '2020-09-26 23:25:39',  '2020-09-26 23:25:39'),
(296, 'Dofa Purnomo', NULL, NULL, NULL, NULL, NULL, NULL, NULL, NULL, NULL, NULL, NULL, NULL, '', NULL, NULL, NULL, 255,  255,  '2020-09-26 23:25:39',  '2020-09-26 23:25:39'),
(297, 'Elan Nurhadi', NULL, NULL, NULL, NULL, NULL, NULL, NULL, NULL, NULL, NULL, NULL, NULL, 'elan.nurhadi@universitaspertamina.ac.id',  NULL, NULL, NULL, 255,  255,  '2020-09-26 23:25:39',  '2020-09-26 23:25:39'),
(298, 'Nila Tanyela', NULL, NULL, NULL, NULL, NULL, NULL, NULL, NULL, NULL, NULL, NULL, NULL, 'nila.tanyela@universitaspertamina.ac.id',  NULL, NULL, NULL, 255,  255,  '2020-09-26 23:25:39',  '2020-09-26 23:25:39'),
(299, 'M. Ichlas El Qudsi', NULL, NULL, NULL, NULL, NULL, NULL, NULL, NULL, NULL, NULL, NULL, NULL, 'ichlas.elqudsi@universitaspertamina.ac.id',  NULL, NULL, NULL, 255,  255,  '2020-09-26 23:25:39',  '2020-09-26 23:25:39'),
(300, 'Resita Nanda Ovianti', NULL, NULL, NULL, NULL, NULL, NULL, NULL, NULL, NULL, NULL, NULL, NULL, 'resitadzakwan30@gmail.com',  NULL, NULL, NULL, 255,  255,  '2020-09-26 23:25:39',  '2020-09-26 23:25:39'),
(302, 'Ariesta Nuur Fattaah', NULL, NULL, NULL, NULL, NULL, NULL, NULL, NULL, NULL, NULL, NULL, NULL, '', NULL, NULL, NULL, 255,  255,  '2020-09-26 23:25:39',  '2020-09-26 23:25:39'),
(303, 'Sugiarti Agustina',  NULL, NULL, NULL, NULL, NULL, NULL, NULL, NULL, NULL, NULL, NULL, NULL, '', NULL, NULL, NULL, 255,  255,  '2020-09-26 23:25:39',  '2020-09-26 23:25:39'),
(304, 'Fatimah Rizka Soffianti',  NULL, NULL, NULL, NULL, NULL, NULL, NULL, NULL, NULL, NULL, NULL, NULL, '', NULL, NULL, NULL, 255,  255,  '2020-09-26 23:25:39',  '2020-09-26 23:25:39'),
(305, 'Asroru Maulana Malik', NULL, NULL, NULL, NULL, NULL, NULL, NULL, NULL, NULL, NULL, NULL, NULL, '', NULL, NULL, NULL, 255,  255,  '2020-09-26 23:25:39',  '2020-09-26 23:25:39'),
(306, 'Ikhsan Solikhuddin', NULL, NULL, NULL, NULL, NULL, NULL, NULL, NULL, NULL, NULL, NULL, NULL, '', NULL, NULL, NULL, 255,  255,  '2020-09-26 23:25:39',  '2020-09-26 23:25:39'),
(307, 'Fajar Nugraha Mahyuddin',  NULL, NULL, NULL, NULL, NULL, NULL, NULL, NULL, NULL, NULL, NULL, NULL, 'fajar.blank@gmail.com',  NULL, NULL, NULL, 255,  255,  '2020-09-26 23:25:39',  '2020-09-26 23:25:39'),
(308, 'Zaki Achmad Nailil Huda Romadhon', NULL, NULL, NULL, NULL, NULL, NULL, NULL, NULL, NULL, NULL, NULL, NULL, '', NULL, NULL, NULL, 255,  255,  '2020-09-26 23:25:39',  '2020-09-26 23:25:39'),
(309, 'Al Rubaiyn', NULL, NULL, NULL, NULL, NULL, NULL, NULL, NULL, NULL, NULL, NULL, NULL, '', NULL, NULL, NULL, 255,  255,  '2020-09-26 23:25:39',  '2020-09-26 23:25:39'),
(310, 'Liawening Vidyan Pebriana',  NULL, NULL, NULL, NULL, NULL, NULL, NULL, NULL, NULL, NULL, NULL, NULL, '', NULL, NULL, NULL, 255,  255,  '2020-09-26 23:25:39',  '2020-09-26 23:25:39'),
(311, 'Uswatun Khasanah', NULL, NULL, NULL, NULL, NULL, NULL, NULL, NULL, NULL, NULL, NULL, NULL, 'uswatunkhasanaa13@gmail.com',  NULL, NULL, NULL, 255,  255,  '2020-09-26 23:25:39',  '2020-09-26 23:25:39'),
(312, 'Geby Otivriyanti', NULL, NULL, NULL, NULL, NULL, NULL, NULL, NULL, NULL, NULL, NULL, NULL, 'gebyotivriyanti95@gmail.com',  NULL, NULL, NULL, 255,  255,  '2020-09-26 23:25:39',  '2020-09-26 23:25:39'),
(313, 'Dhiah Syafitri', NULL, NULL, NULL, NULL, NULL, NULL, NULL, NULL, NULL, NULL, NULL, NULL, 'dhiahs@gmail.com', NULL, NULL, NULL, 255,  255,  '2020-09-26 23:25:39',  '2020-09-26 23:25:39'),
(314, 'Florence', NULL, NULL, NULL, NULL, NULL, NULL, NULL, NULL, NULL, NULL, NULL, NULL, '', NULL, NULL, NULL, 255,  255,  '2020-09-26 23:25:39',  '2020-09-26 23:25:39'),
(316, 'Evi Sofia',  NULL, NULL, NULL, NULL, NULL, NULL, NULL, NULL, NULL, NULL, NULL, NULL, 'evi.sofia@universitaspertamina.ac.id', NULL, NULL, NULL, 255,  255,  '2020-09-26 23:25:39',  '2020-09-26 23:25:39'),
(317, 'Basith Furqon Prasetyo Hadi',  NULL, NULL, NULL, NULL, NULL, NULL, NULL, NULL, NULL, NULL, NULL, NULL, '', NULL, NULL, NULL, 255,  255,  '2020-09-26 23:25:39',  '2020-09-26 23:25:39'),
(318, 'Anak Agung Ngurah Perwira Redi', NULL, NULL, NULL, NULL, NULL, NULL, NULL, NULL, NULL, NULL, NULL, NULL, 'wira.redi@universitaspertamina.ac.id', NULL, NULL, NULL, 255,  255,  '2020-09-26 23:25:39',  '2020-09-26 23:25:39'),
(321, 'Meydina Fauzia Ananda',  NULL, NULL, NULL, NULL, NULL, NULL, NULL, NULL, NULL, NULL, NULL, NULL, '', NULL, NULL, NULL, 255,  255,  '2020-09-26 23:25:39',  '2020-09-26 23:25:39'),
(322, 'Ardhi Priagung', NULL, NULL, NULL, NULL, NULL, NULL, NULL, NULL, NULL, NULL, NULL, NULL, '', NULL, NULL, NULL, 255,  255,  '2020-09-26 23:25:39',  '2020-09-26 23:25:39'),
(323, 'Yani Nurita Purnawanti', NULL, NULL, NULL, NULL, NULL, NULL, NULL, NULL, NULL, NULL, NULL, NULL, 'yani.np@universitaspertamina.ac.id', NULL, NULL, NULL, 255,  255,  '2020-09-26 23:25:39',  '2020-09-26 23:25:39'),
(325, 'Jesika Chandra ',  NULL, NULL, NULL, NULL, NULL, NULL, NULL, NULL, NULL, NULL, NULL, NULL, '', NULL, NULL, NULL, 255,  255,  '2020-09-26 23:25:39',  '2020-09-26 23:25:39'),
(326, 'Firda Ainurrachma',  NULL, NULL, NULL, NULL, NULL, NULL, NULL, NULL, NULL, NULL, NULL, NULL, '', NULL, NULL, NULL, 255,  255,  '2020-09-26 23:25:39',  '2020-09-26 23:25:39'),
(328, 'Fera Dwi Setyani', NULL, NULL, NULL, NULL, NULL, NULL, NULL, NULL, NULL, NULL, NULL, NULL, 'feradwisetyani@universitaspertamina.ac.id',  NULL, NULL, NULL, 255,  255,  '2020-09-26 23:25:39',  '2020-09-26 23:25:39'),
(329, 'Berlit Deddy Setiawan',  NULL, NULL, NULL, NULL, NULL, NULL, NULL, NULL, NULL, NULL, NULL, NULL, 'berlit.deddy@universitaspertamina.ac.id',  NULL, NULL, NULL, 255,  255,  '2020-09-26 23:25:39',  '2020-09-26 23:25:39'),
(330, 'Widia Murni Wijaya', NULL, NULL, NULL, NULL, NULL, NULL, NULL, NULL, NULL, NULL, NULL, NULL, '', NULL, NULL, NULL, 255,  255,  '2020-09-26 23:25:39',  '2020-09-26 23:25:39'),
(331, 'Muhammad Fauzia Rakhman',  NULL, NULL, NULL, NULL, NULL, NULL, NULL, NULL, NULL, NULL, NULL, NULL, '', NULL, NULL, NULL, 255,  255,  '2020-09-26 23:25:39',  '2020-09-26 23:25:39'),
(332, 'Muhammad', NULL, NULL, NULL, NULL, NULL, NULL, NULL, NULL, NULL, NULL, NULL, NULL, 'muhrahman27@gmail.com',  NULL, NULL, NULL, 255,  255,  '2020-09-26 23:25:39',  '2020-09-26 23:25:39'),
(333, 'Sutri Handayani',  NULL, NULL, NULL, NULL, NULL, NULL, NULL, NULL, NULL, NULL, NULL, NULL, 'sutri.h@universitaspertamina.ac.id', NULL, NULL, NULL, 255,  255,  '2020-09-26 23:25:39',  '2020-09-26 23:25:39'),
(334, 'Rudi krusdianto',  NULL, NULL, NULL, NULL, NULL, NULL, NULL, NULL, NULL, NULL, NULL, NULL, '', NULL, NULL, NULL, 255,  255,  '2020-09-26 23:25:39',  '2020-09-26 23:25:39'),
(335, 'Rahmah Ramadani',  NULL, NULL, NULL, NULL, NULL, NULL, NULL, NULL, NULL, NULL, NULL, NULL, 'rahmah.r@universitaspertamina.ac.id',  NULL, NULL, NULL, 255,  255,  '2020-09-26 23:25:39',  '2020-09-26 23:25:39'),
(336, 'Nurul Fajar Januriyadi', NULL, NULL, NULL, NULL, NULL, NULL, NULL, NULL, NULL, NULL, NULL, NULL, 'nurul.fj@universitaspertamina.ac.id',  NULL, NULL, NULL, 255,  255,  '2020-09-26 23:25:39',  '2020-09-26 23:25:39'),
(337, 'Frenty Amalia',  NULL, NULL, NULL, NULL, NULL, NULL, NULL, NULL, NULL, NULL, NULL, NULL, '', NULL, NULL, NULL, 255,  255,  '2020-09-26 23:25:39',  '2020-09-26 23:25:39'),
(338, 'Arif Kuswanto',  NULL, NULL, NULL, NULL, NULL, NULL, NULL, NULL, NULL, NULL, NULL, NULL, 'arif.kuswanto@universitaspertamina.ac.id', NULL, NULL, NULL, 255,  255,  '2020-09-26 23:25:39',  '2020-09-26 23:25:39'),
(339, 'Teuku Muhammad Roffi', NULL, NULL, NULL, NULL, NULL, NULL, NULL, NULL, NULL, NULL, NULL, NULL, 'teuku.roffi@universitaspertamina.ac.id', NULL, NULL, NULL, 255,  255,  '2020-09-26 23:25:39',  '2020-09-26 23:25:39'),
(340, 'Kansa Feta', NULL, NULL, NULL, NULL, NULL, NULL, NULL, NULL, NULL, NULL, NULL, NULL, '', NULL, NULL, NULL, 255,  255,  '2020-09-26 23:25:39',  '2020-09-26 23:25:39'),
(341, 'Samsul Muin',  NULL, NULL, NULL, NULL, NULL, NULL, NULL, NULL, NULL, NULL, NULL, NULL, '', NULL, NULL, NULL, 255,  255,  '2020-09-26 23:25:39',  '2020-09-26 23:25:39'),
(342, 'Sanita Naomi Vince', NULL, NULL, NULL, NULL, NULL, NULL, NULL, NULL, NULL, NULL, NULL, NULL, 'sanitanao@gmail.com',  NULL, NULL, NULL, 255,  255,  '2020-09-26 23:25:39',  '2020-09-26 23:25:39'),
(343, 'Ajeng Utami',  NULL, NULL, NULL, NULL, NULL, NULL, NULL, NULL, NULL, NULL, NULL, NULL, '', NULL, NULL, NULL, 255,  255,  '2020-09-26 23:25:39',  '2020-09-26 23:25:39'),
(344, 'Auralius Oberman Manurung',  NULL, NULL, NULL, NULL, NULL, NULL, NULL, NULL, NULL, NULL, NULL, NULL, 'auralius.om@universitaspertamina.ac.id', NULL, NULL, NULL, 255,  255,  '2020-09-26 23:25:39',  '2020-09-26 23:25:39'),
(345, 'M. Harryansyah Adha',  NULL, NULL, NULL, NULL, NULL, NULL, NULL, NULL, NULL, NULL, NULL, NULL, 'mharryansyah.hasibuan@yahoo.com',  NULL, NULL, NULL, 255,  255,  '2020-09-26 23:25:39',  '2020-09-26 23:25:39'),
(346, 'Ika Archie Satyawan',  NULL, NULL, NULL, NULL, NULL, NULL, NULL, NULL, NULL, NULL, NULL, NULL, '', NULL, NULL, NULL, 255,  255,  '2020-09-26 23:25:39',  '2020-09-26 23:25:39'),
(347, 'Lydwina Adhisty',  NULL, NULL, NULL, NULL, NULL, NULL, NULL, NULL, NULL, NULL, NULL, NULL, '', NULL, NULL, NULL, 255,  255,  '2020-09-26 23:25:39',  '2020-09-26 23:25:39'),
(348, 'Wedar Purboningtyas',  NULL, NULL, NULL, NULL, NULL, NULL, NULL, NULL, NULL, NULL, NULL, NULL, '', NULL, NULL, NULL, 255,  255,  '2020-09-26 23:25:39',  '2020-09-26 23:25:39'),
(349, 'Syifa Asatyas',  NULL, NULL, NULL, NULL, NULL, NULL, NULL, NULL, NULL, NULL, NULL, NULL, 'syifa.a@universitaspertamina.ac.id', NULL, NULL, NULL, 255,  255,  '2020-09-26 23:25:39',  '2020-09-26 23:25:39'),
(350, 'Tirta Rona Mayangsari',  NULL, NULL, NULL, NULL, NULL, NULL, NULL, NULL, NULL, NULL, NULL, NULL, '', NULL, NULL, NULL, 255,  255,  '2020-09-26 23:25:39',  '2020-09-26 23:25:39'),
(351, 'Rangga Ganzar Noegraha', NULL, NULL, NULL, NULL, NULL, NULL, NULL, NULL, NULL, NULL, NULL, NULL, '', NULL, NULL, NULL, 255,  255,  '2020-09-26 23:25:39',  '2020-09-26 23:25:39'),
(352, 'Safira Aulia Rahmah Br Situmorang',  NULL, NULL, NULL, NULL, NULL, NULL, NULL, NULL, NULL, NULL, NULL, NULL, '', NULL, NULL, NULL, 255,  255,  '2020-09-26 23:25:39',  '2020-09-26 23:25:39'),
(353, 'Aslihatul Millah', NULL, NULL, NULL, NULL, NULL, NULL, NULL, NULL, NULL, NULL, NULL, NULL, '', NULL, NULL, NULL, 255,  255,  '2020-09-26 23:25:39',  '2020-09-26 23:25:39'),
(354, 'Imam Priyono', NULL, NULL, NULL, NULL, NULL, NULL, NULL, NULL, NULL, NULL, NULL, NULL, '', NULL, NULL, NULL, 255,  255,  '2020-09-26 23:25:39',  '2020-09-26 23:25:39'),
(355, 'Amalia Puspha Rini', NULL, NULL, NULL, NULL, NULL, NULL, NULL, NULL, NULL, NULL, NULL, NULL, 'amalia.pr@universitaspertamina.ac.id', NULL, NULL, NULL, 255,  255,  '2020-09-26 23:25:39',  '2020-09-26 23:25:39'),
(356, 'Ayu Alfiyati', NULL, NULL, NULL, NULL, NULL, NULL, NULL, NULL, NULL, NULL, NULL, NULL, 'ayualfiyati@gmail.com',  NULL, NULL, NULL, 255,  255,  '2020-09-26 23:25:39',  '2020-09-26 23:25:39'),
(357, 'Muhammad Faris Zulhazmi',  NULL, NULL, NULL, NULL, NULL, NULL, NULL, NULL, NULL, NULL, NULL, NULL, '', NULL, NULL, NULL, 255,  255,  '2020-09-26 23:25:39',  '2020-09-26 23:25:39'),
(358, 'Lukas Irawan', NULL, NULL, NULL, NULL, NULL, NULL, NULL, NULL, NULL, NULL, NULL, NULL, 'lukas.irawan@universitaspertamina.ac.id',  NULL, NULL, NULL, 255,  255,  '2020-09-26 23:25:39',  '2020-09-26 23:25:39'),
(359, 'Yulizar',  NULL, NULL, NULL, NULL, NULL, NULL, NULL, NULL, NULL, NULL, NULL, NULL, '', NULL, NULL, NULL, 255,  255,  '2020-09-26 23:25:39',  '2020-09-26 23:25:39'),
(360, 'Ghina Rosmiyanah', NULL, NULL, NULL, NULL, NULL, NULL, NULL, NULL, NULL, NULL, NULL, NULL, '', NULL, NULL, NULL, 255,  255,  '2020-09-26 23:25:39',  '2020-09-26 23:25:39'),
(361, 'Aghawinata', NULL, NULL, NULL, NULL, NULL, NULL, NULL, NULL, NULL, NULL, NULL, NULL, '', NULL, NULL, NULL, 255,  255,  '2020-09-26 23:25:39',  '2020-09-26 23:25:39'),
(362, 'Ahmad Faiz Farhan',  NULL, NULL, NULL, NULL, NULL, NULL, NULL, NULL, NULL, NULL, NULL, NULL, '', NULL, NULL, NULL, 255,  255,  '2020-09-26 23:25:39',  '2020-09-26 23:25:39'),
(363, 'Ratih Kusuma Dewi',  NULL, NULL, NULL, NULL, NULL, NULL, NULL, NULL, NULL, NULL, NULL, NULL, '', NULL, NULL, NULL, 255,  255,  '2020-09-26 23:25:39',  '2020-09-26 23:25:39'),
(364, 'Imaduddin Abdurrahim', NULL, NULL, NULL, NULL, NULL, NULL, NULL, NULL, NULL, NULL, NULL, NULL, 'imaduddinbk@gmail.com',  NULL, NULL, NULL, 255,  255,  '2020-09-26 23:25:39',  '2020-09-26 23:25:39'),
(365, 'Rahadian Ichwan Djuned', NULL, NULL, NULL, NULL, NULL, NULL, NULL, NULL, NULL, NULL, NULL, NULL, 'rahadian.id@universitaspertamina.ac.id', NULL, NULL, NULL, 255,  255,  '2020-09-26 23:25:39',  '2020-09-26 23:25:39'),
(366, 'Larisda Manurung', NULL, NULL, NULL, NULL, NULL, NULL, NULL, NULL, NULL, NULL, NULL, NULL, 'Larisdamanurung@gmail.com',  NULL, NULL, NULL, 255,  255,  '2020-09-26 23:25:39',  '2020-09-26 23:25:39'),
(367, 'Pangestika Dwi Fandini', NULL, NULL, NULL, NULL, NULL, NULL, NULL, NULL, NULL, NULL, NULL, NULL, 'pangestikaaa@gmail.com', NULL, NULL, NULL, 255,  255,  '2020-09-26 23:25:39',  '2020-09-26 23:25:39'),
(368, 'Yusron Fadilah', NULL, NULL, NULL, NULL, NULL, NULL, NULL, NULL, NULL, NULL, NULL, NULL, 'yusronfadilah108@gmail.com', NULL, NULL, NULL, 255,  255,  '2020-09-26 23:25:39',  '2020-09-26 23:25:39'),
(369, 'Warsito',  NULL, NULL, NULL, NULL, NULL, NULL, NULL, NULL, NULL, NULL, NULL, NULL, 'warsito@universitaspertamina.ac.id', NULL, NULL, NULL, 255,  255,  '2020-09-26 23:25:39',  '2020-09-26 23:25:39'),
(370, 'Ahmad Taufik Hidayat', NULL, NULL, NULL, NULL, NULL, NULL, NULL, NULL, NULL, NULL, NULL, NULL, 'ahmadth30@gmail.com',  NULL, NULL, NULL, 255,  255,  '2020-09-26 23:25:39',  '2020-09-26 23:25:39'),
(371, 'Mardiana', NULL, NULL, NULL, NULL, NULL, NULL, NULL, NULL, NULL, NULL, NULL, NULL, 'mrdana26@gmail.com', NULL, NULL, NULL, 255,  255,  '2020-09-26 23:25:39',  '2020-09-26 23:25:39'),
(373, 'Novi Tasari',  NULL, NULL, NULL, NULL, NULL, NULL, NULL, NULL, NULL, NULL, NULL, NULL, 'snovita292@gmail.com', NULL, NULL, NULL, 255,  255,  '2020-09-26 23:25:39',  '2020-09-26 23:25:39'),
(374, 'Septiyasmin Ulfa', NULL, NULL, NULL, NULL, NULL, NULL, NULL, NULL, NULL, NULL, NULL, NULL, 'ayasmin1109@gmail.com',  NULL, NULL, NULL, 255,  255,  '2020-09-26 23:25:39',  '2020-09-26 23:25:39'),
(375, 'Siti Zulaikha Rodiah', NULL, NULL, NULL, NULL, NULL, NULL, NULL, NULL, NULL, NULL, NULL, NULL, 'sitizulaikarodiah@gmail.com',  NULL, NULL, NULL, 255,  255,  '2020-09-26 23:25:39',  '2020-09-26 23:25:39'),
(376, 'Cheva Nicuba', NULL, NULL, NULL, NULL, NULL, NULL, NULL, NULL, NULL, NULL, NULL, NULL, 'nicubachevast@gmail.com',  NULL, NULL, NULL, 255,  255,  '2020-09-26 23:25:39',  '2020-09-26 23:25:39'),
(377, 'Anggit Purwanto',  NULL, NULL, NULL, NULL, NULL, NULL, NULL, NULL, NULL, NULL, NULL, NULL, 'anggitpurwanto.saputra@gmail.com', NULL, NULL, NULL, 255,  255,  '2020-09-26 23:25:39',  '2020-09-26 23:25:39'),
(378, 'Kurnia Putri', NULL, NULL, NULL, NULL, NULL, NULL, NULL, NULL, NULL, NULL, NULL, NULL, 'kurniaputri1997@gmail.com',  NULL, NULL, NULL, 255,  255,  '2020-09-26 23:25:39',  '2020-09-26 23:25:39'),
(379, 'Muhammad Fadli Hanafi',  NULL, NULL, NULL, NULL, NULL, NULL, NULL, NULL, NULL, NULL, NULL, NULL, '', NULL, NULL, NULL, 255,  255,  '2020-09-26 23:25:39',  '2020-09-26 23:25:39'),
(380, 'Hesti Maheswari',  NULL, NULL, NULL, NULL, NULL, NULL, NULL, NULL, NULL, NULL, NULL, NULL, 'mahesa301271@gmail.com', NULL, NULL, NULL, 255,  255,  '2020-09-26 23:25:39',  '2020-09-26 23:25:39'),
(381, 'Muhammad Arham', NULL, NULL, NULL, NULL, NULL, NULL, NULL, NULL, NULL, NULL, NULL, NULL, 'arhammeister@gmail.com', NULL, NULL, NULL, 255,  255,  '2020-09-26 23:25:39',  '2020-09-26 23:25:39'),
(382, 'Muhammad Fauzi Abdul Rachman', NULL, NULL, NULL, NULL, NULL, NULL, NULL, NULL, NULL, NULL, NULL, NULL, 'mfarachman@gmail.com', NULL, NULL, NULL, 255,  255,  '2020-09-26 23:25:39',  '2020-09-26 23:25:39'),
(383, 'Vivi Varlina', NULL, NULL, NULL, NULL, NULL, NULL, NULL, NULL, NULL, NULL, NULL, NULL, 'vivivarlina@gmail.com',  NULL, NULL, NULL, 255,  255,  '2020-09-26 23:25:39',  '2020-09-26 23:25:39'),
(384, 'Hari Nugroho', NULL, NULL, NULL, NULL, NULL, NULL, NULL, NULL, NULL, NULL, NULL, NULL, 'hari.nugroho@gmail.com', NULL, NULL, NULL, 255,  255,  '2020-09-26 23:25:39',  '2020-09-26 23:25:39'),
(385, 'Feriansyah', NULL, NULL, NULL, NULL, NULL, NULL, NULL, NULL, NULL, NULL, NULL, NULL, 'feriansyah.esp.ipb@gmail.com', NULL, NULL, NULL, 255,  255,  '2020-09-26 23:25:39',  '2020-09-26 23:25:39'),
(386, 'Fiska Kusumawati', NULL, NULL, NULL, NULL, NULL, NULL, NULL, NULL, NULL, NULL, NULL, NULL, 'fiska_kusumawati@yahoo.com', NULL, NULL, NULL, 255,  255,  '2020-09-26 23:25:39',  '2020-09-26 23:25:39'),
(387, 'Naeli Fitria', NULL, NULL, NULL, NULL, NULL, NULL, NULL, NULL, NULL, NULL, NULL, NULL, 'fitrianaeli93@gmail.com',  NULL, NULL, NULL, 255,  255,  '2020-09-26 23:25:39',  '2020-09-26 23:25:39'),
(388, 'Rosmayati Ratnasari',  NULL, NULL, NULL, NULL, NULL, NULL, NULL, NULL, NULL, NULL, NULL, NULL, 'rosmayatiratnasari@gmail.com', NULL, NULL, NULL, 255,  255,  '2020-09-26 23:25:39',  '2020-09-26 23:25:39'),
(389, 'Aieda Nurul Fitri',  NULL, NULL, NULL, NULL, NULL, NULL, NULL, NULL, NULL, NULL, NULL, NULL, 'aidanurulfitri@gmail.com', NULL, NULL, NULL, 255,  255,  '2020-09-26 23:25:39',  '2020-09-26 23:25:39'),
(390, 'Ekron Sitanggang', NULL, NULL, NULL, NULL, NULL, NULL, NULL, NULL, NULL, NULL, NULL, NULL, 'sitanggang.ekron@yahoo.com', NULL, NULL, NULL, 255,  255,  '2020-09-26 23:25:39',  '2020-09-26 23:25:39'),
(391, 'Rinaldi Medali Rachman', NULL, NULL, NULL, NULL, NULL, NULL, NULL, NULL, NULL, NULL, NULL, NULL, 'rinaldi.medali@gmail.com', NULL, NULL, NULL, 255,  255,  '2020-09-26 23:25:39',  '2020-09-26 23:25:39'),
(395, 'Twin Edo Nugraha', NULL, NULL, NULL, NULL, NULL, NULL, NULL, NULL, NULL, NULL, NULL, NULL, 'venganzdektor26@gmail.com',  NULL, NULL, NULL, 255,  255,  '2020-09-26 23:25:39',  '2020-09-26 23:25:39'),
(396, 'Ito Maulana',  NULL, NULL, NULL, NULL, NULL, NULL, NULL, NULL, NULL, NULL, NULL, NULL, 'maulana_ito@yahoo.com',  NULL, NULL, NULL, 255,  255,  '2020-09-26 23:25:39',  '2020-09-26 23:25:39'),
(397, 'Gita Putri Larasati',  NULL, NULL, NULL, NULL, NULL, NULL, NULL, NULL, NULL, NULL, NULL, NULL, 'gitaptrlarasati@gmail.com',  NULL, NULL, NULL, 255,  255,  '2020-09-26 23:25:39',  '2020-09-26 23:25:39'),
(398, 'Jefri Fernando', NULL, NULL, NULL, NULL, NULL, NULL, NULL, NULL, NULL, NULL, NULL, NULL, 'jefri.f@universefrispertamina.ac.id',  NULL, NULL, NULL, 255,  255,  '2020-09-26 23:25:39',  '2020-09-26 23:25:39'),
(399, 'Mora Nassukha',  NULL, NULL, NULL, NULL, NULL, NULL, NULL, NULL, NULL, NULL, NULL, NULL, 'mora.n@universitaspertamina.ac.id',  NULL, NULL, NULL, 255,  255,  '2020-09-26 23:25:39',  '2020-09-26 23:25:39'),
(400, 'Dwiza Rayona', NULL, NULL, NULL, NULL, NULL, NULL, NULL, NULL, NULL, NULL, NULL, NULL, 'dwiza.r@universitaspertamina.ac.id', NULL, NULL, NULL, 255,  255,  '2020-09-26 23:25:39',  '2020-09-26 23:25:39'),
(401, 'Maulana Yusuf',  NULL, NULL, NULL, NULL, NULL, NULL, NULL, NULL, NULL, NULL, NULL, NULL, 'maulana.y@universmaaspertamina.ac.id', NULL, NULL, NULL, 255,  255,  '2020-09-26 23:25:39',  '2020-09-26 23:25:39'),
(402, 'Misbahudin', NULL, NULL, NULL, NULL, NULL, NULL, NULL, NULL, NULL, NULL, NULL, NULL, 'misbahudin.mt@gmail.com',  NULL, NULL, NULL, 255,  255,  '2020-09-26 23:25:39',  '2020-09-26 23:25:39'),
(403, 'Dian Yesy Fatimah',  NULL, NULL, NULL, NULL, NULL, NULL, NULL, NULL, NULL, NULL, NULL, NULL, 'yesy.fatimah@gmail.com', NULL, NULL, NULL, 255,  255,  '2020-09-26 23:25:39',  '2020-09-26 23:25:39'),
(404, 'Pramudya Rinengga Datu Perdana', NULL, NULL, NULL, NULL, NULL, NULL, NULL, NULL, NULL, NULL, NULL, NULL, 'pramudyarinengga@gmail.com', NULL, NULL, NULL, 255,  255,  '2020-09-26 23:25:39',  '2020-09-26 23:25:39'),
(405, 'Adita Utami',  NULL, NULL, NULL, NULL, NULL, NULL, NULL, NULL, NULL, NULL, NULL, NULL, 'adita.utami1995@gmail.com',  NULL, NULL, NULL, 255,  255,  '2020-09-26 23:25:39',  '2020-09-26 23:25:39'),
(406, 'Sonny Afiandy Atmanagara', NULL, NULL, NULL, NULL, NULL, NULL, NULL, NULL, NULL, NULL, NULL, NULL, 'sonny_aa@pertamina.com', NULL, NULL, NULL, 255,  255,  '2020-09-26 23:25:39',  '2020-09-26 23:25:39'),
(407, 'Nani Setiarini', NULL, NULL, NULL, NULL, NULL, NULL, NULL, NULL, NULL, NULL, NULL, NULL, 'nani.setiarini@universitaspertamina.ac.id',  NULL, NULL, NULL, 255,  255,  '2020-09-26 23:25:39',  '2020-09-26 23:25:39'),
(408, 'Bagus Guritno',  NULL, NULL, NULL, NULL, NULL, NULL, NULL, NULL, NULL, NULL, NULL, NULL, 'bagus.g@universitaspertamina.ac.id', NULL, NULL, NULL, 255,  255,  '2020-09-26 23:25:39',  '2020-09-26 23:25:39'),
(409, 'Soni Satiawan',  NULL, NULL, NULL, NULL, NULL, NULL, NULL, NULL, NULL, NULL, NULL, NULL, 'sonisatiawan27@gmail.com', NULL, NULL, NULL, 255,  255,  '2020-09-26 23:25:39',  '2020-09-26 23:25:39'),
(410, 'Rahmad Inca liperda',  NULL, NULL, NULL, NULL, NULL, NULL, NULL, NULL, NULL, NULL, NULL, NULL, 'inca.liferda@gmail.com', NULL, NULL, NULL, 255,  255,  '2020-09-26 23:25:39',  '2020-09-26 23:25:39'),
(411, 'Gati Anissa Hayu', NULL, NULL, NULL, NULL, NULL, NULL, NULL, NULL, NULL, NULL, NULL, NULL, 'gatiannisa@gmail.com', NULL, NULL, NULL, 255,  255,  '2020-09-26 23:25:39',  '2020-09-26 23:25:39'),
(412, 'Mirna Lusiani',  NULL, NULL, NULL, NULL, NULL, NULL, NULL, NULL, NULL, NULL, NULL, NULL, 'mirna_lusiani@yahoo.com',  NULL, NULL, NULL, 255,  255,  '2020-09-26 23:25:39',  '2020-09-26 23:25:39'),
(413, 'Yudha Purbolaksono', NULL, NULL, NULL, NULL, NULL, NULL, NULL, NULL, NULL, NULL, NULL, NULL, 'judha.purbolaksono@gmail.com', NULL, NULL, NULL, 255,  255,  '2020-09-26 23:25:39',  '2020-09-26 23:25:39'),
(414, 'Sylvia Ayu Pradanawati', NULL, NULL, NULL, NULL, NULL, NULL, NULL, NULL, NULL, NULL, NULL, NULL, 'sylvia.ayu.pradanawati@gmail.com', NULL, NULL, NULL, 255,  255,  '2020-09-26 23:25:39',  '2020-09-26 23:25:39'),
(415, 'Dara Ayuda Maharsi', NULL, NULL, NULL, NULL, NULL, NULL, NULL, NULL, NULL, NULL, NULL, NULL, 'dara.ayuda@gmail.com', NULL, NULL, NULL, 255,  255,  '2020-09-26 23:25:39',  '2020-09-26 23:25:39'),
(416, 'Osaliana Budiarto',  NULL, NULL, NULL, NULL, NULL, NULL, NULL, NULL, NULL, NULL, NULL, NULL, 'osalianabudiarto@gmail.com', NULL, NULL, NULL, 255,  255,  '2020-09-26 23:25:39',  '2020-09-26 23:25:39'),
(417, 'I Wayan Koko Suryawan',  NULL, NULL, NULL, NULL, NULL, NULL, NULL, NULL, NULL, NULL, NULL, NULL, 'iwayankokosuryawan@gmail.com', NULL, NULL, NULL, 255,  255,  '2020-09-26 23:25:39',  '2020-09-26 23:25:39'),
(418, 'Dumex Sutra Pasaribu', NULL, NULL, NULL, NULL, NULL, NULL, NULL, NULL, NULL, NULL, NULL, NULL, 'dumex.pasaribu@gmail.com', NULL, NULL, NULL, 255,  255,  '2020-09-26 23:25:39',  '2020-09-26 23:25:39'),
(419, 'Tri Cahyani',  NULL, NULL, NULL, NULL, NULL, NULL, NULL, NULL, NULL, NULL, NULL, NULL, 'tricahyanitri@gmail.com',  NULL, NULL, NULL, 255,  255,  '2020-09-26 23:25:39',  '2020-09-26 23:25:39'),
(420, 'Rika Yunira',  NULL, NULL, NULL, NULL, NULL, NULL, NULL, NULL, NULL, NULL, NULL, NULL, 'rikayunira@gmail.com', NULL, NULL, NULL, 255,  255,  '2020-09-26 23:25:39',  '2020-09-26 23:25:39'),
(421, 'Wahyu Ramdhan Nurmayanto', NULL, NULL, NULL, NULL, NULL, NULL, NULL, NULL, NULL, NULL, NULL, NULL, 'wahyuramdhan.wrn@gmail.com', NULL, NULL, NULL, 255,  255,  '2020-09-26 23:25:39',  '2020-09-26 23:25:39'),
(422, 'Randi Farmana Putra',  NULL, NULL, NULL, NULL, NULL, NULL, NULL, NULL, NULL, NULL, NULL, NULL, 'randifarmana@gmail.com', NULL, NULL, NULL, 255,  255,  '2020-09-26 23:25:39',  '2020-09-26 23:25:39'),
(423, 'Widya Astri Bahtiar',  NULL, NULL, NULL, NULL, NULL, NULL, NULL, NULL, NULL, NULL, NULL, NULL, 'wdybahtiar@gmail.com', NULL, NULL, NULL, 255,  255,  '2020-09-26 23:25:39',  '2020-09-26 23:25:39'),
(424, 'Firdaus Sigma Rizqi',  NULL, NULL, NULL, NULL, NULL, NULL, NULL, NULL, NULL, NULL, NULL, NULL, 'fsigmarizqi@gmail.com',  NULL, NULL, NULL, 255,  255,  '2020-09-26 23:25:39',  '2020-09-26 23:25:39'),
(425, 'Bramalif Setyo Taqwa', NULL, NULL, NULL, NULL, NULL, NULL, NULL, NULL, NULL, NULL, NULL, NULL, 'bram.sma15@gmail.com', NULL, NULL, NULL, 255,  255,  '2020-09-26 23:25:39',  '2020-09-26 23:25:39'),
(426, 'M. Arpan', NULL, NULL, NULL, NULL, NULL, NULL, NULL, NULL, NULL, NULL, NULL, NULL, '', NULL, NULL, NULL, 255,  255,  '2020-09-26 23:25:39',  '2020-09-26 23:25:39'),
(427, 'Syahreza Saidina Angkasa', NULL, NULL, NULL, NULL, NULL, NULL, NULL, NULL, NULL, NULL, NULL, NULL, 'syahreza.s.a@gmail.com', NULL, NULL, NULL, 255,  255,  '2020-09-26 23:25:39',  '2020-09-26 23:25:39'),
(428, 'Erick Ivan Gian',  NULL, NULL, NULL, NULL, NULL, NULL, NULL, NULL, NULL, NULL, NULL, NULL, 'erick.ig@universitaspertamina.ac.id',  NULL, NULL, NULL, 255,  255,  '2020-09-26 23:25:39',  '2020-09-26 23:25:39'),
(429, 'Novta Nisa Laila', NULL, NULL, NULL, NULL, NULL, NULL, NULL, NULL, NULL, NULL, NULL, NULL, 'novta.nl@universitaspertamina.ac.id',  NULL, NULL, NULL, 255,  255,  '2020-09-26 23:25:39',  '2020-09-26 23:25:39'),
(433, 'Rani Nasrasyam Zalma', NULL, NULL, NULL, NULL, NULL, NULL, NULL, NULL, NULL, NULL, NULL, NULL, 'ranizalma@gmail.com',  NULL, NULL, NULL, 255,  255,  '2020-09-26 23:25:39',  '2020-09-26 23:25:39'),
(434, 'Diky Aulia', NULL, NULL, NULL, NULL, NULL, NULL, NULL, NULL, NULL, NULL, NULL, NULL, 'dikyaulia19@gmail.com',  NULL, NULL, NULL, 255,  255,  '2020-09-26 23:25:39',  '2020-09-26 23:25:39'),
(435, 'Novia Savitri',  NULL, NULL, NULL, NULL, NULL, NULL, NULL, NULL, NULL, NULL, NULL, NULL, 'noviasafitri76@gmail.com', NULL, NULL, NULL, 255,  255,  '2020-09-26 23:25:39',  '2020-09-26 23:25:39'),
(436, 'Lilis Nurelisa', NULL, NULL, NULL, NULL, NULL, NULL, NULL, NULL, NULL, NULL, NULL, NULL, 'lilisnurellisaa@gmail.com',  NULL, NULL, NULL, 255,  255,  '2020-09-26 23:25:39',  '2020-09-26 23:25:39'),
(437, 'Mira Fatmawati', NULL, NULL, NULL, NULL, NULL, NULL, NULL, NULL, NULL, NULL, NULL, NULL, 'uprmira@gmail.com',  NULL, NULL, NULL, 255,  255,  '2020-09-26 23:25:39',  '2020-09-26 23:25:39'),
(438, 'Ayu Nurvita Indrianti',  NULL, NULL, NULL, NULL, NULL, NULL, NULL, NULL, NULL, NULL, NULL, NULL, 'ayunurvitaindri@gmail.com',  NULL, NULL, NULL, 255,  255,  '2020-09-26 23:25:39',  '2020-09-26 23:25:39'),
(439, 'Fatimah Dinan Qonitan',  NULL, NULL, NULL, NULL, NULL, NULL, NULL, NULL, NULL, NULL, NULL, NULL, 'fatimahdinanq@gmail.com',  NULL, NULL, NULL, 255,  255,  '2020-09-26 23:25:39',  '2020-09-26 23:25:39'),
(440, 'Azis Adharis', NULL, NULL, NULL, NULL, NULL, NULL, NULL, NULL, NULL, NULL, NULL, NULL, 'azis.adharis@gmail.com', NULL, NULL, NULL, 255,  255,  '2020-09-26 23:25:39',  '2020-09-26 23:25:39'),
(441, 'Uha Julaeha',  NULL, NULL, NULL, NULL, NULL, NULL, NULL, NULL, NULL, NULL, NULL, NULL, 'uhajula@gmail.com',  NULL, NULL, NULL, 255,  255,  '2020-09-26 23:25:39',  '2020-09-26 23:25:39'),
(442, 'Peri Maulana', NULL, NULL, NULL, NULL, NULL, NULL, NULL, NULL, NULL, NULL, NULL, NULL, 'perimaulana247@gmail.com', NULL, NULL, NULL, 255,  255,  '2020-09-26 23:25:39',  '2020-09-26 23:25:39'),
(443, 'Yoga Firdaus', NULL, NULL, NULL, NULL, NULL, NULL, NULL, NULL, NULL, NULL, NULL, NULL, 'yogadfirdaus@gmail.com', NULL, NULL, NULL, 255,  255,  '2020-09-26 23:25:39',  '2020-09-26 23:25:39'),
(444, 'Wahyuni Choiriyati', NULL, NULL, NULL, NULL, NULL, NULL, NULL, NULL, NULL, NULL, NULL, NULL, 'wahyu_choiri@yahoo.com', NULL, NULL, NULL, 255,  255,  '2020-09-26 23:25:39',  '2020-09-26 23:25:39'),
(445, 'Intan Oktafiani',  NULL, NULL, NULL, NULL, NULL, NULL, NULL, NULL, NULL, NULL, NULL, NULL, 'intanoktafiani.if@gmail.com',  NULL, NULL, NULL, 255,  255,  '2020-09-26 23:25:39',  '2020-09-26 23:25:39'),
(446, 'Mita', NULL, NULL, NULL, NULL, NULL, NULL, NULL, NULL, NULL, NULL, NULL, NULL, 'mitastein@gmail.com',  NULL, NULL, NULL, 255,  255,  '2020-09-26 23:25:39',  '2020-09-26 23:25:39'),
(447, 'Titi Winarsih Utami',  NULL, NULL, NULL, NULL, NULL, NULL, NULL, NULL, NULL, NULL, NULL, NULL, 'tityutami@gmail.com',  NULL, NULL, NULL, 255,  255,  '2020-09-26 23:25:39',  '2020-09-26 23:25:39'),
(448, 'Bayu Wicaksono', NULL, NULL, NULL, NULL, NULL, NULL, NULL, NULL, NULL, NULL, NULL, NULL, 'bayuwicaksono8896@gmail.com',  NULL, NULL, NULL, 255,  255,  '2020-09-26 23:25:39',  '2020-09-26 23:25:39'),
(449, 'Dian Krisna Arifiani', NULL, NULL, NULL, NULL, NULL, NULL, NULL, NULL, NULL, NULL, NULL, NULL, 'diankrisnarifiani@gmail.com',  NULL, NULL, NULL, 255,  255,  '2020-09-26 23:25:39',  '2020-09-26 23:25:39'),
(450, 'Zuki Pristiantoro Putro',  NULL, NULL, NULL, NULL, NULL, NULL, NULL, NULL, NULL, NULL, NULL, NULL, 'zukipristiantoro@gmail.com', NULL, NULL, NULL, 255,  255,  '2020-09-26 23:25:39',  '2020-09-26 23:25:39'),
(451, 'Muhammad Fhacrul Ikhwanul',  NULL, NULL, NULL, NULL, NULL, NULL, NULL, NULL, NULL, NULL, NULL, NULL, 'fhacrul02@gmail.com',  NULL, NULL, NULL, 255,  255,  '2020-09-26 23:25:39',  '2020-09-26 23:25:39'),
(452, 'Shella Elsiana Santoso', NULL, NULL, NULL, NULL, NULL, NULL, NULL, NULL, NULL, NULL, NULL, NULL, 'shellaelsianas@gmail.com', NULL, NULL, NULL, 255,  255,  '2020-09-26 23:25:39',  '2020-09-26 23:25:39'),
(454, 'Jelita Hakim', NULL, NULL, NULL, NULL, NULL, NULL, NULL, NULL, NULL, NULL, NULL, NULL, 'jelitahakim19@gmail.com',  NULL, NULL, NULL, 255,  255,  '2020-09-26 23:25:39',  '2020-09-26 23:25:39'),
(455, 'Rika Isnarti', NULL, NULL, NULL, NULL, NULL, NULL, NULL, NULL, NULL, NULL, NULL, NULL, 'rikaisnarti@gmail.com',  NULL, NULL, NULL, 255,  255,  '2020-09-26 23:25:39',  '2020-09-26 23:25:39'),
(456, 'Ardila Putri', NULL, NULL, NULL, NULL, NULL, NULL, NULL, NULL, NULL, NULL, NULL, NULL, 'ardilaputris.ip@gmail.com',  NULL, NULL, NULL, 255,  255,  '2020-09-26 23:25:39',  '2020-09-26 23:25:39'),
(457, ' Dr. Tedy Wachyudi, S.E., S.H., MM', NULL, NULL, NULL, NULL, NULL, NULL, NULL, NULL, NULL, NULL, NULL, NULL, 'mytedw@gmail.com', NULL, NULL, NULL, 255,  255,  '2020-09-26 23:25:39',  '2020-09-26 23:25:39'),
(458, 'Adji Candra Kurniawan',  NULL, NULL, NULL, NULL, NULL, NULL, NULL, NULL, NULL, NULL, NULL, NULL, 'adji3127@gmail.com', NULL, NULL, NULL, 255,  255,  '2020-09-26 23:25:39',  '2020-09-26 23:25:39'),
(459, 'Rizky Wahyu N',  NULL, NULL, NULL, NULL, NULL, NULL, NULL, NULL, NULL, NULL, NULL, NULL, 'rizkywn06@gmail.com',  NULL, NULL, NULL, 255,  255,  '2020-09-26 23:25:39',  '2020-09-26 23:25:39'),
(460, 'Muhammad Jeffry',  NULL, NULL, NULL, NULL, NULL, NULL, NULL, NULL, NULL, NULL, NULL, NULL, '', NULL, NULL, NULL, 255,  255,  '2020-09-26 23:25:39',  '2020-09-26 23:25:39'),
(461, 'Azis Amriantoro',  NULL, NULL, NULL, NULL, NULL, NULL, NULL, NULL, NULL, NULL, NULL, NULL, '', NULL, NULL, NULL, 255,  255,  '2020-09-26 23:25:39',  '2020-09-26 23:25:39'),
(462, 'Andika Zulaski', NULL, NULL, NULL, NULL, NULL, NULL, NULL, NULL, NULL, NULL, NULL, NULL, '', NULL, NULL, NULL, 255,  255,  '2020-09-26 23:25:39',  '2020-09-26 23:25:39'),
(463, 'Sintia Ayu Putri', NULL, NULL, NULL, NULL, NULL, NULL, NULL, NULL, NULL, NULL, NULL, NULL, 'sintiaayuputrii@gmail.com',  NULL, NULL, NULL, 255,  255,  '2020-09-26 23:25:39',  '2020-09-26 23:25:39'),
(464, 'Uum Umayah', NULL, NULL, NULL, NULL, NULL, NULL, NULL, NULL, NULL, NULL, NULL, NULL, 'uumumayah376@gmail.com', NULL, NULL, NULL, 255,  255,  '2020-09-26 23:25:39',  '2020-09-26 23:25:39'),
(465, 'Tavip Setiawan', NULL, NULL, NULL, NULL, NULL, NULL, NULL, NULL, NULL, NULL, NULL, NULL, 'tsetiawan@pertamina.com',  NULL, NULL, NULL, 255,  255,  '2020-09-26 23:25:39',  '2020-09-26 23:25:39'),
(466, 'Bonifacius S.I. Aziz', NULL, NULL, NULL, NULL, NULL, NULL, NULL, NULL, NULL, NULL, NULL, NULL, 'bonifacius@pertamina.com', NULL, NULL, NULL, 255,  255,  '2020-09-26 23:25:39',  '2020-09-26 23:25:39'),
(467, ' Djedi Setyo Widarto', NULL, NULL, NULL, NULL, NULL, NULL, NULL, NULL, NULL, NULL, NULL, NULL, 'dswidarto@gmail.com',  NULL, NULL, NULL, 255,  255,  '2020-09-26 23:25:39',  '2020-09-26 23:25:39'),
(468, 'Made Emmy Relawati', NULL, NULL, NULL, NULL, NULL, NULL, NULL, NULL, NULL, NULL, NULL, NULL, 'myrel65@yahoo.com',  NULL, NULL, NULL, 255,  255,  '2020-09-26 23:25:39',  '2020-09-26 23:25:39'),
(469, 'Rudy Ryacudu', NULL, NULL, NULL, NULL, NULL, NULL, NULL, NULL, NULL, NULL, NULL, NULL, 'rudyryacudu93@gmail.com',  NULL, NULL, NULL, 255,  255,  '2020-09-26 23:25:39',  '2020-09-26 23:25:39'),
(470, 'Slamet Riadhy',  NULL, NULL, NULL, NULL, NULL, NULL, NULL, NULL, NULL, NULL, NULL, NULL, 'ririslamet18@gmail.com', NULL, NULL, NULL, 255,  255,  '2020-09-26 23:25:39',  '2020-09-26 23:25:39'),
(471, 'Priza Audermando Purba', NULL, NULL, NULL, NULL, NULL, NULL, NULL, NULL, NULL, NULL, NULL, NULL, 'prizapurba@gmail.com', NULL, NULL, NULL, 255,  255,  '2020-09-26 23:25:39',  '2020-09-26 23:25:39'),
(472, 'Muhammad Iqbal Afghan',  NULL, NULL, NULL, NULL, NULL, NULL, NULL, NULL, NULL, NULL, NULL, NULL, 'iqbal.afghannn@gmail.com', NULL, NULL, NULL, 255,  255,  '2020-09-26 23:25:39',  '2020-09-26 23:25:39'),
(473, 'Syamhadi Atmojo',  NULL, NULL, NULL, NULL, NULL, NULL, NULL, NULL, NULL, NULL, NULL, NULL, 'syamhadi666@gmail.com',  NULL, NULL, NULL, 255,  255,  '2020-09-26 23:25:39',  '2020-09-26 23:25:39'),
(474, 'Muhamad Muafi Istiqlal', NULL, NULL, NULL, NULL, NULL, NULL, NULL, NULL, NULL, NULL, NULL, NULL, 'afiistiqlal@gmail.com',  NULL, NULL, NULL, 255,  255,  '2020-09-26 23:25:39',  '2020-09-26 23:25:39'),
(475, 'Beny Ragadita',  NULL, NULL, NULL, NULL, NULL, NULL, NULL, NULL, NULL, NULL, NULL, NULL, 'beny.ragadita@gmail.com',  NULL, NULL, NULL, 255,  255,  '2020-09-26 23:25:39',  '2020-09-26 23:25:39'),
(476, 'Aditya Wibawa Sakti',  NULL, NULL, NULL, NULL, NULL, NULL, NULL, NULL, NULL, NULL, NULL, NULL, 'radenadityawibawa@gmail.com',  NULL, NULL, NULL, 255,  255,  '2020-09-26 23:25:39',  '2020-09-26 23:25:39'),
(477, 'Muhamad Zair', NULL, NULL, NULL, NULL, NULL, NULL, NULL, NULL, NULL, NULL, NULL, NULL, '0@gmail.com',  NULL, NULL, NULL, 255,  255,  '2020-09-26 23:25:39',  '2020-09-26 23:25:39'),
(478, 'Hasyim Hermawan',  NULL, NULL, NULL, NULL, NULL, NULL, NULL, NULL, NULL, NULL, NULL, NULL, '0@gmail.com',  NULL, NULL, NULL, 255,  255,  '2020-09-26 23:25:39',  '2020-09-26 23:25:39'),
(479, 'Rizki Amalia', NULL, NULL, NULL, NULL, NULL, NULL, NULL, NULL, NULL, NULL, NULL, NULL, 'rizmelamalia@gmail.com', NULL, NULL, NULL, 255,  255,  '2020-09-26 23:25:39',  '2020-09-26 23:25:39'),
(480, 'Fajar Faizin', NULL, NULL, NULL, NULL, NULL, NULL, NULL, NULL, NULL, NULL, NULL, NULL, 'fajarfaizin77@gmail.com',  NULL, NULL, NULL, 255,  255,  '2020-09-26 23:25:39',  '2020-09-26 23:25:39'),
(482, 'Fani Setianingsih',  NULL, NULL, NULL, NULL, NULL, NULL, NULL, NULL, NULL, NULL, NULL, NULL, 'fani.setianingsih@gmail.com',  NULL, NULL, NULL, 255,  255,  '2020-09-26 23:25:39',  '2020-09-26 23:25:39'),
(485, 'Ridha Santika',  NULL, NULL, NULL, NULL, NULL, NULL, NULL, NULL, NULL, NULL, NULL, NULL, 'ridhasantika11@gmail.com', NULL, NULL, NULL, 255,  255,  '2020-09-26 23:25:39',  '2020-09-26 23:25:39'),
(486, 'Ulya Qonita',  NULL, NULL, NULL, NULL, NULL, NULL, NULL, NULL, NULL, NULL, NULL, NULL, 'ulyaqonita11@gmail.com', NULL, NULL, NULL, 255,  255,  '2020-09-26 23:25:39',  '2020-09-26 23:25:39'),
(489, 'Samsul Arifin',  NULL, NULL, NULL, NULL, NULL, NULL, NULL, NULL, NULL, NULL, NULL, NULL, 'samsoel91@gmail.com',  NULL, NULL, NULL, 255,  255,  '2020-09-26 23:25:39',  '2020-09-26 23:25:39'),
(490, 'Jeres Rorym Cherdasa', NULL, NULL, NULL, NULL, NULL, NULL, NULL, NULL, NULL, NULL, NULL, NULL, 'jeresrorym@yahoo.com', NULL, NULL, NULL, 255,  255,  '2020-09-26 23:25:39',  '2020-09-26 23:25:39'),
(491, 'Anindhita Dewabharata',  NULL, NULL, NULL, NULL, NULL, NULL, NULL, NULL, NULL, NULL, NULL, NULL, 'dewabharata@gmail.com',  NULL, NULL, NULL, 255,  255,  '2021-02-15 00:56:26',  '2021-02-15 01:03:13'),
(492, 'Rizky Anggraini',  NULL, NULL, NULL, NULL, NULL, NULL, NULL, NULL, NULL, NULL, NULL, NULL, 'Rizky.2015a@gmail.com',  NULL, NULL, NULL, 255,  255,  '2021-02-15 00:56:26',  '2021-02-15 01:03:13'),
(493, 'Noviana Masta',  NULL, NULL, NULL, NULL, NULL, NULL, NULL, NULL, NULL, NULL, NULL, NULL, 'mastanoviana29@gmail.com', NULL, NULL, NULL, 255,  255,  '2021-02-15 00:56:26',  '2021-02-15 01:03:13'),
(494, 'Aprilia Pratiwi',  NULL, NULL, NULL, NULL, NULL, NULL, NULL, NULL, NULL, NULL, NULL, NULL, 'apriliapratiwi45@gmail.com', NULL, NULL, NULL, 255,  255,  '2021-02-15 00:56:26',  '2021-02-15 01:03:13'),
(495, 'Windi Puspa Ningsih',  NULL, NULL, NULL, NULL, NULL, NULL, NULL, NULL, NULL, NULL, NULL, NULL, 'windipuspann@gmail.com', NULL, NULL, NULL, 255,  255,  '2021-02-15 00:56:26',  '2021-02-15 01:03:13'),
(496, 'Farhan', NULL, NULL, NULL, NULL, NULL, NULL, NULL, NULL, NULL, NULL, NULL, NULL, 'farhan@universitaspertamina.ac.id',  NULL, NULL, NULL, 255,  255,  '2021-02-15 00:56:26',  '2021-02-15 01:03:13'),
(497, 'Nanda Ruswandi', NULL, NULL, NULL, NULL, NULL, NULL, NULL, NULL, NULL, NULL, NULL, NULL, 'nandaruswandi.industri@gmail.com', NULL, NULL, NULL, 255,  255,  '2021-02-15 00:56:26',  '2021-02-15 01:03:13'),
(498, 'Nur Layli Amanah', NULL, NULL, NULL, NULL, NULL, NULL, NULL, NULL, NULL, NULL, NULL, NULL, 'nurlayli78@gmail.com', NULL, NULL, NULL, 255,  255,  '2021-02-15 00:56:26',  '2021-02-15 01:03:13'),
(499, 'Bayunantyo Budi Susilo', NULL, NULL, NULL, NULL, NULL, NULL, NULL, NULL, NULL, NULL, NULL, NULL, 'bayunbs.forum@gmail.com',  NULL, NULL, NULL, 255,  255,  '2021-02-15 00:56:26',  '2021-02-15 01:03:13'),
(500, 'M. Roby Hervindo', NULL, NULL, NULL, NULL, NULL, NULL, NULL, NULL, NULL, NULL, NULL, NULL, 'roby.hervindo@pertamina.com',  NULL, NULL, NULL, 255,  255,  '2021-02-15 00:56:26',  '2021-02-15 01:03:13'),
(501, 'Marita Afiandika', NULL, NULL, NULL, NULL, NULL, NULL, NULL, NULL, NULL, NULL, NULL, NULL, '.@gmail.com',  NULL, NULL, NULL, 255,  255,  '2021-02-15 00:56:26',  '2021-02-15 01:03:13'),
(502, 'Rivaldo Akbar Syafwan',  NULL, NULL, NULL, NULL, NULL, NULL, NULL, NULL, NULL, NULL, NULL, NULL, 'rivaldo.akbar144@gmail.com', NULL, NULL, NULL, 255,  255,  '2021-02-15 00:56:26',  '2021-02-15 01:03:13'),
(503, 'Ripal Andrian',  NULL, NULL, NULL, NULL, NULL, NULL, NULL, NULL, NULL, NULL, NULL, NULL, '-@gmail.com',  NULL, NULL, NULL, 255,  255,  '2021-02-15 00:56:26',  '2021-02-15 01:03:13'),
(504, 'Arlyn Aristo', NULL, NULL, NULL, NULL, NULL, NULL, NULL, NULL, NULL, NULL, NULL, NULL, 'arlyn.aristo@gmail.com', NULL, NULL, NULL, 255,  255,  '2021-02-15 00:56:26',  '2021-02-15 01:03:13'),
(505, 'Fajar Febiani Amanda', NULL, NULL, NULL, NULL, NULL, NULL, NULL, NULL, NULL, NULL, NULL, NULL, 'fajarfamanda@gmail.com', NULL, NULL, NULL, 255,  255,  '2021-02-15 00:56:26',  '2021-02-15 01:03:13'),
(506, 'Reyhandika Gunawan', NULL, NULL, NULL, NULL, NULL, NULL, NULL, NULL, NULL, NULL, NULL, NULL, 'reyhandikagunawan@gmail.com',  NULL, NULL, NULL, 255,  255,  '2021-02-15 00:56:26',  '2021-02-15 01:03:13'),
(507, 'Aghista Cynthia Nurcahyani', NULL, NULL, NULL, NULL, NULL, NULL, NULL, NULL, NULL, NULL, NULL, NULL, 'aghistacn@gmail.com',  NULL, NULL, NULL, 255,  255,  '2021-02-15 00:56:26',  '2021-02-15 01:03:13'),
(508, 'Verisafirma Hasnalia A', NULL, NULL, NULL, NULL, NULL, NULL, NULL, NULL, NULL, NULL, NULL, NULL, 'verisafirma@gmail.com',  NULL, NULL, NULL, 255,  255,  '2021-02-15 00:56:26',  '2021-02-15 01:03:13'),
(509, 'A. Rinto Pudyanrtoro', NULL, NULL, NULL, NULL, NULL, NULL, NULL, NULL, NULL, NULL, NULL, NULL, 'a.rinto.pudyantoro@gmail.com', NULL, NULL, NULL, 255,  255,  '2021-02-15 00:56:26',  '2021-02-15 01:03:13'),
(510, 'Gede Widia Pratama Adhyaksa',  NULL, NULL, NULL, NULL, NULL, NULL, NULL, NULL, NULL, NULL, NULL, NULL, 'pratamaadhyaksa@gmail.com',  NULL, NULL, NULL, 255,  255,  '2021-02-15 00:56:26',  '2021-02-15 01:03:13'),
(511, 'Teuku Muhammad Rasyif',  NULL, NULL, NULL, NULL, NULL, NULL, NULL, NULL, NULL, NULL, NULL, NULL, 'teukumrasyif@gmail.com', NULL, NULL, NULL, 255,  255,  '2021-02-15 00:56:26',  '2021-02-15 01:03:13'),
(512, 'Hanas Setyani Putri',  NULL, NULL, NULL, NULL, NULL, NULL, NULL, NULL, NULL, NULL, NULL, NULL, 'hanassetyanip@gmail.com',  NULL, NULL, NULL, 255,  255,  '2021-02-15 00:56:26',  '2021-02-15 01:03:13'),
(513, 'Irvan Daniansyah', NULL, NULL, NULL, NULL, NULL, NULL, NULL, NULL, NULL, NULL, NULL, NULL, 'irvan.daniansyah97@gmail.com', NULL, NULL, NULL, 255,  255,  '2021-02-15 00:56:26',  '2021-02-15 01:03:13'),
(514, 'Gilang Prayoga Bagaskara', NULL, NULL, NULL, NULL, NULL, NULL, NULL, NULL, NULL, NULL, NULL, NULL, '-@gmail.com',  NULL, NULL, NULL, 255,  255,  '2021-02-15 00:56:26',  '2021-02-15 01:03:13'),
(515, 'Bella Zaskia Yugis', NULL, NULL, NULL, NULL, NULL, NULL, NULL, NULL, NULL, NULL, NULL, NULL, 'bellazaskia@gmail.com',  NULL, NULL, NULL, 255,  255,  '2021-02-15 00:56:26',  '2021-02-15 01:03:13'),
(516, 'U. Suryono', NULL, NULL, NULL, NULL, NULL, NULL, NULL, NULL, NULL, NULL, NULL, NULL, '-@gmail.com',  NULL, NULL, NULL, 255,  255,  '2021-02-15 00:56:26',  '2021-02-15 01:03:13'),
(517, 'Dianah Adani', NULL, NULL, NULL, NULL, NULL, NULL, NULL, NULL, NULL, NULL, NULL, NULL, 'dianadani1997@gmail.com',  NULL, NULL, NULL, 255,  255,  '2021-04-06 19:35:29',  '2021-04-06 19:35:29');

DROP TABLE IF EXISTS `employee_position`;
CREATE TABLE `employee_position` (
  `id` int(11) NOT NULL AUTO_INCREMENT,
  `employee_id` int(11) DEFAULT NULL,
  `position_id` int(11) DEFAULT NULL,
  `start_date` datetime DEFAULT NULL,
  `end_date` datetime DEFAULT NULL,
  `flag` tinyint(1) DEFAULT 1,
  PRIMARY KEY (`id`),
  KEY `employee_id` (`employee_id`),
  KEY `position_id` (`position_id`),
  CONSTRAINT `employee_position_ibfk_1` FOREIGN KEY (`employee_id`) REFERENCES `employee_pt` (`employee_id`),
  CONSTRAINT `employee_position_ibfk_2` FOREIGN KEY (`position_id`) REFERENCES `positions` (`id`)
) ENGINE=InnoDB DEFAULT CHARSET=utf8 COLLATE=utf8_unicode_ci;

INSERT INTO `employee_position` (`id`, `employee_id`, `position_id`, `start_date`, `end_date`, `flag`) VALUES
(2, 516,  5,  '2021-05-04 00:00:00',  NULL, 1),
(4, 17, 17, '2021-05-04 00:00:00',  NULL, 1),
(5, 225,  130,  '2021-05-04 00:00:00',  NULL, 1),
(6, 21, 49, '2021-05-04 00:00:00',  NULL, 1),
(7, 255,  129,  '2021-05-04 00:00:00',  NULL, 1),
(8, 448,  213,  '2021-05-04 00:00:00',  NULL, 1),
(9, 520,  1,  '2021-03-01 00:00:00',  NULL, 1),
(10,  363,  209,  '2021-05-23 00:00:00',  NULL, 1),
(11,  422,  48, '2021-05-23 00:00:00',  NULL, 1),
(12,  322,  128,  '2021-06-13 00:00:00',  NULL, 1),
(13,  254,  111,  '2021-06-13 00:00:00',  NULL, 1),
(14,  146,  96, '2021-06-13 00:00:00',  NULL, 1),
(15,  189,  210,  '2021-06-13 00:00:00',  NULL, 1),
(16,  474,  212,  '2021-06-24 00:00:00',  NULL, 1),
(17,  390,  43, '2021-07-30 00:00:00',  NULL, 1);

DROP TABLE IF EXISTS `employee_pt`;
CREATE TABLE `employee_pt` (
  `employee_id` int(11) NOT NULL,
  `user_id` int(11) DEFAULT NULL,
  `group_id` int(11) DEFAULT NULL,
  `join_date` date DEFAULT NULL,
  `nip` varchar(255) COLLATE utf8_unicode_ci DEFAULT NULL,
  `nidn` varchar(255) COLLATE utf8_unicode_ci DEFAULT NULL,
  `nitk` varchar(255) COLLATE utf8_unicode_ci DEFAULT NULL,
  `rfid` varchar(255) COLLATE utf8_unicode_ci DEFAULT '0',
  `fingerprint` varchar(255) COLLATE utf8_unicode_ci DEFAULT NULL,
  `facerec` varchar(255) COLLATE utf8_unicode_ci DEFAULT NULL,
  `status` int(11) DEFAULT 1,
  `work_agreement_status` varchar(255) COLLATE utf8_unicode_ci DEFAULT NULL,
  `functional_position_id` int(11) DEFAULT NULL,
  `extension` varchar(10) COLLATE utf8_unicode_ci DEFAULT NULL,
  `bracket` varchar(255) COLLATE utf8_unicode_ci DEFAULT NULL,
  `latest_education` varchar(255) COLLATE utf8_unicode_ci DEFAULT NULL,
  `created_by` int(11) DEFAULT NULL,
  `updated_by` int(11) DEFAULT NULL,
  `created_at` timestamp NOT NULL DEFAULT current_timestamp(),
  `updated_at` timestamp NOT NULL DEFAULT current_timestamp(),
  `position_id` int(11) NOT NULL,
  PRIMARY KEY (`employee_id`),
  UNIQUE KEY `nip` (`nip`),
  KEY `status` (`status`),
  KEY `user_id` (`user_id`),
  KEY `group_id` (`group_id`),
  KEY `created_by` (`created_by`),
  KEY `updated_by` (`updated_by`),
  KEY `functional_position_id` (`functional_position_id`),
  CONSTRAINT `employee_pt_ibfk_1` FOREIGN KEY (`status`) REFERENCES `employee_status` (`id`) ON UPDATE CASCADE,
  CONSTRAINT `employee_pt_ibfk_2` FOREIGN KEY (`user_id`) REFERENCES `users` (`id`) ON UPDATE CASCADE,
  CONSTRAINT `employee_pt_ibfk_3` FOREIGN KEY (`employee_id`) REFERENCES `employees` (`id`) ON UPDATE CASCADE,
  CONSTRAINT `employee_pt_ibfk_4` FOREIGN KEY (`group_id`) REFERENCES `user_group` (`id`) ON UPDATE CASCADE,
  CONSTRAINT `employee_pt_ibfk_5` FOREIGN KEY (`created_by`) REFERENCES `users` (`id`) ON UPDATE CASCADE,
  CONSTRAINT `employee_pt_ibfk_6` FOREIGN KEY (`updated_by`) REFERENCES `users` (`id`) ON UPDATE CASCADE,
  CONSTRAINT `employee_pt_ibfk_7` FOREIGN KEY (`functional_position_id`) REFERENCES `functional_position` (`id`)
) ENGINE=InnoDB DEFAULT CHARSET=utf8 COLLATE=utf8_unicode_ci;

INSERT INTO `employee_pt` (`employee_id`, `user_id`, `group_id`, `join_date`, `nip`, `nidn`, `nitk`, `rfid`, `fingerprint`, `facerec`, `status`, `work_agreement_status`, `functional_position_id`, `extension`, `bracket`, `latest_education`, `created_by`, `updated_by`, `created_at`, `updated_at`, `position_id`) VALUES
(1, 1,  2,  '2016-02-01', '116001', NULL, NULL, 'C405141B', NULL, NULL, 1,  NULL, NULL, NULL, NULL, NULL, 255,  255,  '2020-09-26 23:25:40',  '2021-04-07 09:49:44',  81),
(2, 2,  3,  '2016-02-01', '116002', NULL, NULL, 'C4F91B5B', NULL, NULL, 1,  NULL, NULL, NULL, NULL, NULL, 255,  255,  '2020-09-26 23:25:40',  '2021-04-07 09:49:44',  82),
(3, 3,  2,  '2016-02-01', '116003', NULL, NULL, 'C40B41DB', NULL, NULL, 1,  NULL, NULL, NULL, NULL, NULL, 255,  255,  '2020-09-26 23:25:40',  '2021-04-07 09:49:44',  83),
(4, 4,  2,  '2016-02-01', '707327', NULL, NULL, 'F075658C', NULL, NULL, 2,  NULL, NULL, NULL, NULL, NULL, 255,  255,  '2020-09-26 23:25:40',  '2021-04-07 09:49:44',  83),
(5, 5,  2,  '2016-02-01', '116004', NULL, NULL, '9DDF11DB', NULL, NULL, 1,  NULL, NULL, NULL, NULL, NULL, 255,  255,  '2020-09-26 23:25:40',  '2021-04-07 09:49:44',  84),
(6, 6,  2,  '2016-02-01', '116005', NULL, NULL, 'C4D4C18B', NULL, NULL, 2,  NULL, NULL, NULL, NULL, NULL, 255,  255,  '2020-09-26 23:25:40',  '2021-04-07 09:49:44',  85),
(7, 7,  2,  '2016-02-01', '116006', NULL, NULL, 'C40099AB', NULL, NULL, 1,  NULL, NULL, NULL, NULL, NULL, 255,  255,  '2020-09-26 23:25:40',  '2021-04-07 09:49:44',  101),
(8, 8,  2,  '2016-02-01', '116007', NULL, NULL, '9DD59D6B', NULL, NULL, 1,  NULL, NULL, NULL, NULL, NULL, 255,  255,  '2020-09-26 23:25:40',  '2021-04-07 09:49:44',  102),
(9, 9,  2,  '2016-02-01', '116008', NULL, NULL, 'C40817EB', NULL, NULL, 1,  NULL, NULL, NULL, NULL, NULL, 255,  255,  '2020-09-26 23:25:40',  '2021-04-07 09:49:44',  103),
(10,  10, 2,  '2016-02-01', '116009', NULL, NULL, '878083A0', NULL, NULL, 1,  NULL, 3,  NULL, NULL, NULL, 255,  255,  '2020-09-26 23:25:40',  '2021-04-07 09:49:44',  86),
(11,  11, 2,  '2016-02-01', '116010', NULL, NULL, '87883880', NULL, NULL, 1,  NULL, NULL, NULL, NULL, NULL, 255,  255,  '2020-09-26 23:25:40',  '2021-04-07 09:49:44',  86),
(12,  12, 2,  '2016-02-01', '116011', NULL, NULL, '1',  NULL, NULL, 1,  NULL, NULL, NULL, NULL, NULL, 255,  255,  '2020-09-26 23:25:40',  '2021-04-07 09:49:44',  96),
(13,  13, 2,  '2016-02-01', '116012', NULL, NULL, '878554F0', NULL, NULL, 1,  NULL, NULL, NULL, NULL, NULL, 255,  255,  '2020-09-26 23:25:40',  '2021-04-07 09:49:44',  86),
(14,  14, 2,  '2016-02-01', '116013', NULL, NULL, '87882550', NULL, NULL, 1,  NULL, NULL, NULL, NULL, NULL, 255,  255,  '2020-09-26 23:25:40',  '2021-04-07 09:49:44',  86),
(15,  15, 2,  '2016-02-01', '116014', NULL, NULL, '87802D40', NULL, NULL, 1,  NULL, NULL, NULL, NULL, NULL, 255,  255,  '2020-09-26 23:25:40',  '2021-04-07 09:49:44',  86),
(16,  16, 2,  '2016-02-01', '116015', NULL, NULL, '877D9C30', NULL, NULL, 1,  NULL, NULL, NULL, NULL, NULL, 255,  255,  '2020-09-26 23:25:40',  '2021-04-07 09:49:44',  87),
(17,  17, 2,  '2016-02-01', '116016', NULL, NULL, 'CE126E2A', NULL, NULL, 1,  'PKWTT',  NULL, '5104', NULL, NULL, 255,  255,  '2020-09-26 23:25:40',  '2021-04-07 09:49:44',  87),
(18,  18, 2,  '2016-02-01', '116017', NULL, NULL, '3D5C7930', NULL, NULL, 2,  NULL, NULL, NULL, NULL, NULL, 255,  255,  '2020-09-26 23:25:40',  '2021-04-07 09:49:44',  87),
(19,  19, 2,  '2016-02-01', '116018', NULL, NULL, '877D3F60', NULL, NULL, 2,  NULL, NULL, NULL, NULL, NULL, 255,  255,  '2020-09-26 23:25:40',  '2021-04-07 09:49:44',  87),
(20,  20, 2,  '2016-02-01', '116019', NULL, NULL, '878129F0', NULL, NULL, 1,  NULL, NULL, NULL, NULL, NULL, 255,  255,  '2020-09-26 23:25:40',  '2021-04-07 09:49:44',  87),
(21,  21, 2,  '2016-02-01', '116020', NULL, NULL, '3D51B800', NULL, NULL, 1,  NULL, 2,  '5106', NULL, NULL, 255,  255,  '2020-09-26 23:25:40',  '2021-04-07 09:49:44',  87),
(22,  22, 2,  '2016-02-01', '116021', NULL, NULL, '878698B0', NULL, NULL, 1,  NULL, NULL, NULL, NULL, NULL, 255,  255,  '2020-09-26 23:25:40',  '2021-04-07 09:49:44',  88),
(23,  23, 2,  '2016-02-01', '116022', NULL, NULL, 'C4F69CDB', NULL, NULL, 1,  NULL, NULL, NULL, NULL, NULL, 255,  255,  '2020-09-26 23:25:40',  '2021-04-07 09:49:44',  88),
(24,  24, 2,  '2016-02-01', '116023', NULL, NULL, '8786FC30', NULL, NULL, 2,  NULL, NULL, NULL, NULL, NULL, 255,  255,  '2020-09-26 23:25:40',  '2021-04-07 09:49:44',  88),
(25,  25, 2,  '2016-02-01', '116024', NULL, NULL, '8780BD90', NULL, NULL, 1,  NULL, NULL, NULL, NULL, NULL, 255,  255,  '2020-09-26 23:25:40',  '2021-04-07 09:49:44',  88),
(26,  26, 2,  '2016-02-01', '116025', NULL, NULL, '1',  NULL, NULL, 1,  NULL, NULL, NULL, NULL, NULL, 255,  255,  '2020-09-26 23:25:40',  '2021-04-07 09:49:44',  88),
(27,  27, 2,  '2016-02-01', '116026', NULL, NULL, '87801810', NULL, NULL, 1,  NULL, 2,  NULL, NULL, NULL, 255,  255,  '2020-09-26 23:25:40',  '2021-04-07 09:49:44',  89),
(28,  28, 2,  '2016-02-01', '116027', NULL, NULL, '8780EFB0', NULL, NULL, 1,  NULL, NULL, NULL, NULL, NULL, 255,  255,  '2020-09-26 23:25:40',  '2021-04-07 09:49:44',  89),
(29,  29, 2,  '2016-02-01', '116028', NULL, NULL, '87874290', NULL, NULL, 1,  NULL, NULL, NULL, NULL, NULL, 255,  255,  '2020-09-26 23:25:40',  '2021-04-07 09:49:44',  89),
(30,  30, 2,  '2016-02-01', '116029', NULL, NULL, '877D2B30', NULL, NULL, 1,  NULL, NULL, NULL, NULL, NULL, 255,  255,  '2020-09-26 23:25:40',  '2021-04-07 09:49:44',  89),
(31,  31, 2,  '2016-02-01', '116030', NULL, NULL, '877E5FF0', NULL, NULL, 1,  NULL, 3,  NULL, NULL, NULL, 255,  255,  '2020-09-26 23:25:40',  '2021-04-07 09:49:44',  89),
(32,  32, 2,  '2016-02-01', '116031', NULL, NULL, '87813D00', NULL, NULL, 1,  NULL, 2,  NULL, NULL, NULL, 255,  255,  '2020-09-26 23:25:40',  '2021-04-07 09:49:44',  89),
(33,  33, 2,  '2016-02-01', '116032', NULL, NULL, '87842320', NULL, NULL, 1,  NULL, NULL, NULL, NULL, NULL, 255,  255,  '2020-09-26 23:25:40',  '2021-04-07 09:49:44',  90),
(34,  34, 2,  '2016-02-01', '116033', NULL, NULL, '877F57C0', NULL, NULL, 1,  NULL, 2,  NULL, NULL, NULL, 255,  323,  '2020-09-26 23:25:40',  '2021-04-07 09:49:44',  110),
(35,  35, 2,  '2016-02-01', '116034', NULL, NULL, '878824A0', NULL, NULL, 1,  NULL, NULL, NULL, NULL, NULL, 255,  255,  '2020-09-26 23:25:40',  '2021-04-07 09:49:44',  90),
(36,  36, 2,  '2016-02-01', '116035', NULL, NULL, '877C09B0', NULL, NULL, 1,  NULL, 2,  NULL, NULL, NULL, 255,  323,  '2020-09-26 23:25:40',  '2021-04-07 09:49:44',  183),
(37,  37, 2,  '2016-02-01', '116036', NULL, NULL, '8,7885E+94', NULL, NULL, 1,  NULL, 2,  NULL, NULL, NULL, 255,  255,  '2020-09-26 23:25:40',  '2021-04-07 09:49:44',  90),
(38,  38, 2,  '2016-02-01', '116037', NULL, NULL, '1',  NULL, NULL, 2,  NULL, NULL, NULL, NULL, NULL, 255,  255,  '2020-09-26 23:25:40',  '2021-04-07 09:49:44',  91),
(39,  39, 2,  '2016-02-01', '116038', NULL, NULL, '8787FBD0', NULL, NULL, 1,  NULL, 3,  NULL, NULL, NULL, 255,  255,  '2020-09-26 23:25:40',  '2021-04-07 09:49:44',  91),
(40,  40, 2,  '2016-02-01', '116039', NULL, NULL, '1',  NULL, NULL, 2,  NULL, NULL, NULL, NULL, NULL, 255,  255,  '2020-09-26 23:25:40',  '2021-04-07 09:49:44',  91),
(41,  41, 2,  '2016-02-01', '116040', NULL, NULL, 'C4FB0BDB', NULL, NULL, 1,  NULL, 2,  NULL, NULL, NULL, 255,  255,  '2020-09-26 23:25:40',  '2021-04-07 09:49:44',  91),
(42,  42, 2,  '2016-02-01', '116041', NULL, NULL, '877E00A0', NULL, NULL, 2,  NULL, NULL, NULL, NULL, NULL, 255,  255,  '2020-09-26 23:25:40',  '2021-04-07 09:49:44',  91),
(43,  43, 2,  '2016-02-01', '116042', NULL, NULL, '8,788E+84',  NULL, NULL, 2,  NULL, NULL, NULL, NULL, NULL, 255,  255,  '2020-09-26 23:25:40',  '2021-04-07 09:49:44',  1),
(44,  44, 2,  '2016-02-01', '116043', NULL, NULL, 'C4FAE97B', NULL, NULL, 1,  NULL, 3,  NULL, NULL, NULL, 255,  255,  '2020-09-26 23:25:40',  '2021-04-07 09:49:44',  92),
(45,  45, 2,  '2016-02-01', '116044', NULL, NULL, '877D9C10', NULL, NULL, 1,  NULL, NULL, NULL, NULL, NULL, 255,  255,  '2020-09-26 23:25:40',  '2021-04-07 09:49:44',  92),
(46,  46, 2,  '2016-02-01', '116045', NULL, NULL, '1',  NULL, NULL, 2,  NULL, NULL, NULL, NULL, NULL, 255,  255,  '2020-09-26 23:25:40',  '2021-04-07 09:49:44',  92),
(47,  47, 2,  '2016-02-01', '116046', NULL, NULL, '87863B10', NULL, NULL, 2,  NULL, NULL, NULL, NULL, NULL, 255,  255,  '2020-09-26 23:25:40',  '2021-04-07 09:49:44',  92),
(48,  48, 2,  '2016-02-01', '116047', NULL, NULL, '1',  NULL, NULL, 1,  NULL, NULL, NULL, NULL, NULL, 255,  255,  '2020-09-26 23:25:40',  '2021-04-07 09:49:44',  99),
(49,  49, 2,  '2016-02-01', '116048', NULL, NULL, '87869910', NULL, NULL, 1,  NULL, 2,  NULL, NULL, NULL, 255,  255,  '2020-09-26 23:25:40',  '2021-04-07 09:49:44',  92),
(50,  50, 2,  '2016-02-01', '116049', NULL, NULL, '87878F00', NULL, NULL, 1,  NULL, NULL, NULL, NULL, NULL, 255,  255,  '2020-09-26 23:25:40',  '2021-04-07 09:49:44',  93),
(51,  51, 2,  '2016-02-01', '116050', NULL, NULL, '8785E9C0', NULL, NULL, 1,  NULL, NULL, NULL, NULL, NULL, 255,  255,  '2020-09-26 23:25:40',  '2021-04-07 09:49:44',  93),
(52,  52, 2,  '2016-02-01', '116051', NULL, NULL, '87877C40', NULL, NULL, 2,  NULL, NULL, NULL, NULL, NULL, 255,  255,  '2020-09-26 23:25:40',  '2021-04-07 09:49:44',  93),
(53,  53, 2,  '2016-02-01', '116052', NULL, NULL, '3D5095F0', NULL, NULL, 1,  NULL, 3,  NULL, NULL, NULL, 255,  255,  '2020-09-26 23:25:40',  '2021-04-07 09:49:44',  93),
(54,  54, 2,  '2016-02-01', '116053', NULL, NULL, '877CA3F0', NULL, NULL, 1,  NULL, 3,  NULL, NULL, NULL, 255,  255,  '2020-09-26 23:25:40',  '2021-04-07 09:49:44',  93),
(55,  55, 2,  '2016-02-01', '116054', NULL, NULL, 'C40060EB', NULL, NULL, 1,  NULL, 2,  NULL, NULL, NULL, 255,  255,  '2020-09-26 23:25:40',  '2021-04-07 09:49:44',  94),
(56,  56, 2,  '2016-02-01', '116055', NULL, NULL, '8780FB10', NULL, NULL, 1,  NULL, NULL, NULL, NULL, NULL, 255,  255,  '2020-09-26 23:25:40',  '2021-04-07 09:49:44',  94),
(57,  57, 2,  '2016-02-01', '116056', NULL, NULL, '87804300', NULL, NULL, 1,  NULL, 2,  NULL, NULL, NULL, 255,  255,  '2020-09-26 23:25:40',  '2021-04-07 09:49:44',  94),
(58,  58, 2,  '2016-02-01', '116057', NULL, NULL, '87869800', NULL, NULL, 1,  NULL, 2,  NULL, NULL, NULL, 255,  255,  '2020-09-26 23:25:40',  '2021-04-07 09:49:44',  94),
(59,  59, 2,  '2016-02-01', '116058', NULL, NULL, '878825C0', NULL, NULL, 2,  NULL, NULL, NULL, NULL, NULL, 255,  255,  '2020-09-26 23:25:40',  '2021-04-07 09:49:44',  94),
(60,  60, 2,  '2016-02-01', '116059', NULL, NULL, '877C5080', NULL, NULL, 1,  NULL, 3,  NULL, NULL, NULL, 255,  255,  '2020-09-26 23:25:40',  '2021-04-07 09:49:44',  94),
(61,  61, 2,  '2016-02-01', '116060', NULL, NULL, '87802FA0', NULL, NULL, 1,  NULL, NULL, NULL, NULL, NULL, 255,  255,  '2020-09-26 23:25:40',  '2021-04-07 09:49:44',  95),
(62,  62, 2,  '2016-02-01', '116061', NULL, NULL, '8786FC50', NULL, NULL, 1,  NULL, 2,  NULL, NULL, NULL, 255,  255,  '2020-09-26 23:25:40',  '2021-04-07 09:49:44',  95),
(63,  63, 2,  '2016-02-01', '116062', NULL, NULL, '877E7A80', NULL, NULL, 1,  NULL, 2,  NULL, NULL, NULL, 255,  255,  '2020-09-26 23:25:40',  '2021-04-07 09:49:44',  95),
(64,  64, 2,  '2016-02-01', '116063', NULL, NULL, '877EE160', NULL, NULL, 1,  NULL, NULL, NULL, NULL, NULL, 255,  255,  '2020-09-26 23:25:40',  '2021-04-07 09:49:44',  95),
(65,  65, 2,  '2016-02-01', '116064', NULL, NULL, '87865880', NULL, NULL, 2,  NULL, NULL, NULL, NULL, NULL, 255,  255,  '2020-09-26 23:25:40',  '2021-04-07 09:49:44',  95),
(66,  66, 2,  '2016-02-01', '116065', NULL, NULL, '877E8D30', NULL, NULL, 1,  NULL, 2,  NULL, NULL, NULL, 255,  255,  '2020-09-26 23:25:40',  '2021-04-07 09:49:44',  95),
(67,  67, 2,  '2016-02-01', '116066', NULL, NULL, '8780FAC0', NULL, NULL, 1,  NULL, NULL, NULL, NULL, NULL, 255,  255,  '2020-09-26 23:25:40',  '2021-04-07 09:49:44',  96),
(68,  68, 2,  '2016-02-01', '116067', NULL, NULL, '87819A80', NULL, NULL, 1,  NULL, 2,  NULL, NULL, NULL, 255,  255,  '2020-09-26 23:25:40',  '2021-04-07 09:49:44',  96),
(69,  69, 2,  '2016-02-01', '116068', NULL, NULL, '877CA410', NULL, NULL, 1,  NULL, NULL, NULL, NULL, NULL, 255,  255,  '2020-09-26 23:25:40',  '2021-04-07 09:49:44',  96),
(70,  70, 2,  '2016-02-01', '116069', NULL, NULL, '3D504CE0', NULL, NULL, 1,  NULL, NULL, NULL, NULL, NULL, 255,  255,  '2020-09-26 23:25:40',  '2021-04-07 09:49:44',  96),
(71,  71, 2,  '2016-02-01', '116070', NULL, NULL, '8785EA70', NULL, NULL, 1,  NULL, NULL, NULL, NULL, NULL, 255,  255,  '2020-09-26 23:25:40',  '2021-04-07 09:49:44',  96),
(72,  72, 2,  '2016-02-01', '116071', NULL, NULL, '877D8930', NULL, NULL, 1,  NULL, NULL, NULL, NULL, NULL, 255,  255,  '2020-09-26 23:25:40',  '2021-04-07 09:49:44',  96),
(73,  73, 2,  '2016-02-01', '116072', NULL, NULL, '87800',  NULL, NULL, 1,  NULL, 2,  NULL, NULL, NULL, 255,  255,  '2020-09-26 23:25:40',  '2021-04-07 09:49:44',  97),
(74,  74, 2,  '2016-02-01', '116073', NULL, NULL, '87880EA0', NULL, NULL, 1,  NULL, 2,  NULL, NULL, NULL, 255,  255,  '2020-09-26 23:25:40',  '2021-04-07 09:49:44',  97),
(75,  75, 2,  '2016-02-01', '116074', NULL, NULL, '8,781E+27',  NULL, NULL, 2,  NULL, NULL, NULL, NULL, NULL, 255,  255,  '2020-09-26 23:25:40',  '2021-04-07 09:49:44',  97),
(76,  76, 2,  '2016-02-01', '116075', NULL, NULL, '877D11E0', NULL, NULL, 2,  NULL, NULL, NULL, NULL, NULL, 255,  255,  '2020-09-26 23:25:40',  '2021-04-07 09:49:44',  97),
(77,  77, 2,  '2016-02-01', '116076', NULL, NULL, '87802CD0', NULL, NULL, 1,  NULL, 2,  NULL, NULL, NULL, 255,  255,  '2020-09-26 23:25:40',  '2021-04-07 09:49:44',  97),
(78,  78, 2,  '2016-02-01', '116077', NULL, NULL, '877D88D0', NULL, NULL, 1,  NULL, 2,  NULL, NULL, NULL, 255,  255,  '2020-09-26 23:25:40',  '2021-04-07 09:49:44',  97),
(79,  79, 2,  '2016-02-01', '116078', NULL, NULL, '1',  NULL, NULL, 2,  NULL, NULL, NULL, NULL, NULL, 255,  255,  '2020-09-26 23:25:40',  '2021-04-07 09:49:44',  1),
(80,  80, 2,  '2016-02-01', '116079', NULL, NULL, '877D4140', NULL, NULL, 1,  NULL, NULL, NULL, NULL, NULL, 255,  255,  '2020-09-26 23:25:40',  '2021-04-07 09:49:44',  98),
(81,  81, 2,  '2016-02-01', '116080', NULL, NULL, '877C90E0', NULL, NULL, 1,  NULL, 2,  NULL, NULL, NULL, 255,  255,  '2020-09-26 23:25:40',  '2021-04-07 09:49:44',  98),
(82,  82, 2,  '2016-02-01', '116081', NULL, NULL, '87869810', NULL, NULL, 1,  NULL, 2,  NULL, NULL, NULL, 255,  255,  '2020-09-26 23:25:40',  '2021-04-07 09:49:44',  98),
(83,  83, 2,  '2016-02-01', '116082', NULL, NULL, '8780BC90', NULL, NULL, 1,  NULL, 2,  NULL, NULL, NULL, 255,  255,  '2020-09-26 23:25:40',  '2021-04-07 09:49:44',  99),
(84,  84, 2,  '2016-02-01', '116083', NULL, NULL, 'C5248FEB', NULL, NULL, 1,  NULL, 2,  NULL, NULL, NULL, 255,  255,  '2020-09-26 23:25:40',  '2021-04-07 09:49:44',  99),
(85,  85, 2,  '2016-02-01', '116084', NULL, NULL, '87878F80', NULL, NULL, 1,  NULL, 2,  NULL, NULL, NULL, 255,  255,  '2020-09-26 23:25:40',  '2021-04-07 09:49:44',  99),
(86,  86, 2,  '2016-02-01', '116085', NULL, NULL, '878672B0', NULL, NULL, 1,  NULL, 2,  NULL, NULL, NULL, 255,  255,  '2020-09-26 23:25:40',  '2021-04-07 09:49:44',  99),
(87,  87, 2,  '2016-02-01', '116086', NULL, NULL, '8780BBD0', NULL, NULL, 1,  NULL, NULL, NULL, NULL, NULL, 255,  255,  '2020-09-26 23:25:40',  '2021-04-07 09:49:44',  99),
(88,  88, 2,  '2016-02-01', '116087', NULL, NULL, '8780AA30', NULL, NULL, 1,  NULL, 3,  NULL, NULL, NULL, 255,  255,  '2020-09-26 23:25:40',  '2021-04-07 09:49:44',  99),
(89,  89, 2,  '2016-02-01', '116088', NULL, NULL, '87808370', NULL, NULL, 2,  NULL, NULL, NULL, NULL, NULL, 255,  255,  '2020-09-26 23:25:40',  '2021-04-07 09:49:44',  100),
(90,  90, 2,  '2016-02-01', '116089', NULL, NULL, '878041B0', NULL, NULL, 1,  NULL, NULL, NULL, NULL, NULL, 255,  255,  '2020-09-26 23:25:40',  '2021-04-07 09:49:44',  100),
(91,  91, 2,  '2016-02-01', '116090', NULL, NULL, '878042F0', NULL, NULL, 1,  NULL, NULL, NULL, NULL, NULL, 255,  255,  '2020-09-26 23:25:40',  '2021-04-07 09:49:44',  100),
(92,  92, 2,  '2016-02-01', '116091', NULL, NULL, '877C1CD0', NULL, NULL, 1,  NULL, 2,  NULL, NULL, NULL, 255,  255,  '2020-09-26 23:25:40',  '2021-04-07 09:49:44',  100),
(93,  93, 2,  '2016-02-01', '116092', NULL, NULL, '87807A50', NULL, NULL, 1,  NULL, 2,  NULL, NULL, NULL, 255,  255,  '2020-09-26 23:25:40',  '2021-04-07 09:49:44',  100),
(94,  94, 2,  '2016-02-01', '116093', NULL, NULL, '87804110', NULL, NULL, 1,  NULL, NULL, NULL, NULL, NULL, 255,  255,  '2020-09-26 23:25:40',  '2021-04-07 09:49:44',  94),
(95,  95, 2,  '2016-02-01', '116094', NULL, NULL, '1',  NULL, NULL, 2,  NULL, NULL, NULL, NULL, NULL, 255,  255,  '2020-09-26 23:25:40',  '2021-04-07 09:49:44',  1),
(96,  96, 2,  '2016-02-01', '116095', NULL, NULL, 'CF4A99DA', NULL, NULL, 1,  NULL, NULL, NULL, NULL, NULL, 255,  255,  '2020-09-26 23:25:40',  '2021-04-07 09:49:44',  104),
(97,  97, 2,  '2016-02-01', '116096', NULL, NULL, '1',  NULL, NULL, 2,  NULL, NULL, NULL, NULL, NULL, 255,  255,  '2020-09-26 23:25:40',  '2021-04-07 09:49:44',  1),
(98,  98, 2,  '2016-02-01', '116097', NULL, NULL, '87802D80', NULL, NULL, 1,  NULL, NULL, NULL, NULL, NULL, 255,  255,  '2020-09-26 23:25:40',  '2021-04-07 09:49:44',  86),
(99,  99, 2,  '2016-02-01', '116098', NULL, NULL, '877E6070', NULL, NULL, 1,  NULL, NULL, NULL, NULL, NULL, 255,  255,  '2020-09-26 23:25:40',  '2021-04-07 09:49:44',  86),
(100, 100,  2,  '2016-02-01', '116099', NULL, NULL, '8786E1B0', NULL, NULL, 1,  NULL, 3,  NULL, NULL, NULL, 255,  255,  '2020-09-26 23:25:40',  '2021-04-07 09:49:44',  96),
(101, 101,  2,  '2016-02-01', '116100', NULL, NULL, '877C1D30', NULL, NULL, 1,  NULL, NULL, NULL, NULL, NULL, 255,  255,  '2020-09-26 23:25:40',  '2021-04-07 09:49:44',  89),
(102, 102,  2,  '2016-02-01', '116101', NULL, NULL, '87872EB0', NULL, NULL, 1,  NULL, 3,  NULL, NULL, NULL, 255,  255,  '2020-09-26 23:25:40',  '2021-04-07 09:49:44',  91),
(103, 103,  2,  '2016-02-01', '116102', NULL, NULL, '877D88F0', NULL, NULL, 1,  NULL, 3,  NULL, NULL, NULL, 255,  255,  '2020-09-26 23:25:40',  '2021-04-07 09:49:44',  92),
(104, 104,  2,  '2016-02-01', '116103', NULL, NULL, '8,781E+44',  NULL, NULL, 1,  NULL, 2,  NULL, NULL, NULL, 255,  255,  '2020-09-26 23:25:40',  '2021-04-07 09:49:44',  92),
(105, 105,  2,  '2016-02-01', '116104', NULL, NULL, 'C4F6856B', NULL, NULL, 1,  NULL, NULL, NULL, NULL, NULL, 255,  255,  '2020-09-26 23:25:40',  '2021-04-07 09:49:44',  93),
(106, 106,  2,  '2016-02-01', '116105', NULL, NULL, '877D17F0', NULL, NULL, 2,  NULL, NULL, NULL, NULL, NULL, 255,  255,  '2020-09-26 23:25:40',  '2021-04-07 09:49:44',  1),
(107, 107,  2,  '2016-02-01', '116106', NULL, NULL, '8785D660', NULL, NULL, 1,  NULL, 3,  NULL, NULL, NULL, 255,  255,  '2020-09-26 23:25:40',  '2021-04-07 09:49:44',  97),
(108, 108,  2,  '2016-02-01', '116107', NULL, NULL, '87864F10', NULL, NULL, 2,  NULL, NULL, NULL, NULL, NULL, 255,  255,  '2020-09-26 23:25:40',  '2021-04-07 09:49:44',  1),
(109, 109,  2,  '2016-02-01', '116108', NULL, NULL, '877D65E0', NULL, NULL, 1,  NULL, NULL, NULL, NULL, NULL, 255,  255,  '2020-09-26 23:25:40',  '2021-04-07 09:49:44',  87),
(110, 110,  2,  '2016-02-01', '116109', NULL, NULL, '3D5862F0', NULL, NULL, 1,  NULL, NULL, NULL, NULL, NULL, 255,  255,  '2020-09-26 23:25:40',  '2021-04-07 09:49:44',  87),
(111, 111,  2,  '2016-02-01', '116110', NULL, NULL, 'C4FB438B', NULL, NULL, 1,  NULL, 2,  NULL, NULL, NULL, 255,  255,  '2020-09-26 23:25:40',  '2021-04-07 09:49:44',  90),
(112, 112,  2,  '2016-02-01', '116111', NULL, NULL, '3D506620', NULL, NULL, 1,  NULL, 3,  NULL, NULL, NULL, 255,  255,  '2020-09-26 23:25:40',  '2021-04-07 09:49:44',  90),
(113, 113,  2,  '2016-02-01', '116112', NULL, NULL, '3D526910', NULL, NULL, 1,  NULL, 3,  NULL, NULL, NULL, 255,  255,  '2020-09-26 23:25:40',  '2021-04-07 09:49:44',  95),
(114, 114,  2,  '2016-02-01', '116113', NULL, NULL, '3D50D6D0', NULL, NULL, 1,  NULL, 3,  NULL, NULL, NULL, 255,  255,  '2020-09-26 23:25:40',  '2021-04-07 09:49:44',  93),
(115, 115,  2,  '2016-02-01', '116114', NULL, NULL, '3D51B810', NULL, NULL, 2,  NULL, NULL, NULL, NULL, NULL, 255,  255,  '2020-09-26 23:25:40',  '2021-04-07 09:49:44',  98),
(116, 116,  2,  '2016-02-01', '116115', NULL, NULL, '8,781E+64',  NULL, NULL, 1,  NULL, NULL, NULL, NULL, NULL, 255,  255,  '2020-09-26 23:25:40',  '2021-04-07 09:49:44',  88),
(117, 117,  2,  '2016-02-01', '116116', NULL, NULL, '877D0460', NULL, NULL, 1,  NULL, 3,  NULL, NULL, NULL, 255,  255,  '2020-09-26 23:25:40',  '2021-04-07 09:49:44',  96),
(118, 118,  2,  '2016-02-01', '116117', NULL, NULL, '3D59DBF0', NULL, NULL, 1,  NULL, 3,  NULL, NULL, NULL, 255,  255,  '2020-09-26 23:25:40',  '2021-04-07 09:49:44',  100),
(119, 119,  2,  '2016-02-01', '116118', NULL, NULL, '3D554F70', NULL, NULL, 2,  NULL, NULL, NULL, NULL, NULL, 255,  255,  '2020-09-26 23:25:40',  '2021-04-07 09:49:44',  1),
(120, 120,  2,  '2016-02-01', '116119', NULL, NULL, 'C4FBCEEB', NULL, NULL, 1,  NULL, NULL, NULL, NULL, NULL, 255,  255,  '2020-09-26 23:25:40',  '2021-04-07 09:49:44',  97),
(121, 121,  2,  '2016-02-01', '116120', NULL, NULL, '3D525EA0', NULL, NULL, 1,  NULL, NULL, NULL, NULL, NULL, 255,  255,  '2020-09-26 23:25:40',  '2021-04-07 09:49:44',  98),
(122, 122,  2,  '2016-02-01', '116121', NULL, NULL, '3D54DE80', NULL, NULL, 2,  NULL, NULL, NULL, NULL, NULL, 255,  255,  '2020-09-26 23:25:40',  '2021-04-07 09:49:44',  1),
(123, 123,  2,  '2016-02-01', '116122', NULL, NULL, 'C4FA152B', NULL, NULL, 1,  NULL, NULL, NULL, NULL, NULL, 255,  255,  '2020-09-26 23:25:40',  '2021-04-07 09:49:44',  99),
(124, 124,  2,  '2016-02-01', '116123', NULL, NULL, '3D570240', NULL, NULL, 1,  NULL, 3,  NULL, NULL, NULL, 255,  255,  '2020-09-26 23:25:40',  '2021-04-07 09:49:44',  100),
(125, 125,  2,  '2016-02-01', '116124', NULL, NULL, '3D5A0BA0', NULL, NULL, 1,  NULL, 3,  NULL, NULL, NULL, 255,  255,  '2020-09-26 23:25:40',  '2021-04-07 09:49:44',  98),
(126, 126,  2,  '2016-02-01', '116126', NULL, NULL, '3D5A0740', NULL, NULL, 1,  NULL, 3,  NULL, NULL, NULL, 255,  255,  '2020-09-26 23:25:40',  '2021-04-07 09:49:44',  89),
(127, 127,  2,  '2016-02-01', '116127', NULL, NULL, '435397FB', NULL, NULL, 1,  NULL, NULL, NULL, NULL, NULL, 255,  255,  '2020-09-26 23:25:40',  '2021-04-07 09:49:44',  100),
(128, 128,  2,  '2016-02-01', '116128', NULL, NULL, '3D51C180', NULL, NULL, 1,  NULL, 3,  NULL, NULL, NULL, 255,  255,  '2020-09-26 23:25:40',  '2021-04-07 09:49:44',  95),
(129, 129,  2,  '2016-02-01', '116129', NULL, NULL, '3D520FA0', NULL, NULL, 1,  NULL, 3,  NULL, NULL, NULL, 255,  255,  '2020-09-26 23:25:40',  '2021-04-07 09:49:44',  86),
(130, 130,  2,  '2016-02-01', '116130', NULL, NULL, '3D57CE60', NULL, NULL, 1,  NULL, 3,  NULL, NULL, NULL, 255,  255,  '2020-09-26 23:25:40',  '2021-04-07 09:49:44',  87),
(131, 131,  2,  '2016-02-01', '116131', NULL, NULL, '3D5A0EC0', NULL, NULL, 1,  NULL, NULL, NULL, NULL, NULL, 255,  255,  '2020-09-26 23:25:40',  '2021-04-07 09:49:44',  86),
(132, 132,  2,  '2016-02-01', '116132', NULL, NULL, '3D528450', NULL, NULL, 1,  NULL, 3,  NULL, NULL, NULL, 255,  255,  '2020-09-26 23:25:40',  '2021-04-07 09:49:44',  89),
(133, 133,  2,  '2016-02-01', '116133', NULL, NULL, '3D51EC00', NULL, NULL, 1,  NULL, NULL, NULL, NULL, NULL, 255,  255,  '2020-09-26 23:25:40',  '2021-04-07 09:49:44',  86),
(134, 134,  2,  '2016-02-01', '116135', NULL, NULL, '3D5879E0', NULL, NULL, 2,  NULL, NULL, NULL, NULL, NULL, 255,  255,  '2020-09-26 23:25:40',  '2021-04-07 09:49:44',  1),
(135, 135,  2,  '2016-02-01', '116136', NULL, NULL, '3D597220', NULL, NULL, 1,  NULL, 3,  NULL, NULL, NULL, 255,  255,  '2020-09-26 23:25:40',  '2021-04-07 09:49:44',  88),
(136, 136,  1,  '2016-02-01', '216001', NULL, NULL, '87859FC0', NULL, NULL, 1,  NULL, NULL, NULL, NULL, NULL, 255,  255,  '2020-09-26 23:25:40',  '2021-04-07 09:49:44',  40),
(137, 137,  1,  '2016-02-01', '216002', NULL, NULL, 'C4F8724B', NULL, NULL, 1,  NULL, NULL, NULL, NULL, NULL, 255,  255,  '2020-09-26 23:25:40',  '2021-04-07 09:49:44',  51),
(138, 138,  1,  '2016-02-01', '216003', NULL, NULL, '3D51E7B0', NULL, NULL, 1,  NULL, NULL, NULL, NULL, NULL, 255,  255,  '2020-09-26 23:25:40',  '2021-04-07 09:49:44',  42),
(139, 139,  1,  '2016-02-01', '216004', NULL, NULL, 'CE918E1A', NULL, NULL, 2,  NULL, NULL, NULL, NULL, NULL, 255,  255,  '2020-09-26 23:25:40',  '2021-04-07 09:49:44',  43),
(140, 140,  1,  '2016-02-01', '216005', NULL, NULL, '3D5A1B40', NULL, NULL, 1,  NULL, NULL, NULL, NULL, NULL, 255,  255,  '2020-09-26 23:25:40',  '2021-04-07 09:49:44',  44),
(141, 141,  1,  '2016-02-01', '216006', NULL, NULL, '87805520', NULL, NULL, 1,  NULL, NULL, NULL, NULL, NULL, 255,  255,  '2020-09-26 23:25:40',  '2021-04-07 09:49:44',  31),
(142, 142,  1,  '2016-02-01', '216007', NULL, NULL, '87883780', NULL, NULL, 1,  NULL, NULL, NULL, NULL, NULL, 255,  255,  '2020-09-26 23:25:40',  '2021-04-07 09:49:44',  63),
(143, 143,  1,  '2016-02-01', '216008', NULL, NULL, '1',  NULL, NULL, 2,  NULL, NULL, NULL, NULL, NULL, 255,  255,  '2020-09-26 23:25:40',  '2021-04-07 09:49:44',  1),
(144, 144,  1,  '2016-02-01', '216009', NULL, '7700011613', '8787FBC0', NULL, NULL, 1,  NULL, NULL, NULL, NULL, NULL, 255,  255,  '2020-09-26 23:25:40',  '2021-04-07 09:49:44',  134),
(145, 145,  1,  '2016-02-01', '216010', NULL, NULL, '878658', NULL, NULL, 2,  NULL, NULL, NULL, NULL, NULL, 255,  255,  '2020-09-26 23:25:40',  '2021-04-07 09:49:44',  1),
(146, 146,  1,  '2016-02-01', '216011', NULL, NULL, '877C90A0', NULL, NULL, 1,  NULL, NULL, NULL, NULL, NULL, 255,  255,  '2020-09-26 23:25:40',  '2021-04-07 09:49:44',  135),
(147, 147,  1,  '2016-02-01', '216012', NULL, NULL, '87872F50', NULL, NULL, 2,  NULL, NULL, NULL, NULL, NULL, 255,  255,  '2020-09-26 23:25:40',  '2021-04-07 09:49:44',  1),
(148, 148,  1,  '2016-02-01', '216013', NULL, NULL, '39030923', NULL, NULL, 1,  NULL, NULL, NULL, NULL, NULL, 255,  255,  '2020-09-26 23:25:40',  '2021-04-07 09:49:44',  145),
(149, 149,  1,  '2016-02-01', '216014', NULL, NULL, 'C4D8B0CB', NULL, NULL, 1,  NULL, NULL, NULL, NULL, NULL, 255,  255,  '2020-09-26 23:25:40',  '2021-04-07 09:49:44',  144),
(150, 150,  1,  '2016-02-01', '216015', NULL, NULL, '87872F30', NULL, NULL, 2,  NULL, NULL, NULL, NULL, NULL, 255,  255,  '2020-09-26 23:25:40',  '2021-04-07 09:49:44',  1),
(151, 151,  1,  '2016-02-01', '216016', NULL, NULL, '8785C270', NULL, NULL, 2,  NULL, NULL, NULL, NULL, NULL, 255,  255,  '2020-09-26 23:25:40',  '2021-04-07 09:49:44',  3),
(152, 152,  1,  '2016-02-01', '216017', NULL, '7700012320', '8786ADD0', NULL, NULL, 1,  NULL, NULL, NULL, NULL, NULL, 255,  255,  '2020-09-26 23:25:40',  '2021-04-07 09:49:44',  1),
(153, 153,  1,  '2016-02-01', '216018', NULL, '7700013210', '87866230', NULL, NULL, 1,  NULL, NULL, NULL, NULL, NULL, 255,  255,  '2020-09-26 23:25:40',  '2021-04-07 09:49:44',  10),
(154, 154,  1,  '2016-02-01', '216019', NULL, NULL, '11', NULL, NULL, 2,  NULL, NULL, NULL, NULL, NULL, 255,  255,  '2020-09-26 23:25:40',  '2021-04-07 09:49:44',  1),
(155, 155,  1,  '2016-02-01', '216020', NULL, NULL, '3D5D02F0', NULL, NULL, 1,  NULL, NULL, NULL, NULL, NULL, 255,  255,  '2020-09-26 23:25:40',  '2021-04-07 09:49:44',  66),
(156, 156,  1,  '2016-02-01', '216021', NULL, NULL, '877E68D0', NULL, NULL, 1,  NULL, NULL, NULL, NULL, NULL, 255,  255,  '2020-09-26 23:25:40',  '2021-04-07 09:49:44',  64),
(157, 157,  1,  '2016-02-01', '216022', NULL, NULL, '87883830', NULL, NULL, 2,  NULL, NULL, NULL, NULL, NULL, 255,  255,  '2020-09-26 23:25:40',  '2021-04-07 09:49:44',  139),
(158, 158,  1,  '2016-02-01', '216023', NULL, NULL, '1',  NULL, NULL, 2,  NULL, NULL, NULL, NULL, NULL, 255,  255,  '2020-09-26 23:25:40',  '2021-04-07 09:49:44',  1),
(159, 159,  1,  '2016-02-01', '216024', NULL, NULL, '877CD560', NULL, NULL, 2,  NULL, NULL, NULL, NULL, NULL, 255,  255,  '2020-09-26 23:25:40',  '2021-04-07 09:49:44',  58),
(160, 160,  1,  '2016-02-01', '216025', NULL, NULL, '878129D0', NULL, NULL, 2,  NULL, NULL, NULL, NULL, NULL, 255,  255,  '2020-09-26 23:25:40',  '2021-04-07 09:49:44',  136),
(161, 161,  1,  '2016-02-01', '216026', NULL, NULL, '877E13C0', NULL, NULL, 1,  NULL, NULL, NULL, NULL, NULL, 255,  255,  '2020-09-26 23:25:40',  '2021-04-07 09:49:44',  9),
(162, 162,  1,  '2016-02-01', '216027', NULL, NULL, 'C4D46F7B', NULL, NULL, 1,  NULL, NULL, NULL, NULL, NULL, 255,  255,  '2020-09-26 23:25:40',  '2021-04-07 09:49:44',  140),
(163, 163,  1,  '2016-02-01', '216028', NULL, NULL, '87858C00', NULL, NULL, 1,  NULL, NULL, NULL, NULL, NULL, 255,  255,  '2020-09-26 23:25:40',  '2021-04-07 09:49:44',  18),
(164, 164,  1,  '2016-02-01', '216029', NULL, NULL, '1',  NULL, NULL, 2,  NULL, NULL, NULL, NULL, NULL, 255,  255,  '2020-09-26 23:25:40',  '2021-04-07 09:49:44',  1),
(165, 165,  1,  '2016-02-01', '216030', NULL, NULL, '878056A0', NULL, NULL, 1,  NULL, NULL, NULL, NULL, NULL, 255,  255,  '2020-09-26 23:25:40',  '2021-04-07 09:49:44',  19),
(166, 166,  1,  '2016-02-01', '216031', NULL, NULL, '877D3FF0', NULL, NULL, 1,  NULL, NULL, NULL, NULL, NULL, 255,  255,  '2020-09-26 23:25:40',  '2021-04-07 09:49:44',  20),
(168, 168,  3,  '2016-02-01', '216033', NULL, NULL, '3D51D8D0', NULL, NULL, 2,  NULL, NULL, NULL, NULL, NULL, 255,  255,  '2020-09-26 23:25:40',  '2021-04-07 09:49:44',  39),
(169, 169,  3,  '2016-02-01', '216034', NULL, NULL, '3D520E70', NULL, NULL, 1,  NULL, NULL, NULL, NULL, NULL, 255,  255,  '2020-09-26 23:25:40',  '2021-04-07 09:49:44',  39),
(170, 170,  3,  '2016-02-01', '216035', NULL, NULL, '3D5A0C60', NULL, NULL, 1,  NULL, NULL, NULL, NULL, NULL, 255,  255,  '2020-09-26 23:25:40',  '2021-04-07 09:49:44',  39),
(171, 171,  3,  '2016-02-01', '216036', NULL, NULL, '3D599830', NULL, NULL, 1,  NULL, NULL, NULL, NULL, NULL, 255,  255,  '2020-09-26 23:25:40',  '2021-04-07 09:49:44',  39),
(172, 172,  3,  '2016-02-01', '216037', NULL, NULL, '3D53DF20', NULL, NULL, 2,  NULL, NULL, NULL, NULL, NULL, 255,  255,  '2020-09-26 23:25:40',  '2021-04-07 09:49:44',  39),
(173, 173,  3,  '2016-02-01', '216038', NULL, NULL, '3D5236E0', NULL, NULL, 1,  NULL, NULL, NULL, NULL, NULL, 255,  255,  '2020-09-26 23:25:40',  '2021-04-07 09:49:44',  39),
(174, 174,  3,  '2016-02-01', '216039', NULL, NULL, '3D59ADA0', NULL, NULL, 1,  NULL, NULL, NULL, NULL, NULL, 255,  255,  '2020-09-26 23:25:40',  '2021-04-07 09:49:44',  39),
(175, 175,  3,  '2016-02-01', '216040', NULL, NULL, '3D587A70', NULL, NULL, 1,  NULL, NULL, NULL, NULL, NULL, 255,  255,  '2020-09-26 23:25:40',  '2021-04-07 09:49:44',  39),
(176, 176,  3,  '2016-02-01', '216041', NULL, NULL, '87859FA0', NULL, NULL, 1,  NULL, NULL, NULL, NULL, NULL, 255,  255,  '2020-09-26 23:25:40',  '2021-04-07 09:49:44',  39),
(177, 177,  3,  '2016-02-01', '216042', NULL, NULL, '3D4FD6B0', NULL, NULL, 1,  NULL, NULL, NULL, NULL, NULL, 255,  255,  '2020-09-26 23:25:40',  '2021-04-07 09:49:44',  39),
(178, 178,  3,  '2016-02-01', '216043', NULL, NULL, '3D5040B0', NULL, NULL, 2,  NULL, NULL, NULL, NULL, NULL, 255,  255,  '2020-09-26 23:25:40',  '2021-04-07 09:49:44',  39),
(179, 179,  3,  '2016-02-01', '216044', NULL, NULL, '3D5AA740', NULL, NULL, 1,  NULL, NULL, NULL, NULL, NULL, 255,  255,  '2020-09-26 23:25:40',  '2021-04-07 09:49:44',  39),
(180, 180,  3,  '2016-02-01', '216045', NULL, NULL, '3D52B6A0', NULL, NULL, 1,  NULL, NULL, NULL, NULL, NULL, 255,  255,  '2020-09-26 23:25:40',  '2021-04-07 09:49:44',  39),
(181, 181,  1,  '2016-02-01', '216046', NULL, NULL, '1',  NULL, NULL, 2,  NULL, NULL, NULL, NULL, NULL, 255,  255,  '2020-09-26 23:25:40',  '2021-04-07 09:49:44',  1),
(182, 182,  1,  '2016-02-01', '216047', NULL, NULL, 'C4FB92AB', NULL, NULL, 1,  NULL, NULL, NULL, NULL, NULL, 255,  255,  '2020-09-26 23:25:40',  '2021-04-07 09:49:44',  59),
(183, 183,  1,  '2016-02-01', '216048', NULL, NULL, '8786F6A0', NULL, NULL, 2,  NULL, NULL, NULL, NULL, NULL, 255,  255,  '2020-09-26 23:25:40',  '2021-04-07 09:49:44',  72),
(184, 184,  1,  '2016-02-01', '216049', NULL, NULL, '877CD520', NULL, NULL, 1,  NULL, NULL, NULL, NULL, NULL, 255,  255,  '2020-09-26 23:25:40',  '2021-04-07 09:49:44',  45),
(185, 185,  1,  '2016-02-01', '216050', NULL, NULL, '8780AA90', NULL, NULL, 1,  NULL, NULL, NULL, NULL, NULL, 255,  255,  '2020-09-26 23:25:40',  '2021-04-07 09:49:44',  46),
(186, 186,  1,  '2016-02-01', '216051', NULL, NULL, '877E1340', NULL, NULL, 2,  NULL, NULL, NULL, NULL, NULL, 255,  255,  '2020-09-26 23:25:40',  '2021-04-07 09:49:44',  57),
(187, 187,  1,  '2016-02-01', '216052', NULL, NULL, '877D2030', NULL, NULL, 1,  NULL, NULL, NULL, NULL, NULL, 255,  255,  '2020-09-26 23:25:40',  '2021-04-07 09:49:44',  33),
(188, 188,  1,  '2016-02-01', '216053', NULL, '7700012298', '877E9DE0', NULL, NULL, 1,  NULL, NULL, NULL, NULL, NULL, 255,  255,  '2020-09-26 23:25:40',  '2021-04-07 09:49:44',  5),
(189, 189,  1,  '2016-02-01', '216054', NULL, NULL, 'C4EE5C7B', NULL, NULL, 1,  NULL, NULL, NULL, NULL, NULL, 255,  255,  '2020-09-26 23:25:40',  '2021-04-07 09:49:44',  21),
(190, 190,  1,  '2016-02-01', '216055', NULL, NULL, '87884BA0', NULL, NULL, 2,  NULL, NULL, NULL, NULL, NULL, 255,  255,  '2020-09-26 23:25:40',  '2021-04-07 09:49:44',  21),
(191, 191,  1,  '2016-02-01', '216056', NULL, NULL, '877CD570', NULL, NULL, 1,  NULL, NULL, NULL, NULL, NULL, 255,  255,  '2020-09-26 23:25:40',  '2021-04-07 09:49:44',  74),
(192, 192,  1,  '2016-02-01', '216057', NULL, NULL, '8780E820', NULL, NULL, 1,  NULL, NULL, NULL, NULL, NULL, 255,  255,  '2020-09-26 23:25:40',  '2021-04-07 09:49:44',  70),
(193, 193,  1,  '2016-02-01', '216058', NULL, NULL, '877E13B0', NULL, NULL, 1,  NULL, NULL, NULL, NULL, NULL, 255,  255,  '2020-09-26 23:25:40',  '2021-04-07 09:49:44',  47),
(194, 194,  1,  '2016-02-01', '216059', NULL, NULL, 'C4D3FEAB', NULL, NULL, 1,  NULL, NULL, NULL, NULL, NULL, 255,  255,  '2020-09-26 23:25:40',  '2021-04-07 09:49:44',  70),
(195, 195,  1,  '2016-02-01', '216060', NULL, NULL, '878627', NULL, NULL, 2,  NULL, NULL, NULL, NULL, NULL, 255,  255,  '2020-09-26 23:25:40',  '2021-04-07 09:49:44',  4),
(196, 196,  1,  '2016-02-01', '216061', NULL, '7700010395', '3D529960', NULL, NULL, 1,  NULL, NULL, NULL, NULL, NULL, 255,  255,  '2020-09-26 23:25:40',  '2021-04-07 09:49:44',  35),
(197, 197,  1,  '2016-02-01', '216062', NULL, NULL, '877CA320', NULL, NULL, 2,  NULL, NULL, NULL, NULL, NULL, 255,  255,  '2020-09-26 23:25:40',  '2021-04-07 09:49:44',  30),
(198, 198,  1,  '2016-02-01', '216063', NULL, NULL, 'C4D42E2B', NULL, NULL, 1,  NULL, NULL, NULL, NULL, NULL, 255,  255,  '2020-09-26 23:25:40',  '2021-04-07 09:49:44',  60),
(199, 199,  1,  '2016-02-01', '216064', NULL, NULL, '8780AA40', NULL, NULL, 2,  NULL, NULL, NULL, NULL, NULL, 255,  255,  '2020-09-26 23:25:40',  '2021-04-07 09:49:44',  61),
(200, 200,  1,  '2016-02-01', '216065', NULL, NULL, '87873040', NULL, NULL, 2,  NULL, NULL, NULL, NULL, NULL, 255,  255,  '2020-09-26 23:25:40',  '2021-04-07 09:49:44',  141),
(201, 201,  1,  '2016-02-01', '216066', NULL, NULL, '8786E770', NULL, NULL, 1,  NULL, NULL, NULL, NULL, NULL, 255,  255,  '2020-09-26 23:25:40',  '2021-04-07 09:49:44',  133),
(202, 202,  1,  '2016-02-01', '216067', NULL, NULL, 'C4FD458B', NULL, NULL, 2,  NULL, NULL, NULL, NULL, NULL, 255,  255,  '2020-09-26 23:25:40',  '2021-04-07 09:49:44',  36),
(203, 203,  1,  '2016-02-01', '216068', NULL, NULL, '9DEDBC7B', NULL, NULL, 1,  NULL, NULL, NULL, NULL, NULL, 255,  255,  '2020-09-26 23:25:40',  '2021-04-07 09:49:44',  70),
(204, 204,  1,  '2016-02-01', '216069', NULL, NULL, '877C1D00', NULL, NULL, 1,  NULL, NULL, NULL, NULL, NULL, 255,  255,  '2020-09-26 23:25:40',  '2021-04-07 09:49:44',  52),
(205, 205,  1,  '2016-02-01', '216070', NULL, NULL, '87873010', NULL, NULL, 1,  NULL, NULL, NULL, NULL, NULL, 255,  255,  '2020-09-26 23:25:40',  '2021-04-07 09:49:44',  63),
(206, 206,  1,  '2016-02-01', '216071', NULL, NULL, '87812A30', NULL, NULL, 2,  NULL, NULL, NULL, NULL, NULL, 255,  255,  '2020-09-26 23:25:40',  '2021-04-07 09:49:44',  53),
(207, 207,  1,  '2016-02-01', '216072', NULL, NULL, '8780AAE0', NULL, NULL, 2,  NULL, NULL, NULL, NULL, NULL, 255,  255,  '2020-09-26 23:25:40',  '2021-04-07 09:49:44',  65),
(208, 208,  1,  '2016-02-01', '216073', NULL, NULL, '8780BE40', NULL, NULL, 1,  NULL, NULL, NULL, NULL, NULL, 255,  255,  '2020-09-26 23:25:40',  '2021-04-07 09:49:44',  55),
(209, 209,  1,  '2016-02-01', '216074', NULL, NULL, '877DC340', NULL, NULL, 2,  NULL, NULL, NULL, NULL, NULL, 255,  255,  '2020-09-26 23:25:40',  '2021-04-07 09:49:44',  67),
(210, 210,  1,  '2016-02-01', '216075', NULL, NULL, '877DC310', NULL, NULL, 1,  NULL, NULL, NULL, NULL, NULL, 255,  255,  '2020-09-26 23:25:40',  '2021-04-07 09:49:44',  16),
(211, 211,  1,  '2016-02-01', '216076', NULL, NULL, '4356450B', NULL, NULL, 1,  NULL, NULL, NULL, NULL, NULL, 255,  255,  '2020-09-26 23:25:40',  '2021-04-07 09:49:44',  66),
(212, 212,  1,  '2016-02-01', '216077', NULL, NULL, 'C4E3B07B', NULL, NULL, 1,  NULL, NULL, NULL, NULL, NULL, 255,  255,  '2020-09-26 23:25:40',  '2021-04-07 09:49:44',  66),
(213, 213,  1,  '2016-02-01', '216078', NULL, NULL, '87872F60', NULL, NULL, 2,  NULL, NULL, NULL, NULL, NULL, 255,  255,  '2020-09-26 23:25:40',  '2021-04-07 09:49:44',  1),
(214, 214,  1,  '2016-02-01', '216079', NULL, '7700013211', '877D6650', NULL, NULL, 1,  NULL, NULL, NULL, NULL, NULL, 255,  255,  '2020-09-26 23:25:40',  '2021-04-07 09:49:44',  180),
(215, 215,  1,  '2016-02-01', '216080', NULL, NULL, '877EF900', NULL, NULL, 2,  NULL, NULL, NULL, NULL, NULL, 255,  255,  '2020-09-26 23:25:40',  '2021-04-07 09:49:44',  1),
(216, 216,  1,  '2016-02-01', '216081', NULL, NULL, '877CC770', NULL, NULL, 2,  NULL, NULL, NULL, NULL, NULL, 255,  255,  '2020-09-26 23:25:40',  '2021-04-07 09:49:44',  1),
(217, 217,  1,  '2016-02-01', '216082', NULL, NULL, '877E6AF0', NULL, NULL, 2,  NULL, NULL, NULL, NULL, NULL, 255,  255,  '2020-09-26 23:25:40',  '2021-04-07 09:49:44',  11),
(218, 218,  1,  '2016-02-01', '216084', NULL, NULL, '877E6B00', NULL, NULL, 1,  NULL, NULL, NULL, NULL, NULL, 255,  255,  '2020-09-26 23:25:40',  '2021-04-07 09:49:44',  15),
(219, 219,  1,  '2016-02-01', '216085', NULL, NULL, '877D2180', NULL, NULL, 2,  NULL, NULL, NULL, NULL, NULL, 255,  255,  '2020-09-26 23:25:40',  '2021-04-07 09:49:44',  37),
(220, 220,  1,  '2016-02-01', '216086', NULL, NULL, '877F4440', NULL, NULL, 2,  NULL, NULL, NULL, NULL, NULL, 255,  255,  '2020-09-26 23:25:40',  '2021-04-07 09:49:44',  5),
(221, 221,  1,  '2016-02-01', '216087', NULL, NULL, '87805460', NULL, NULL, 2,  NULL, NULL, NULL, NULL, NULL, 255,  255,  '2020-09-26 23:25:40',  '2021-04-07 09:49:44',  1),
(222, 222,  1,  '2016-02-01', '216088', NULL, NULL, '3D5BEB90', NULL, NULL, 1,  NULL, NULL, NULL, NULL, NULL, 255,  255,  '2020-09-26 23:25:40',  '2021-04-07 09:49:44',  17),
(223, 223,  1,  '2016-02-01', '216089', NULL, NULL, 'C4D04A1B', NULL, NULL, 1,  NULL, NULL, NULL, NULL, NULL, 255,  255,  '2020-09-26 23:25:40',  '2021-04-07 09:49:44',  15),
(224, 224,  1,  '2016-02-01', '317001', NULL, NULL, '877DAF60', NULL, NULL, 2,  NULL, NULL, NULL, NULL, NULL, 255,  255,  '2020-09-26 23:25:40',  '2021-04-07 09:49:44',  38),
(225, 225,  1,  '2016-02-01', '216090', NULL, '7700010392', '3D59E590', NULL, NULL, 1,  NULL, NULL, NULL, NULL, NULL, 255,  255,  '2020-09-26 23:25:40',  '2021-04-07 09:49:44',  32),
(226, 226,  3,  '2016-02-01', '216091', NULL, NULL, '3D585890', NULL, NULL, 1,  NULL, NULL, NULL, NULL, NULL, 255,  255,  '2020-09-26 23:25:40',  '2021-04-07 09:49:44',  14),
(227, 227,  1,  '2016-02-01', '216092', NULL, '7700013206', '3D50B220', NULL, NULL, 1,  NULL, NULL, NULL, NULL, NULL, 255,  255,  '2020-09-26 23:25:40',  '2021-04-07 09:49:44',  23),
(228, 228,  1,  '2016-02-01', '216093', NULL, '7700012314', 'C4D8938B', NULL, NULL, 1,  NULL, NULL, NULL, NULL, NULL, 255,  255,  '2020-09-26 23:25:40',  '2021-04-07 09:49:44',  28),
(229, 229,  1,  '2016-02-01', '216094', NULL, NULL, '3D5D20E0', NULL, NULL, 2,  NULL, NULL, NULL, NULL, NULL, 255,  255,  '2020-09-26 23:25:40',  '2021-04-07 09:49:44',  26),
(230, 230,  1,  '2016-02-01', '216095', NULL, '7700012310', '3D52B6B0', NULL, NULL, 1,  NULL, NULL, NULL, NULL, NULL, 255,  255,  '2020-09-26 23:25:40',  '2021-04-07 09:49:44',  2),
(231, 231,  1,  '2016-02-01', '216096', NULL, NULL, 'C51E968B', NULL, NULL, 2,  NULL, NULL, NULL, NULL, NULL, 255,  255,  '2020-09-26 23:25:40',  '2021-04-07 09:49:44',  1),
(232, 232,  3,  '2016-02-01', '317005', NULL, NULL, '3D589920', NULL, NULL, 2,  NULL, NULL, NULL, NULL, NULL, 255,  255,  '2020-09-26 23:25:40',  '2021-04-07 09:49:44',  27),
(233, 233,  3,  '2016-02-01', '317006', NULL, NULL, '3D4F81D0', NULL, NULL, 2,  NULL, NULL, NULL, NULL, NULL, 255,  255,  '2020-09-26 23:25:40',  '2021-04-07 09:49:44',  1),
(234, 234,  3,  '2016-02-01', '317007', NULL, NULL, '3D598F00', NULL, NULL, 2,  NULL, NULL, NULL, NULL, NULL, 255,  255,  '2020-09-26 23:25:40',  '2021-04-07 09:49:44',  24),
(235, 235,  3,  '2016-02-01', '317008', NULL, NULL, '3D4FD6E0', NULL, NULL, 1,  NULL, NULL, NULL, NULL, NULL, 255,  255,  '2020-09-26 23:25:40',  '2021-04-07 09:49:44',  22),
(236, 236,  1,  '2016-02-01', '317009', NULL, NULL, '3D592870', NULL, NULL, 2,  NULL, NULL, NULL, NULL, NULL, 255,  255,  '2020-09-26 23:25:40',  '2021-04-07 09:49:44',  1),
(237, 237,  3,  '2016-02-01', '317010', NULL, NULL, '3D516C20', NULL, NULL, 2,  NULL, NULL, NULL, NULL, NULL, 255,  255,  '2020-09-26 23:25:40',  '2021-04-07 09:49:44',  26),
(238, 238,  3,  '2016-02-01', '218001', NULL, NULL, 'C51BCA9B', NULL, NULL, 2,  NULL, NULL, NULL, NULL, NULL, 255,  255,  '2020-09-26 23:25:40',  '2021-04-07 09:49:44',  25),
(239, 239,  3,  '2016-02-01', '317012', NULL, NULL, '3D524B60', NULL, NULL, 2,  NULL, NULL, NULL, NULL, NULL, 255,  255,  '2020-09-26 23:25:40',  '2021-04-07 09:49:44',  5),
(240, 240,  1,  '2016-02-01', '317013', NULL, NULL, '3D520F50', NULL, NULL, 2,  NULL, NULL, NULL, NULL, NULL, 255,  255,  '2020-09-26 23:25:40',  '2021-04-07 09:49:44',  1),
(241, 241,  3,  '2016-02-01', '317014', NULL, NULL, '3D5751E0', NULL, NULL, 2,  NULL, NULL, NULL, NULL, NULL, 255,  255,  '2020-09-26 23:25:40',  '2021-04-07 09:49:44',  29),
(242, 242,  3,  '2016-02-01', '317015', NULL, NULL, '3D58B9E0', NULL, NULL, 2,  NULL, NULL, NULL, NULL, NULL, 255,  255,  '2020-09-26 23:25:40',  '2021-04-07 09:49:44',  6),
(243, 243,  3,  '2016-02-01', '317016', NULL, NULL, '3D5A06C0', NULL, NULL, 2,  NULL, NULL, NULL, NULL, NULL, 255,  255,  '2020-09-26 23:25:40',  '2021-04-07 09:49:44',  6),
(244, 244,  3,  '2016-02-01', '317017', NULL, NULL, '3D5CDF80', NULL, NULL, 2,  NULL, NULL, NULL, NULL, NULL, 255,  255,  '2020-09-26 23:25:40',  '2021-04-07 09:49:44',  5),
(245, 245,  1,  '2016-02-01', '317018', NULL, NULL, '3D5CF080', NULL, NULL, 2,  NULL, NULL, NULL, NULL, NULL, 255,  255,  '2020-09-26 23:25:40',  '2021-04-07 09:49:44',  1),
(246, 246,  3,  '2016-02-01', '317019', NULL, NULL, '3D5268D0', NULL, NULL, 2,  NULL, NULL, NULL, NULL, NULL, 255,  255,  '2020-09-26 23:25:40',  '2021-04-07 09:49:44',  8),
(247, 247,  1,  '2016-02-01', '216097', NULL, '7700016431', '3D5221F0', NULL, NULL, 1,  NULL, NULL, NULL, NULL, NULL, 255,  255,  '2020-09-26 23:25:40',  '2021-04-07 09:49:44',  77),
(248, 248,  1,  '2016-02-01', '216098', NULL, NULL, '3D547E10', NULL, NULL, 1,  NULL, NULL, NULL, NULL, NULL, 255,  255,  '2020-09-26 23:25:40',  '2021-04-07 09:49:44',  122),
(249, 249,  1,  '2016-02-01', '216099', NULL, NULL, '3D554060', NULL, NULL, 2,  NULL, NULL, NULL, NULL, NULL, 255,  255,  '2020-09-26 23:25:40',  '2021-04-07 09:49:44',  122),
(250, 250,  1,  '2016-02-01', '216100', NULL, NULL, '3D5034D0', NULL, NULL, 1,  NULL, NULL, NULL, NULL, NULL, 255,  255,  '2020-09-26 23:25:40',  '2021-04-07 09:49:44',  62),
(251, 251,  1,  '2016-02-01', '216101', NULL, NULL, '3D599760', NULL, NULL, 1,  NULL, NULL, NULL, NULL, NULL, 255,  255,  '2020-09-26 23:25:40',  '2021-04-07 09:49:44',  68),
(252, 252,  1,  '2016-02-01', '216102', NULL, '7700012306', '43511BFB', NULL, NULL, 1,  NULL, NULL, NULL, NULL, NULL, 255,  255,  '2020-09-26 23:25:40',  '2021-04-07 09:49:44',  2),
(253, 253,  1,  '2016-02-01', '216103', NULL, NULL, '3D54B2A0', NULL, NULL, 1,  NULL, NULL, NULL, NULL, NULL, 255,  255,  '2020-09-26 23:25:40',  '2021-04-07 09:49:44',  49),
(254, 254,  1,  '2016-02-01', '216104', NULL, NULL, '3D5B77B0', NULL, NULL, 1,  NULL, NULL, NULL, NULL, NULL, 255,  255,  '2020-09-26 23:25:40',  '2021-04-07 09:49:44',  75),
(255, 255,  1,  '2016-02-01', '216105', NULL, '7700016029', '3D57BCD0', NULL, NULL, 1,  NULL, NULL, NULL, NULL, NULL, 255,  255,  '2020-09-26 23:25:40',  '2021-04-07 09:49:44',  38),
(256, 256,  1,  '2016-02-01', '216106', NULL, NULL, 'CF4AD1DA', NULL, NULL, 1,  NULL, NULL, NULL, NULL, NULL, 255,  255,  '2020-09-26 23:25:40',  '2021-04-07 09:49:44',  137),
(257, 257,  1,  '2016-02-01', '216107', NULL, NULL, 'CE063DCA', NULL, NULL, 1,  NULL, NULL, NULL, NULL, NULL, 255,  255,  '2020-09-26 23:25:40',  '2021-04-07 09:49:44',  48),
(258, 258,  1,  '2016-02-01', '216108', NULL, NULL, 'CE20170A', NULL, NULL, 1,  NULL, NULL, NULL, NULL, NULL, 255,  255,  '2020-09-26 23:25:40',  '2021-04-07 09:49:44',  54),
(259, 259,  2,  '2016-02-01', '116137', NULL, NULL, 'C527028B', NULL, NULL, 1,  NULL, 3,  NULL, NULL, NULL, 255,  255,  '2020-09-26 23:25:40',  '2021-04-07 09:49:44',  92),
(260, 260,  1,  '2016-02-01', '216109', NULL, '7700016231', 'CE9CA7CA', NULL, NULL, 1,  NULL, NULL, NULL, NULL, NULL, 255,  255,  '2020-09-26 23:25:40',  '2021-04-07 09:49:44',  21),
(261, 261,  3,  '2016-02-01', '216110', NULL, NULL, 'CE1FFCBA', NULL, NULL, 1,  NULL, NULL, NULL, NULL, NULL, 255,  255,  '2020-09-26 23:25:40',  '2021-04-07 09:49:44',  39),
(262, 262,  1,  '2016-02-01', '216118', NULL, NULL, '9DDF118B', NULL, NULL, 1,  NULL, NULL, NULL, NULL, NULL, 255,  255,  '2020-09-26 23:25:40',  '2021-04-07 09:49:44',  127),
(263, 263,  1,  '2016-02-01', '216113', NULL, NULL, 'CE057FDA', NULL, NULL, 2,  NULL, NULL, NULL, NULL, NULL, 255,  255,  '2020-09-26 23:25:40',  '2021-04-07 09:49:44',  133),
(264, 264,  1,  '2016-02-01', '216112', NULL, NULL, 'CE00BA2A', NULL, NULL, 1,  NULL, NULL, NULL, NULL, NULL, 255,  255,  '2020-09-26 23:25:40',  '2021-04-07 09:49:44',  61),
(265, 265,  2,  '2016-02-01', '116143', NULL, NULL, '4353177B', NULL, NULL, 1,  NULL, 3,  NULL, NULL, NULL, 255,  255,  '2020-09-26 23:25:40',  '2021-04-07 09:49:44',  90),
(266, 266,  2,  '2016-02-01', '116144', NULL, NULL, '4355960B', NULL, NULL, 1,  NULL, NULL, NULL, NULL, NULL, 255,  255,  '2020-09-26 23:25:40',  '2021-04-07 09:49:44',  88),
(267, 267,  3,  '2016-02-01', '317021', NULL, NULL, 'CE0E5EFA', NULL, NULL, 2,  NULL, NULL, NULL, NULL, NULL, 255,  255,  '2020-09-26 23:25:40',  '2021-04-07 09:49:44',  12),
(268, 268,  3,  '2016-02-01', '317020', NULL, NULL, 'CE9BD83A', NULL, NULL, 2,  NULL, NULL, NULL, NULL, NULL, 255,  255,  '2020-09-26 23:25:40',  '2021-04-07 09:49:44',  13),
(269, 269,  1,  '2016-02-01', '216111', NULL, NULL, 'CE11804A', NULL, NULL, 1,  NULL, NULL, NULL, NULL, NULL, 255,  255,  '2020-09-26 23:25:40',  '2021-04-07 09:49:44',  73),
(270, 270,  2,  '2016-02-01', '116140', NULL, NULL, '4348830B', NULL, NULL, 1,  NULL, 3,  NULL, NULL, NULL, 255,  255,  '2020-09-26 23:25:40',  '2021-04-07 09:49:44',  92),
(271, 271,  2,  '2016-02-01', '116145', NULL, NULL, 'CE01036A', NULL, NULL, 2,  NULL, NULL, NULL, NULL, NULL, 255,  255,  '2020-09-26 23:25:40',  '2021-04-07 09:49:44',  105),
(272, 272,  3,  '2016-02-01', '216114', NULL, NULL, 'CE32FABA', NULL, NULL, 1,  NULL, NULL, NULL, NULL, NULL, 255,  255,  '2020-09-26 23:25:40',  '2021-04-07 09:49:44',  39),
(273, 273,  1,  '2016-02-01', '216115', NULL, NULL, 'CEA0A8CA', NULL, NULL, 2,  NULL, NULL, NULL, NULL, NULL, 255,  255,  '2020-09-26 23:25:40',  '2021-04-07 09:49:44',  38),
(274, 274,  1,  '2016-02-01', '216116', NULL, NULL, 'C521318B', NULL, NULL, 2,  NULL, NULL, NULL, NULL, NULL, 255,  255,  '2020-09-26 23:25:40',  '2021-04-07 09:49:44',  71),
(275, 275,  2,  '2016-02-01', '116141', NULL, NULL, '4351EE1B', NULL, NULL, 1,  NULL, 3,  NULL, NULL, NULL, 255,  255,  '2020-09-26 23:25:40',  '2021-04-07 09:49:44',  93),
(278, 292,  1,  '2016-02-01', '216117', NULL, NULL, 'C55A426B', NULL, NULL, 1,  NULL, NULL, NULL, NULL, NULL, 255,  255,  '2020-09-26 23:25:40',  '2021-04-07 09:49:44',  56),
(280, 295,  3,  '2016-02-01', '219040', NULL, '7700016957', 'C51F2E3B', NULL, NULL, 1,  NULL, NULL, NULL, NULL, NULL, 255,  255,  '2020-09-26 23:25:40',  '2021-04-07 09:49:44',  1),
(281, 296,  2,  '2016-02-01', '116147', NULL, NULL, 'C4DB1BBB', NULL, NULL, 1,  NULL, NULL, NULL, NULL, NULL, 255,  255,  '2020-09-26 23:25:40',  '2021-04-07 09:49:44',  97),
(282, 297,  1,  '2016-02-01', '216119', NULL, '7700013204', 'C4D0D42B', NULL, NULL, 1,  NULL, NULL, NULL, NULL, NULL, 255,  255,  '2020-09-26 23:25:40',  '2021-04-07 09:49:44',  10),
(283, 298,  1,  '2016-02-01', '216120', NULL, '7700013208', 'C4D0D3DB', NULL, NULL, 1,  NULL, NULL, NULL, NULL, NULL, 255,  255,  '2020-09-26 23:25:40',  '2021-04-07 09:49:44',  10),
(284, 299,  2,  '2016-02-01', '116148', NULL, NULL, 'C4D0D47B', NULL, NULL, 1,  NULL, 3,  NULL, NULL, NULL, 255,  255,  '2020-09-26 23:25:40',  '2021-04-07 09:49:44',  94),
(285, 300,  2,  '2016-02-01', '116149', NULL, NULL, '9DEDBC2B', NULL, NULL, 1,  NULL, NULL, NULL, NULL, NULL, 255,  255,  '2020-09-26 23:25:40',  '2021-04-07 09:49:44',  91),
(288, 301,  2,  '2016-02-01', '116150', NULL, NULL, 'C4EE932B', NULL, NULL, 1,  NULL, NULL, NULL, NULL, NULL, 255,  255,  '2020-09-26 23:25:40',  '2021-04-07 09:49:44',  97),
(289, 302,  2,  '2016-02-01', '116153', NULL, NULL, 'C5174BFB', NULL, NULL, 1,  NULL, 3,  NULL, NULL, NULL, 255,  255,  '2020-09-26 23:25:40',  '2021-04-07 09:49:44',  94),
(290, 303,  2,  '2016-02-01', '116151', NULL, NULL, 'C405BFCB', NULL, NULL, 1,  NULL, NULL, NULL, NULL, NULL, 255,  255,  '2020-09-26 23:25:40',  '2021-04-07 09:49:44',  91),
(291, 304,  2,  '2016-02-01', '116154', NULL, NULL, 'C4082AFB', NULL, NULL, 1,  NULL, 3,  NULL, NULL, NULL, 255,  255,  '2020-09-26 23:25:40',  '2021-04-07 09:49:44',  96),
(292, 305,  2,  '2016-02-01', '116155', NULL, NULL, 'C521A66B', NULL, NULL, 1,  NULL, 2,  NULL, NULL, NULL, 255,  255,  '2020-09-26 23:25:40',  '2021-04-07 09:49:44',  88),
(293, 306,  2,  '2016-02-01', '116156', NULL, NULL, 'C4D8099B', NULL, NULL, 1,  NULL, 2,  NULL, NULL, NULL, 255,  255,  '2020-09-26 23:25:40',  '2021-04-07 09:49:44',  100),
(294, 307,  2,  '2016-02-01', '116139', NULL, NULL, 'C4F691BB', NULL, NULL, 1,  NULL, 3,  NULL, NULL, NULL, 255,  255,  '2020-09-26 23:25:40',  '2021-04-07 09:49:44',  92),
(295, 308,  2,  '2016-02-01', '116158', NULL, NULL, 'C51BF2CB', NULL, NULL, 1,  NULL, 2,  NULL, NULL, NULL, 255,  255,  '2020-09-26 23:25:40',  '2021-04-07 09:49:44',  90),
(296, 309,  3,  '2016-02-01', '116159', NULL, NULL, 'C4D8AFBB', NULL, NULL, 1,  NULL, NULL, NULL, NULL, NULL, 255,  255,  '2020-09-26 23:25:40',  '2021-04-07 09:49:44',  85),
(297, 310,  2,  '2016-02-01', '116152', NULL, NULL, 'C4D3D2EB', NULL, NULL, 1,  NULL, 2,  NULL, NULL, NULL, 255,  255,  '2020-09-26 23:25:40',  '2021-04-07 09:49:44',  98),
(298, 311,  2,  '2016-02-01', '118001', NULL, NULL, 'C4D470DB', NULL, NULL, 1,  NULL, 3,  NULL, NULL, NULL, 255,  255,  '2020-09-26 23:25:40',  '2021-04-07 09:49:44',  86),
(299, 312,  2,  '2016-02-01', '116157', NULL, NULL, 'C4D47CEB', NULL, NULL, 1,  NULL, 3,  NULL, NULL, NULL, 255,  255,  '2020-09-26 23:25:40',  '2021-04-07 09:49:44',  99),
(300, 325,  3,  '2016-02-01', '216121', NULL, NULL, 'C521FB7B', NULL, NULL, 1,  NULL, NULL, NULL, NULL, NULL, 255,  255,  '2020-09-26 23:25:40',  '2021-04-07 09:49:44',  39),
(302, 320,  1,  '2016-02-01', '218002', NULL, '7700013205', 'C4FB704B', NULL, NULL, 1,  NULL, NULL, NULL, NULL, NULL, 255,  255,  '2020-09-26 23:25:40',  '2021-04-07 09:49:44',  69),
(303, 321,  1,  '2016-02-01', '218003', NULL, NULL, 'C526EE8B', NULL, NULL, 1,  NULL, NULL, NULL, NULL, NULL, 255,  255,  '2020-09-26 23:25:40',  '2021-04-07 09:49:44',  122),
(304, 322,  1,  '2016-02-01', '218004', NULL, NULL, 'C4D435EB', NULL, NULL, 1,  NULL, NULL, NULL, NULL, NULL, 255,  255,  '2020-09-26 23:25:40',  '2021-04-07 09:49:44',  122),
(305, 323,  1,  '2016-02-01', '218005', NULL, NULL, 'C405F24B', NULL, NULL, 1,  NULL, NULL, NULL, NULL, NULL, 255,  255,  '2020-09-26 23:25:40',  '2021-04-07 09:49:44',  123),
(306, 324,  1,  '2016-02-01', '218006', NULL, '7700016955', 'C40DC6EB', NULL, NULL, 1,  NULL, NULL, NULL, NULL, NULL, 255,  255,  '2020-09-26 23:25:40',  '2021-04-07 09:49:44',  114),
(307, 313,  3,  '2016-02-01', '318001', NULL, NULL, 'C4D8E4EB', NULL, NULL, 1,  NULL, NULL, NULL, NULL, NULL, 255,  255,  '2020-09-26 23:25:40',  '2021-04-07 09:49:44',  28),
(308, 314,  3,  '2016-02-01', '318002', NULL, NULL, 'AF4DF7BB', NULL, NULL, 2,  NULL, NULL, NULL, NULL, NULL, 255,  255,  '2020-09-26 23:25:40',  '2021-04-07 09:49:44',  118),
(309, 315,  3,  '2016-02-01', '318003', NULL, NULL, '9DD9FF1B', NULL, NULL, 2,  NULL, NULL, NULL, NULL, NULL, 255,  255,  '2020-09-26 23:25:40',  '2021-04-07 09:49:44',  118),
(310, 316,  3,  '2016-02-01', '318004', NULL, NULL, 'C51B6DEB', NULL, NULL, 1,  NULL, NULL, NULL, NULL, NULL, 255,  255,  '2020-09-26 23:25:40',  '2021-04-07 09:49:44',  118),
(311, 317,  3,  '2016-02-01', '318005', NULL, NULL, 'C4F8A03B', NULL, NULL, 1,  NULL, NULL, NULL, NULL, NULL, 255,  255,  '2020-09-26 23:25:40',  '2021-04-07 09:49:44',  117),
(312, 318,  3,  '2016-02-01', '318006', NULL, NULL, '877C2710', NULL, NULL, 2,  NULL, NULL, NULL, NULL, NULL, 255,  255,  '2020-09-26 23:25:40',  '2021-04-07 09:49:44',  117),
(313, 319,  3,  '2016-02-01', '318007', NULL, NULL, 'C4D8381B', NULL, NULL, 1,  NULL, NULL, NULL, NULL, NULL, 255,  255,  '2020-09-26 23:25:40',  '2021-04-07 09:49:44',  120),
(314, 326,  1,  '2016-02-01', '218007', NULL, NULL, 'C40A02EB', NULL, NULL, 1,  NULL, NULL, NULL, NULL, NULL, 255,  255,  '2020-09-26 23:25:40',  '2021-04-07 09:49:44',  47),
(316, 327,  2,  '2016-02-01', '118002', NULL, NULL, 'C530F57B', NULL, NULL, 1,  NULL, 2,  NULL, NULL, NULL, 255,  255,  '2020-09-26 23:25:40',  '2021-04-07 09:49:44',  98),
(317, 328,  3,  '2016-02-01', '318008', NULL, NULL, 'C4000F6B', NULL, NULL, 1,  NULL, NULL, NULL, NULL, NULL, 255,  255,  '2020-09-26 23:25:40',  '2021-04-07 09:49:44',  119),
(318, 329,  2,  '2016-02-01', '116138', NULL, NULL, 'C4FB831B', NULL, NULL, 1,  NULL, NULL, NULL, NULL, NULL, 255,  255,  '2020-09-26 23:25:40',  '2021-04-07 09:49:44',  95),
(321, 330,  1,  '2016-02-01', '218008', NULL, NULL, 'C4F8360B', NULL, NULL, 2,  NULL, NULL, NULL, NULL, NULL, 255,  255,  '2020-09-26 23:25:40',  '2021-04-07 09:49:44',  77),
(322, 331,  1,  '2016-02-01', '218009', NULL, '7700013203', 'C3FFFBFB', NULL, NULL, 1,  NULL, NULL, NULL, NULL, NULL, 255,  255,  '2020-09-26 23:25:40',  '2021-04-07 09:49:44',  138),
(323, 332,  1,  '2016-02-01', '218010', NULL, NULL, 'C4F7383B', NULL, NULL, 1,  NULL, NULL, NULL, NULL, NULL, 255,  255,  '2020-09-26 23:25:40',  '2021-04-07 09:49:44',  125),
(325, 333,  3,  '2016-02-01', '318009', NULL, NULL, 'C4FD5C6B', NULL, NULL, 2,  NULL, NULL, NULL, NULL, NULL, 255,  255,  '2020-09-26 23:25:40',  '2021-04-07 09:49:44',  126),
(326, 334,  1,  '2016-02-01', '318010', NULL, NULL, 'C4D8BDAB', NULL, NULL, 2,  NULL, NULL, NULL, NULL, NULL, 255,  255,  '2020-09-26 23:25:40',  '2021-04-07 09:49:44',  113),
(328, 335,  2,  '2016-02-01', '118003', NULL, NULL, 'C52726CB', NULL, NULL, 1,  NULL, 2,  NULL, NULL, NULL, 255,  255,  '2020-09-26 23:25:40',  '2021-04-07 09:49:44',  91),
(329, 336,  1,  '2016-02-01', '218011', NULL, NULL, 'C3FD20AB', NULL, NULL, 1,  NULL, NULL, NULL, NULL, NULL, 255,  255,  '2020-09-26 23:25:40',  '2021-04-07 09:49:44',  127),
(330, 337,  1,  '2016-02-01', '218012', NULL, NULL, 'C51B8DDB', NULL, NULL, 2,  NULL, NULL, NULL, NULL, NULL, 255,  255,  '2020-09-26 23:25:40',  '2021-04-07 09:49:44',  128),
(331, 338,  1,  '2016-02-01', '218013', NULL, NULL, 'C4FA2CDB', NULL, NULL, 1,  NULL, NULL, NULL, NULL, NULL, 255,  255,  '2020-09-26 23:25:40',  '2021-04-07 09:49:44',  68),
(332, 339,  1,  '2016-02-01', '218014', NULL, NULL, 'C4D8B9AB', NULL, NULL, 1,  NULL, NULL, NULL, NULL, NULL, 255,  255,  '2020-09-26 23:25:40',  '2021-04-07 09:49:44',  129),
(333, 340,  1,  '2016-02-01', '218015', NULL, '7700014586', 'C4F708EB', NULL, NULL, 1,  NULL, NULL, NULL, NULL, NULL, 255,  255,  '2020-09-26 23:25:40',  '2021-04-07 09:49:44',  2),
(334, 341,  1,  '2016-02-01', '218016', NULL, '7700014635', 'C4FD3D9B', NULL, NULL, 1,  NULL, NULL, NULL, NULL, NULL, 255,  255,  '2020-09-26 23:25:40',  '2021-04-07 09:49:44',  24),
(335, 342,  1,  '2016-02-01', '218017', NULL, '7700014587', 'C4085B1B', NULL, NULL, 1,  NULL, NULL, NULL, NULL, NULL, 255,  255,  '2020-09-26 23:25:40',  '2021-04-07 09:49:44',  2),
(336, 343,  2,  '2016-02-01', '118004', NULL, NULL, 'C4D81A6B', NULL, NULL, 1,  NULL, 3,  NULL, NULL, NULL, 255,  255,  '2020-09-26 23:25:40',  '2021-04-07 09:49:44',  91),
(337, 344,  1,  '2016-02-01', '218018', NULL, NULL, 'C4D5BB9B', NULL, NULL, 2,  NULL, NULL, NULL, NULL, NULL, 255,  255,  '2020-09-26 23:25:40',  '2021-04-07 09:49:44',  8),
(338, 345,  2,  '2016-02-01', '118006', NULL, NULL, 'C40B5DFB', NULL, NULL, 1,  NULL, NULL, NULL, NULL, NULL, 255,  255,  '2020-09-26 23:25:40',  '2021-04-07 09:49:44',  98),
(339, 346,  2,  '2016-02-01', '118007', NULL, NULL, 'C3FE35EB', NULL, NULL, 1,  NULL, 3,  NULL, NULL, NULL, 255,  255,  '2020-09-26 23:25:40',  '2021-04-07 09:49:44',  94),
(340, 347,  1,  '2016-02-01', '218020', NULL, NULL, 'C4D6B48B', NULL, NULL, 1,  NULL, NULL, NULL, NULL, NULL, 255,  255,  '2020-09-26 23:25:40',  '2021-04-07 09:49:44',  36),
(341, 348,  1,  '2016-02-01', '218019', NULL, NULL, 'C51B1D4B', NULL, NULL, 2,  NULL, NULL, NULL, NULL, NULL, 255,  255,  '2020-09-26 23:25:40',  '2021-04-07 09:49:44',  23),
(342, 349,  1,  '2016-02-01', '218021', NULL, NULL, 'C4F6F13B', NULL, NULL, 1,  NULL, NULL, NULL, NULL, NULL, 255,  255,  '2020-09-26 23:25:40',  '2021-04-07 09:49:44',  36),
(343, 350,  1,  '2016-02-01', '218022', NULL, NULL, 'C530323B', NULL, NULL, 1,  NULL, NULL, NULL, NULL, NULL, 255,  255,  '2020-09-26 23:25:40',  '2021-04-07 09:49:44',  121),
(344, 351,  2,  '2016-02-01', '118008', NULL, NULL, 'C4FA242B', NULL, NULL, 1,  NULL, NULL, NULL, NULL, NULL, 255,  255,  '2020-09-26 23:25:40',  '2021-04-07 09:49:44',  93),
(345, 352,  3,  '2016-02-01', '218023', NULL, NULL, 'C40A093B', NULL, NULL, 1,  NULL, NULL, NULL, NULL, NULL, 255,  255,  '2020-09-26 23:25:40',  '2021-04-07 09:49:44',  39),
(346, 353,  1,  '2016-02-01', '218024', NULL, NULL, 'C4002AEB', NULL, NULL, 2,  NULL, NULL, NULL, NULL, NULL, 255,  255,  '2020-09-26 23:25:40',  '2021-04-07 09:49:44',  130),
(347, 354,  2,  '2016-02-01', '118009', NULL, NULL, 'C51BAF3B', NULL, NULL, 1,  NULL, NULL, NULL, NULL, NULL, 255,  255,  '2020-09-26 23:25:40',  '2021-04-07 09:49:44',  91),
(348, 355,  1,  '2016-02-01', '219001', NULL, NULL, 'C51BA39B', NULL, NULL, 2,  NULL, NULL, NULL, NULL, NULL, 255,  255,  '2020-09-26 23:25:40',  '2021-04-07 09:49:44',  131),
(349, 356,  2,  '2016-02-01', '119003', NULL, NULL, 'C51BC33B', NULL, NULL, 1,  NULL, NULL, NULL, NULL, NULL, 255,  255,  '2020-09-26 23:25:40',  '2021-04-07 09:49:44',  86),
(350, 357,  2,  '2016-02-01', '119004', NULL, NULL, 'C4D8AB2B', NULL, NULL, 1,  NULL, NULL, NULL, NULL, NULL, 255,  255,  '2020-09-26 23:25:40',  '2021-04-07 09:49:44',  86),
(351, 358,  2,  '2016-02-01', '119005', NULL, NULL, 'C533BD9B', NULL, NULL, 1,  NULL, NULL, NULL, NULL, NULL, 255,  255,  '2020-09-26 23:25:40',  '2021-04-07 09:49:44',  87),
(352, 359,  1,  '2016-02-01', '219002', NULL, NULL, 'C4FB0A9B', NULL, NULL, 1,  NULL, NULL, NULL, NULL, NULL, 255,  255,  '2020-09-26 23:25:40',  '2021-04-07 09:49:44',  132),
(353, 360,  1,  '2016-02-01', '219003', NULL, NULL, 'C52BB66B', NULL, NULL, 2,  NULL, NULL, NULL, NULL, NULL, 255,  255,  '2020-09-26 23:25:40',  '2021-04-07 09:49:44',  132),
(354, 361,  2,  '2016-02-01', '119001', NULL, NULL, 'C520A8DB', NULL, NULL, 1,  NULL, NULL, NULL, NULL, NULL, 255,  255,  '2020-09-26 23:25:40',  '2021-04-07 09:49:44',  88),
(355, 362,  1,  '2016-02-01', '219004', NULL, NULL, 'C4FB511B', NULL, NULL, 1,  NULL, NULL, NULL, NULL, NULL, 255,  255,  '2020-09-26 23:25:40',  '2021-04-07 09:49:44',  141),
(356, 363,  1,  '2016-02-01', '219005', NULL, NULL, 'C4F9EEFB', NULL, NULL, 1,  NULL, NULL, NULL, NULL, NULL, 255,  255,  '2020-09-26 23:25:40',  '2021-04-07 09:49:44',  67),
(357, 364,  1,  '2016-02-01', '219006', NULL, NULL, 'C400DBBB', NULL, NULL, 1,  NULL, NULL, NULL, NULL, NULL, 255,  255,  '2020-09-26 23:25:40',  '2021-04-07 09:49:44',  130),
(358, 365,  1,  '2016-02-01', '219007', NULL, NULL, 'AF66C99B', NULL, NULL, 1,  NULL, NULL, NULL, NULL, NULL, 255,  255,  '2020-09-26 23:25:40',  '2021-04-07 09:49:44',  142),
(359, 366,  2,  '2016-02-01', '119002', NULL, NULL, 'C50D410B', NULL, NULL, 1,  NULL, NULL, NULL, NULL, NULL, 255,  255,  '2020-09-26 23:25:40',  '2021-04-07 09:49:44',  91),
(360, 367,  1,  '2016-02-01', '219008', NULL, NULL, 'C4FD365B', NULL, NULL, 1,  NULL, NULL, NULL, NULL, NULL, 255,  255,  '2020-09-26 23:25:40',  '2021-04-07 09:49:44',  121),
(361, 368,  3,  '2016-02-01', '319001', NULL, NULL, 'C4FA3C6B', NULL, NULL, 2,  NULL, NULL, NULL, NULL, NULL, 255,  255,  '2020-09-26 23:25:40',  '2021-04-07 09:49:44',  8),
(362, 369,  3,  '2016-02-01', '319002', NULL, NULL, 'C521C00B', NULL, NULL, 2,  NULL, NULL, NULL, NULL, NULL, 255,  255,  '2020-09-26 23:25:40',  '2021-04-07 09:49:44',  8),
(363, 370,  1,  '2016-02-01', '219009', NULL, NULL, 'C51C03DB', NULL, NULL, 1,  NULL, NULL, NULL, NULL, NULL, 255,  255,  '2020-09-26 23:25:40',  '2021-04-07 09:49:44',  38),
(364, 371,  1,  '2016-02-01', '219010', NULL, NULL, 'C4DCDA5B', NULL, NULL, 1,  NULL, NULL, NULL, NULL, NULL, 255,  255,  '2020-09-26 23:25:40',  '2021-04-07 09:49:44',  23),
(365, 372,  1,  '2016-02-01', '219011', NULL, NULL, 'C4D3E9BB', NULL, NULL, 1,  NULL, NULL, NULL, NULL, NULL, 255,  255,  '2020-09-26 23:25:40',  '2021-04-07 09:49:44',  143),
(366, 373,  1,  '2016-02-01', '219012', NULL, NULL, 'C4D3B21B', NULL, NULL, 1,  NULL, NULL, NULL, NULL, NULL, 255,  255,  '2020-09-26 23:25:40',  '2021-04-07 09:49:44',  65),
(367, 374,  1,  '2016-02-01', '219013', NULL, NULL, 'C4FB55BB', NULL, NULL, 1,  NULL, NULL, NULL, NULL, NULL, 255,  255,  '2020-09-26 23:25:40',  '2021-04-07 09:49:44',  53),
(368, 375,  1,  '2016-02-01', '219014', NULL, NULL, 'C4080BCB', NULL, NULL, 1,  NULL, NULL, NULL, NULL, NULL, 255,  255,  '2020-09-26 23:25:40',  '2021-04-07 09:49:44',  49),
(369, 376,  1,  '2016-02-01', '219015', NULL, NULL, 'C40048FB', NULL, NULL, 1,  NULL, NULL, NULL, NULL, NULL, 255,  255,  '2020-09-26 23:25:40',  '2021-04-07 09:49:44',  49),
(370, 377,  1,  '2016-02-01', '219016', NULL, NULL, 'C40812CB', NULL, NULL, 1,  NULL, NULL, NULL, NULL, NULL, 255,  255,  '2020-09-26 23:25:40',  '2021-04-07 09:49:44',  41),
(371, 378,  1,  '2016-02-01', '219017', NULL, NULL, '8786E1A0', NULL, NULL, 1,  NULL, NULL, NULL, NULL, NULL, 255,  255,  '2020-09-26 23:25:40',  '2021-04-07 09:49:44',  49),
(373, 379,  1,  '2016-02-01', '219018', NULL, NULL, 'C400D66B', NULL, NULL, 1,  NULL, NULL, NULL, NULL, NULL, 255,  255,  '2020-09-26 23:25:40',  '2021-04-07 09:49:44',  77),
(374, 380,  1,  '2016-02-01', '219020', NULL, NULL, 'C4D3DB0B', NULL, NULL, 1,  NULL, NULL, NULL, NULL, NULL, 255,  255,  '2020-09-26 23:25:40',  '2021-04-07 09:49:44',  121),
(375, 381,  1,  '2016-02-01', '219021', NULL, NULL, 'C4F871BB', NULL, NULL, 1,  NULL, NULL, NULL, NULL, NULL, 255,  255,  '2020-09-26 23:25:40',  '2021-04-07 09:49:44',  121),
(376, 382,  1,  '2016-02-01', '219019', NULL, NULL, 'C4FB215B', NULL, NULL, 1,  NULL, NULL, NULL, NULL, NULL, 255,  255,  '2020-09-26 23:25:40',  '2021-04-07 09:49:44',  142),
(377, 383,  1,  '2016-02-01', '219022', NULL, NULL, 'C400025B', NULL, NULL, 1,  NULL, NULL, NULL, NULL, NULL, 255,  255,  '2020-09-26 23:25:40',  '2021-04-07 09:49:44',  146),
(378, 384,  1,  '2016-02-01', '219023', NULL, NULL, 'C530AA3B', NULL, NULL, 1,  NULL, NULL, NULL, NULL, NULL, 255,  255,  '2020-09-26 23:25:40',  '2021-04-07 09:49:44',  76),
(379, 385,  2,  '2016-02-01', '119006', NULL, NULL, 'C51FA76B', NULL, NULL, 1,  NULL, NULL, NULL, NULL, NULL, 255,  255,  '2020-09-26 23:25:40',  '2021-04-07 09:49:44',  98),
(380, 386,  2,  '2016-02-01', '119007', NULL, NULL, 'C51F782B', NULL, NULL, 1,  NULL, 4,  NULL, NULL, NULL, 255,  255,  '2020-09-26 23:25:40',  '2021-04-07 09:49:44',  98),
(381, 387,  2,  '2016-02-01', '119008', NULL, NULL, 'C4FB739B', NULL, NULL, 1,  NULL, 3,  NULL, NULL, NULL, 255,  255,  '2020-09-26 23:25:40',  '2021-04-07 09:49:44',  98),
(382, 388,  2,  '2016-02-01', '119009', NULL, NULL, 'C51BA2CB', NULL, NULL, 1,  NULL, 2,  NULL, NULL, NULL, 255,  255,  '2020-09-26 23:25:40',  '2021-04-07 09:49:44',  100),
(383, 389,  2,  '2016-02-01', '119012', NULL, NULL, 'C4D3D37B', NULL, NULL, 1,  NULL, NULL, NULL, NULL, NULL, 255,  255,  '2020-09-26 23:25:40',  '2021-04-07 09:49:44',  99),
(384, 390,  2,  '2016-02-01', '119014', NULL, NULL, 'C4D7AFCB', NULL, NULL, 1,  NULL, NULL, NULL, NULL, NULL, 255,  255,  '2020-09-26 23:25:40',  '2021-04-07 09:49:44',  97),
(385, 391,  2,  '2016-02-01', '119015', NULL, NULL, 'C4DDE41B', NULL, NULL, 1,  NULL, NULL, NULL, NULL, NULL, 255,  255,  '2020-09-26 23:25:40',  '2021-04-07 09:49:44',  97),
(386, 392,  2,  '2016-02-01', '119013', NULL, NULL, 'C51BD24B', NULL, NULL, 1,  NULL, NULL, NULL, NULL, NULL, 255,  255,  '2020-09-26 23:25:40',  '2021-04-07 09:49:44',  98),
(387, 393,  2,  '2016-02-01', '119010', NULL, NULL, 'C4F6AA8B', NULL, NULL, 1,  NULL, NULL, NULL, NULL, NULL, 255,  255,  '2020-09-26 23:25:40',  '2021-04-07 09:49:44',  100),
(388, 394,  1,  '2016-02-01', '219027', NULL, NULL, 'C51F840B', NULL, NULL, 1,  NULL, NULL, NULL, NULL, NULL, 255,  255,  '2020-09-26 23:25:40',  '2021-04-07 09:49:44',  147),
(389, 395,  1,  '2016-02-01', '219026', NULL, NULL, 'C520111B', NULL, NULL, 1,  NULL, NULL, NULL, NULL, NULL, 255,  255,  '2020-09-26 23:25:40',  '2021-04-07 09:49:44',  148),
(390, 396,  1,  '2016-02-01', '219024', NULL, NULL, 'C51BAA6B', NULL, NULL, 1,  NULL, NULL, NULL, NULL, NULL, 255,  255,  '2020-09-26 23:25:40',  '2021-04-07 09:49:44',  149),
(391, 397,  2,  '2016-02-01', '119025', NULL, NULL, 'C401ED2B', NULL, NULL, 1,  NULL, NULL, NULL, NULL, NULL, 255,  255,  '2020-09-26 23:25:40',  '2021-04-07 09:49:44',  96),
(395, 399,  1,  '2016-02-01', '219028', NULL, NULL, 'C51AD0AB', NULL, NULL, 2,  NULL, NULL, NULL, NULL, NULL, 255,  255,  '2020-09-26 23:25:40',  '2021-04-07 09:49:44',  38),
(396, 400,  1,  '2016-02-01', '219029', NULL, NULL, 'C4F72A5B', NULL, NULL, 1,  NULL, NULL, NULL, NULL, NULL, 255,  255,  '2020-09-26 23:25:40',  '2021-04-07 09:49:44',  151),
(397, 401,  1,  '2016-02-01', '219030', NULL, NULL, 'C521F3DB', NULL, NULL, 1,  NULL, NULL, '5108', NULL, NULL, 255,  255,  '2020-09-26 23:25:40',  '2021-04-07 09:49:44',  131),
(398, 402,  1,  '2016-02-01', '219031', NULL, NULL, '8780A9E0', NULL, NULL, 1,  NULL, NULL, NULL, NULL, NULL, 255,  255,  '2020-09-26 23:25:40',  '2021-04-07 09:49:44',  150),
(399, 403,  1,  '2016-02-01', '219033', NULL, NULL, '877D75B0', NULL, NULL, 1,  NULL, NULL, NULL, NULL, NULL, 255,  255,  '2020-09-26 23:25:40',  '2021-04-07 09:49:44',  152),
(400, 404,  1,  '2016-02-01', '219034', NULL, NULL, '878697D0', NULL, NULL, 1,  NULL, NULL, NULL, NULL, NULL, 255,  255,  '2020-09-26 23:25:40',  '2021-04-07 09:49:44',  1),
(401, 405,  1,  '2016-02-01', '219035', NULL, '7700016232', '877E8F80', NULL, NULL, 1,  NULL, NULL, NULL, NULL, NULL, 255,  255,  '2020-09-26 23:25:40',  '2021-04-07 09:49:44',  1),
(402, 406,  2,  '2016-02-01', '119019', NULL, NULL, '877D65B0', NULL, NULL, 1,  NULL, NULL, NULL, NULL, NULL, 255,  255,  '2020-09-26 23:25:40',  '2021-04-07 09:49:44',  88),
(403, 407,  2,  '2016-02-01', '119020', NULL, NULL, '8,7857E+24', NULL, NULL, 1,  NULL, NULL, NULL, NULL, NULL, 255,  255,  '2020-09-26 23:25:40',  '2021-04-07 09:49:44',  88),
(404, 408,  2,  '2016-02-01', '119021', NULL, NULL, '877CBA40', NULL, NULL, 1,  NULL, NULL, NULL, NULL, NULL, 255,  255,  '2020-09-26 23:25:40',  '2021-04-07 09:49:44',  88),
(405, 409,  2,  '2016-02-01', '119022', NULL, NULL, 'C407DAFB', NULL, NULL, 1,  NULL, 2,  NULL, NULL, NULL, 255,  255,  '2020-09-26 23:25:40',  '2021-04-07 09:49:44',  91),
(406, 410,  1,  '2016-02-01', '219036', NULL, NULL, '87818790', NULL, NULL, 1,  NULL, NULL, NULL, NULL, NULL, 255,  255,  '2020-09-26 23:25:40',  '2021-04-07 09:49:44',  105),
(407, 411,  1,  '2016-02-01', '219032', NULL, NULL, '87811700', NULL, NULL, 1,  NULL, NULL, NULL, NULL, NULL, 255,  255,  '2020-09-26 23:25:40',  '2021-04-07 09:49:44',  153),
(408, 412,  1,  '2016-02-01', '219037', NULL, '7700016982', '877D7640', NULL, NULL, 1,  NULL, NULL, NULL, NULL, NULL, 255,  255,  '2020-09-26 23:25:40',  '2021-04-07 09:49:44',  156),
(409, 413,  2,  '2016-02-01', '119018', NULL, NULL, 'C4FA6A2B', NULL, NULL, 1,  NULL, 2,  NULL, NULL, NULL, 255,  255,  '2020-09-26 23:25:40',  '2021-04-07 09:49:44',  89),
(410, 414,  2,  '2016-02-01', '119028', NULL, NULL, '877D1850', NULL, NULL, 1,  NULL, NULL, NULL, NULL, NULL, 255,  255,  '2020-09-26 23:25:40',  '2021-04-07 09:49:44',  95),
(411, 415,  2,  '2016-02-01', '119023', NULL, NULL, 'C4F72E8B', NULL, NULL, 1,  NULL, 2,  NULL, NULL, NULL, 255,  255,  '2020-09-26 23:25:40',  '2021-04-07 09:49:44',  91),
(412, 416,  2,  '2016-02-01', '119026', NULL, NULL, 'C4D8AA8B', NULL, NULL, 1,  NULL, 2,  NULL, NULL, NULL, 255,  255,  '2020-09-26 23:25:40',  '2021-04-07 09:49:44',  95),
(413, 417,  2,  '2016-02-01', '119029', NULL, NULL, 'C4D4D8AB', NULL, NULL, 1,  NULL, NULL, NULL, NULL, NULL, 255,  255,  '2020-09-26 23:25:40',  '2021-04-07 09:49:44',  93),
(414, 418,  2,  '2016-02-01', '119031', NULL, NULL, 'C527259B', NULL, NULL, 1,  NULL, 3,  NULL, NULL, NULL, 255,  255,  '2020-09-26 23:25:40',  '2021-04-07 09:49:44',  93),
(415, 419,  2,  '2016-02-01', '119032', NULL, NULL, 'C4FB1C0B', NULL, NULL, 1,  NULL, NULL, NULL, NULL, NULL, 255,  255,  '2020-09-26 23:25:40',  '2021-04-07 09:49:44',  90),
(416, 420,  2,  '2016-02-01', '119024', NULL, NULL, 'C51FAC4B', NULL, NULL, 1,  NULL, NULL, NULL, NULL, NULL, 255,  255,  '2020-09-26 23:25:40',  '2021-04-07 09:49:44',  90),
(417, 421,  2,  '2016-02-01', '119033', NULL, NULL, 'C51F436B', NULL, NULL, 1,  NULL, NULL, NULL, NULL, NULL, 255,  255,  '2020-09-26 23:25:40',  '2021-04-07 09:49:44',  92),
(418, 422,  2,  '2016-02-01', '119017', NULL, NULL, 'C522095B', NULL, NULL, 1,  NULL, 2,  NULL, NULL, NULL, 255,  255,  '2020-09-26 23:25:40',  '2021-04-07 09:49:44',  88),
(419, 423,  1,  '2016-02-01', '219038', NULL, NULL, 'C51E9C1B', NULL, NULL, 1,  NULL, NULL, NULL, NULL, NULL, 255,  255,  '2020-09-26 23:25:40',  '2021-04-07 09:49:44',  121),
(420, 424,  1,  '2016-02-01', '219039', NULL, NULL, 'C52BAF9B', NULL, NULL, 2,  NULL, NULL, NULL, NULL, NULL, 255,  255,  '2020-09-26 23:25:40',  '2021-04-07 09:49:44',  155),
(421, 425,  1,  '2016-02-01', '219041', NULL, NULL, 'C4FBD71B', NULL, NULL, 1,  NULL, NULL, NULL, NULL, NULL, 255,  255,  '2020-09-26 23:25:40',  '2021-04-07 09:49:44',  21),
(422, 426,  2,  '2016-02-01', '119030', NULL, NULL, 'C51BD32B', NULL, NULL, 1,  NULL, NULL, NULL, NULL, NULL, 255,  255,  '2020-09-26 23:25:40',  '2021-04-07 09:49:44',  87),
(423, 427,  1,  '2016-02-01', '219042', NULL, NULL, 'C51FB04B', NULL, NULL, 1,  NULL, NULL, NULL, NULL, NULL, 255,  255,  '2020-09-26 23:25:40',  '2021-04-07 09:49:44',  132),
(424, 428,  1,  '2016-02-01', '219043', NULL, NULL, 'C520470B', NULL, NULL, 1,  NULL, NULL, NULL, NULL, NULL, 255,  255,  '2020-09-26 23:25:40',  '2021-04-07 09:49:44',  157),
(425, 429,  1,  '2016-02-01', '219044', NULL, NULL, 'C401B3DB', NULL, NULL, 1,  NULL, NULL, NULL, NULL, NULL, 255,  255,  '2020-09-26 23:25:40',  '2021-04-07 09:49:44',  39),
(426, 430,  1,  '2016-02-01', '219045', NULL, NULL, 'C51AEA2B', NULL, NULL, 1,  NULL, NULL, NULL, NULL, NULL, 255,  255,  '2020-09-26 23:25:40',  '2021-04-07 09:49:44',  39),
(427, 431,  2,  '2016-02-01', '116125', NULL, NULL, 'C4FA78BB', NULL, NULL, 1,  NULL, NULL, NULL, NULL, NULL, 255,  255,  '2020-09-26 23:25:40',  '2021-04-07 09:49:44',  88),
(428, 432,  1,  '2016-02-01', '219047', NULL, NULL, 'C4FA8F8B', NULL, NULL, 1,  NULL, NULL, NULL, NULL, NULL, 255,  255,  '2020-09-26 23:25:40',  '2021-04-07 09:49:44',  158),
(429, 433,  1,  '2016-02-01', '219046', NULL, NULL, 'C520998B', NULL, NULL, 1,  NULL, NULL, NULL, NULL, NULL, 255,  255,  '2020-09-26 23:25:40',  '2021-04-07 09:49:44',  159),
(433, 434,  3,  '2016-02-01', '319003', NULL, NULL, 'C4DC07CB', NULL, NULL, 1,  NULL, NULL, NULL, NULL, NULL, 255,  255,  '2020-09-26 23:25:40',  '2021-04-07 09:49:44',  118),
(434, 435,  3,  '2016-02-01', '319004', NULL, NULL, 'C53812BB', NULL, NULL, 1,  NULL, NULL, NULL, NULL, NULL, 255,  255,  '2020-09-26 23:25:40',  '2021-04-07 09:49:44',  118),
(435, 436,  1,  '2016-02-01', '219048', NULL, NULL, 'C4F7454B', NULL, NULL, 1,  NULL, NULL, NULL, NULL, NULL, 255,  255,  '2020-09-26 23:25:40',  '2021-04-07 09:49:44',  165),
(436, 437,  1,  '2016-02-01', '219049', NULL, NULL, 'C4F8CADB', NULL, NULL, 1,  NULL, NULL, NULL, NULL, NULL, 255,  255,  '2020-09-26 23:25:40',  '2021-04-07 09:49:44',  158),
(437, 438,  1,  '2016-02-01', '219050', NULL, NULL, 'C4FA7E0B', NULL, NULL, 1,  NULL, NULL, NULL, NULL, NULL, 255,  255,  '2020-09-26 23:25:40',  '2021-04-07 09:49:44',  163),
(438, 439,  1,  '2016-02-01', '219051', NULL, NULL, 'C4D38ADB', NULL, NULL, 1,  NULL, NULL, NULL, NULL, NULL, 255,  255,  '2020-09-26 23:25:40',  '2021-04-07 09:49:44',  166),
(439, 440,  2,  '2016-02-01', '119016', NULL, NULL, 'C402203B', NULL, NULL, 1,  NULL, NULL, NULL, NULL, NULL, 255,  255,  '2020-09-26 23:25:40',  '2021-04-07 09:49:44',  92),
(440, 441,  2,  '2016-02-01', '119034', NULL, NULL, '878658C0', NULL, NULL, 1,  NULL, 3,  NULL, NULL, NULL, 255,  255,  '2020-09-26 23:25:40',  '2021-04-07 09:49:44',  86),
(441, 442,  1,  '2016-02-01', '219053', NULL, NULL, 'C4F8004B', NULL, NULL, 1,  NULL, NULL, NULL, NULL, NULL, 255,  255,  '2020-09-26 23:25:40',  '2021-04-07 09:49:44',  167),
(442, 443,  1,  '2016-02-01', '219054', NULL, NULL, 'C40151AB', NULL, NULL, 1,  NULL, NULL, NULL, NULL, NULL, 255,  255,  '2020-09-26 23:25:40',  '2021-04-07 09:49:44',  168),
(443, 444,  1,  '2016-02-01', '219052', NULL, '7700015657', '877D3440', NULL, NULL, 1,  NULL, NULL, NULL, NULL, NULL, 255,  255,  '2020-09-26 23:25:40',  '2021-04-07 09:49:44',  166),
(444, 445,  2,  '2016-02-01', '119011', NULL, NULL, '8784BFC0', NULL, NULL, 1,  NULL, NULL, NULL, NULL, NULL, 255,  255,  '2020-09-26 23:25:40',  '2021-04-07 09:49:44',  99),
(445, 446,  2,  '2016-02-01', '119035', NULL, NULL, 'C5202C9B', NULL, NULL, 1,  NULL, NULL, NULL, NULL, NULL, 255,  255,  '2020-09-26 23:25:40',  '2021-04-07 09:49:44',  87),
(446, 447,  1,  '2016-02-01', '219055', NULL, NULL, 'C4FAAABB', NULL, NULL, 1,  NULL, NULL, NULL, NULL, NULL, 255,  255,  '2020-09-26 23:25:40',  '2021-04-07 09:49:44',  43),
(447, 448,  1,  '2016-02-01', '219057', NULL, NULL, 'C3FE1EDB', NULL, NULL, 1,  NULL, NULL, NULL, NULL, NULL, 255,  255,  '2020-09-26 23:25:40',  '2021-04-07 09:49:44',  132),
(448, 449,  1,  '2016-02-01', '219059', NULL, NULL, 'C4D4874B', NULL, NULL, 1,  NULL, NULL, NULL, NULL, NULL, 255,  255,  '2020-09-26 23:25:40',  '2021-04-07 09:49:44',  130),
(449, 450,  1,  '2016-02-01', '219058', NULL, NULL, 'C4001E5B', NULL, NULL, 1,  NULL, NULL, NULL, NULL, NULL, 255,  255,  '2020-09-26 23:25:40',  '2021-04-07 09:49:44',  169),
(450, 451,  1,  '2016-02-01', '219056', NULL, NULL, 'C4D332DB', NULL, NULL, 1,  NULL, NULL, NULL, NULL, NULL, 255,  255,  '2020-09-26 23:25:40',  '2021-04-07 09:49:44',  21),
(451, 452,  1,  '2016-02-01', '219060', NULL, NULL, 'C402AB2B', NULL, NULL, 1,  NULL, NULL, NULL, NULL, NULL, 255,  255,  '2020-09-26 23:25:40',  '2021-04-07 09:49:44',  162),
(452, 453,  1,  '2016-02-01', '219061', NULL, NULL, 'C50A69AB', NULL, NULL, 1,  NULL, NULL, NULL, NULL, NULL, 255,  255,  '2020-09-26 23:25:40',  '2021-04-07 09:49:44',  116),
(454, 455,  1,  '2016-02-01', '220001', NULL, NULL, '3D548680', NULL, NULL, 1,  NULL, NULL, NULL, NULL, NULL, 255,  255,  '2020-09-26 23:25:40',  '2021-04-07 09:49:44',  48),
(455, 456,  2,  '2016-02-01', '120001', NULL, NULL, 'C4D0D3FB', NULL, NULL, 1,  NULL, NULL, NULL, NULL, NULL, 255,  255,  '2020-09-26 23:25:40',  '2021-04-07 09:49:44',  100),
(456, 457,  2,  '2016-02-01', '120002', NULL, NULL, 'C535375B', NULL, NULL, 1,  NULL, NULL, NULL, NULL, NULL, 255,  255,  '2020-09-26 23:25:40',  '2021-04-07 09:49:44',  100),
(457, 458,  2,  '2016-02-01', '120003', NULL, NULL, '3D527900', NULL, NULL, 1,  NULL, NULL, NULL, NULL, NULL, 255,  255,  '2020-09-26 23:25:40',  '2021-04-07 09:49:44',  171),
(458, 459,  2,  '2016-02-01', '120004', NULL, NULL, '3D55B170', NULL, NULL, 1,  NULL, NULL, NULL, NULL, NULL, 255,  255,  '2020-09-26 23:25:40',  '2021-04-07 09:49:44',  95),
(459, 460,  1,  '2016-02-01', '220005', NULL, NULL, '3D5A7480', NULL, NULL, 1,  NULL, NULL, NULL, NULL, NULL, 255,  255,  '2020-09-26 23:25:40',  '2021-04-07 09:49:44',  39),
(460, 461,  1,  '2016-02-01', '220004', NULL, NULL, 'C52CE45B', NULL, NULL, 2,  NULL, NULL, NULL, NULL, NULL, 255,  255,  '2020-09-26 23:25:40',  '2021-04-07 09:49:44',  39),
(461, 462,  1,  '2016-02-01', '220003', NULL, NULL, 'C508CCDB', NULL, NULL, 1,  NULL, NULL, NULL, NULL, NULL, 255,  255,  '2020-09-26 23:25:40',  '2021-04-07 09:49:44',  39),
(462, 463,  1,  '2016-02-01', '220002', NULL, NULL, 'C4F8A36B', NULL, NULL, 2,  NULL, NULL, NULL, NULL, NULL, 255,  255,  '2020-09-26 23:25:40',  '2021-04-07 09:49:44',  39),
(463, 464,  1,  '2016-02-01', '220006', NULL, NULL, '2DD97C51', NULL, NULL, 1,  NULL, NULL, NULL, NULL, NULL, 255,  255,  '2020-09-26 23:25:40',  '2021-04-07 09:49:44',  172),
(464, 465,  3,  '2016-02-01', '320001', NULL, NULL, '23D2B092', NULL, NULL, 1,  NULL, NULL, NULL, NULL, NULL, 255,  255,  '2020-09-26 23:25:40',  '2021-04-07 09:49:44',  113),
(465, 466,  2,  '2016-02-01', '419002', NULL, NULL, '28F7A522', NULL, NULL, 1,  NULL, NULL, NULL, NULL, NULL, 255,  255,  '2020-09-26 23:25:40',  '2021-04-07 09:49:44',  173),
(466, 467,  2,  '2016-02-01', '419003', NULL, NULL, '2836A122', NULL, NULL, 1,  NULL, NULL, NULL, NULL, NULL, 255,  255,  '2020-09-26 23:25:40',  '2021-04-07 09:49:44',  175),
(467, 468,  2,  '2016-02-01', '419001', NULL, NULL, '2D7972A3', NULL, NULL, 1,  NULL, NULL, NULL, NULL, NULL, 255,  255,  '2020-09-26 23:25:40',  '2021-04-07 09:49:44',  174),
(468, 469,  2,  '2016-02-01', '419004', NULL, NULL, '2D9758A3', NULL, NULL, 1,  NULL, NULL, NULL, NULL, NULL, 255,  255,  '2020-09-26 23:25:40',  '2021-04-07 09:49:44',  173),
(469, 470,  2,  '2016-02-01', '419005', NULL, NULL, '236EB892', NULL, NULL, 1,  NULL, NULL, NULL, NULL, NULL, 255,  255,  '2020-09-26 23:25:40',  '2021-04-07 09:49:44',  173),
(470, 471,  2,  '2016-02-01', '420001', NULL, NULL, 'C51BFC4B', NULL, NULL, 1,  NULL, NULL, NULL, NULL, NULL, 255,  255,  '2020-09-26 23:25:40',  '2021-04-07 09:49:44',  173),
(471, 472,  2,  '2016-02-01', '120005', NULL, NULL, '287E8A32', NULL, NULL, 1,  NULL, 3,  NULL, NULL, NULL, 255,  255,  '2020-09-26 23:25:40',  '2021-04-07 09:49:44',  99),
(472, 473,  1,  '2016-02-01', '220007', NULL, NULL, '22182656', NULL, NULL, 1,  NULL, NULL, NULL, NULL, NULL, 255,  255,  '2020-09-26 23:25:40',  '2021-04-07 09:49:44',  176),
(473, 474,  1,  '2016-02-01', '220009', NULL, NULL, 'C4FAE02B', NULL, NULL, 1,  NULL, NULL, NULL, NULL, NULL, 255,  255,  '2020-09-26 23:25:40',  '2021-04-07 09:49:44',  177),
(474, 475,  1,  '2016-02-01', '220008', NULL, NULL, 'C4F65CAB', NULL, NULL, 1,  NULL, NULL, NULL, NULL, NULL, 255,  255,  '2020-09-26 23:25:40',  '2021-04-07 09:49:44',  178),
(475, 476,  1,  '2016-02-01', '220010', NULL, '7700016444', 'C4FA96EB', NULL, NULL, 1,  NULL, NULL, NULL, NULL, NULL, 255,  255,  '2020-09-26 23:25:40',  '2021-04-07 09:49:44',  179),
(476, 477,  2,  '2016-02-01', '120007', NULL, NULL, '0',  NULL, NULL, 1,  NULL, NULL, NULL, NULL, NULL, 255,  255,  '2020-09-26 23:25:40',  '2021-04-07 09:49:44',  86),
(477, 478,  3,  '2016-02-01', '220011', NULL, NULL, 'C4FB0D4B', NULL, NULL, 1,  NULL, NULL, NULL, NULL, NULL, 255,  255,  '2020-09-26 23:25:40',  '2021-04-07 09:49:44',  39),
(478, 479,  3,  '2016-02-01', '220012', NULL, NULL, 'C52212CB', NULL, NULL, 1,  NULL, NULL, NULL, NULL, NULL, 255,  255,  '2020-09-26 23:25:40',  '2021-04-07 09:49:44',  39),
(479, 480,  1,  '2016-02-01', '220013', NULL, NULL, 'C4D3CD7B', NULL, NULL, 1,  NULL, NULL, NULL, NULL, NULL, 255,  255,  '2020-09-26 23:25:40',  '2021-04-07 09:49:44',  43),
(480, 481,  3,  '2016-02-01', '105217004',  NULL, NULL, '0',  NULL, NULL, 1,  NULL, NULL, NULL, NULL, NULL, 255,  255,  '2020-09-26 23:25:40',  '2021-04-07 09:49:44',  181),
(482, 482,  1,  '2016-02-01', '220014', NULL, '7700015956', '3D5D52E0', NULL, NULL, 1,  NULL, NULL, NULL, NULL, NULL, 255,  255,  '2020-09-26 23:25:40',  '2021-04-07 09:49:44',  182),
(485, 483,  1,  '2016-02-01', '220015', NULL, NULL, '3D522AF0', NULL, NULL, 1,  NULL, NULL, NULL, NULL, NULL, 255,  255,  '2020-09-26 23:25:40',  '2021-04-07 09:49:44',  182),
(486, 484,  3,  '2016-02-01', '320002', NULL, NULL, 'C4F8ADFB', NULL, NULL, 1,  NULL, NULL, NULL, NULL, NULL, 255,  255,  '2020-09-26 23:25:40',  '2021-04-07 09:49:44',  113),
(489, 485,  1,  '2016-02-01', '220016', NULL, NULL, '3E7DC713', NULL, NULL, 1,  NULL, NULL, NULL, NULL, NULL, 255,  255,  '2020-09-26 23:25:40',  '2021-04-07 09:49:44',  38),
(490, 486,  2,  '2016-02-01', '120008', NULL, NULL, '0',  NULL, NULL, 1,  NULL, NULL, NULL, NULL, NULL, 255,  255,  '2020-09-26 23:25:40',  '2021-04-07 09:49:44',  90),
(491, 487,  2,  '2016-02-01', '120009', NULL, NULL, '0',  NULL, NULL, 1,  NULL, NULL, NULL, NULL, NULL, NULL, NULL, '2021-02-15 04:12:38',  '2021-04-07 09:49:44',  95),
(492, 488,  1,  '2016-02-01', '220018', NULL, NULL, '0',  NULL, NULL, 1,  NULL, NULL, NULL, NULL, NULL, NULL, NULL, '2021-02-15 04:12:38',  '2021-04-07 09:49:44',  184),
(493, 489,  1,  '2016-02-01', '220017', NULL, NULL, '0',  NULL, NULL, 1,  NULL, NULL, NULL, NULL, NULL, NULL, NULL, '2021-02-15 04:12:38',  '2021-04-07 09:49:44',  185),
(494, 490,  1,  '2016-02-01', '220019', NULL, NULL, '0',  NULL, NULL, 1,  NULL, NULL, NULL, NULL, NULL, NULL, NULL, '2021-02-15 04:12:38',  '2021-04-07 09:49:44',  186),
(495, 491,  1,  '2016-02-01', '220024', NULL, NULL, '0',  NULL, NULL, 1,  NULL, NULL, NULL, NULL, NULL, NULL, NULL, '2021-02-15 04:12:38',  '2021-04-07 09:49:44',  188),
(496, 492,  1,  '2016-02-01', '220023', NULL, NULL, '0',  NULL, NULL, 1,  NULL, NULL, NULL, NULL, NULL, NULL, NULL, '2021-02-15 04:12:38',  '2021-04-07 09:49:44',  187),
(497, 493,  1,  '2016-02-01', '220020', NULL, NULL, '0',  NULL, NULL, 1,  NULL, NULL, NULL, NULL, NULL, NULL, NULL, '2021-02-15 04:12:38',  '2021-04-07 09:49:44',  189),
(498, 494,  3,  '2016-02-01', '520001', NULL, NULL, '0',  NULL, NULL, 1,  NULL, NULL, NULL, NULL, NULL, NULL, NULL, '2021-02-15 04:12:38',  '2021-04-07 09:49:44',  190),
(499, 495,  1,  '2016-02-01', '220022', NULL, NULL, '0',  NULL, NULL, 1,  NULL, NULL, NULL, NULL, NULL, NULL, NULL, '2021-02-15 04:12:38',  '2021-04-07 09:49:44',  192),
(500, 496,  3,  '2016-02-01', '120010', NULL, NULL, '0',  NULL, NULL, 1,  NULL, NULL, NULL, NULL, NULL, NULL, NULL, '2021-02-15 04:12:38',  '2021-04-07 09:49:44',  85),
(501, 497,  3,  '2016-02-01', '520002', NULL, NULL, '0',  NULL, NULL, 1,  NULL, NULL, NULL, NULL, NULL, NULL, NULL, '2021-02-15 04:12:38',  '2021-04-07 09:49:44',  190),
(502, 498,  3,  '2016-02-01', '320003', NULL, NULL, '0',  NULL, NULL, 1,  NULL, NULL, NULL, NULL, NULL, NULL, NULL, '2021-02-15 04:12:38',  '2021-04-07 09:49:44',  193),
(503, 499,  3,  '2016-02-01', '220025', NULL, NULL, '1E3565C1', NULL, NULL, 1,  NULL, NULL, NULL, NULL, NULL, NULL, NULL, '2021-02-15 04:12:38',  '2021-04-07 09:49:44',  39),
(504, 500,  2,  '2016-02-01', '120011', NULL, NULL, '0',  NULL, NULL, 1,  NULL, NULL, NULL, NULL, NULL, NULL, NULL, '2021-02-15 04:12:38',  '2021-04-07 09:49:44',  91),
(505, 501,  2,  '2016-02-01', '120013', NULL, NULL, '0',  NULL, NULL, 1,  NULL, NULL, NULL, NULL, NULL, NULL, NULL, '2021-02-15 04:12:38',  '2021-04-07 09:49:44',  88),
(506, 502,  1,  '2016-02-01', '221001', NULL, NULL, '0',  NULL, NULL, 1,  NULL, NULL, NULL, NULL, NULL, NULL, NULL, '2021-02-15 04:12:38',  '2021-04-07 09:49:44',  186),
(507, 503,  1,  '2016-02-01', '221002', NULL, NULL, '0',  NULL, NULL, 1,  NULL, NULL, NULL, NULL, NULL, NULL, NULL, '2021-02-15 04:12:38',  '2021-04-07 09:49:44',  194),
(508, 504,  1,  '2016-02-01', '221003', NULL, NULL, '0',  NULL, NULL, 1,  NULL, NULL, NULL, NULL, NULL, NULL, NULL, '2021-02-15 04:12:38',  '2021-04-07 09:49:44',  195),
(509, 505,  2,  '2016-02-01', '120012', NULL, NULL, '0',  NULL, NULL, 1,  NULL, 3,  NULL, NULL, NULL, NULL, NULL, '2021-02-15 04:12:38',  '2021-04-07 09:49:44',  97),
(510, 506,  2,  '2016-02-01', '121003', NULL, NULL, '0',  NULL, NULL, 1,  NULL, NULL, NULL, NULL, NULL, NULL, NULL, '2021-02-15 04:12:38',  '2021-04-07 09:49:44',  96),
(511, 507,  2,  '2016-02-01', '121001', NULL, NULL, '0',  NULL, NULL, 1,  NULL, NULL, NULL, NULL, NULL, NULL, NULL, '2021-02-15 04:12:38',  '2021-04-07 09:49:44',  91),
(512, 508,  1,  '2016-02-01', '221004', NULL, NULL, '0',  NULL, NULL, 1,  NULL, NULL, NULL, NULL, NULL, NULL, NULL, '2021-02-15 04:12:38',  '2021-04-07 09:49:44',  196),
(513, 509,  1,  '2016-02-01', '221005', NULL, NULL, '0',  NULL, NULL, 1,  NULL, NULL, NULL, NULL, NULL, NULL, NULL, '2021-02-15 04:12:38',  '2021-04-07 09:49:44',  197),
(514, 510,  3,  '2016-02-01', '221006', NULL, NULL, 'C51B72DB', NULL, NULL, 1,  NULL, NULL, NULL, NULL, NULL, NULL, NULL, '2021-02-15 04:12:38',  '2021-04-07 09:49:44',  39),
(515, 511,  1,  '2016-02-01', '221007', NULL, NULL, '0',  NULL, NULL, 1,  NULL, NULL, NULL, NULL, NULL, NULL, NULL, '2021-02-15 04:12:38',  '2021-04-07 09:49:44',  152),
(516, 512,  2,  '2016-02-01', '121005', NULL, NULL, '0',  NULL, NULL, 1,  NULL, NULL, NULL, NULL, NULL, NULL, NULL, '2021-02-15 04:12:38',  '2021-04-07 09:49:44',  198),
(517, 513,  1,  '2016-02-01', '221008', NULL, NULL, '0',  NULL, NULL, 1,  NULL, NULL, NULL, NULL, NULL, 255,  255,  '2021-04-06 19:39:35',  '2021-04-07 09:49:44',  163);

DROP TABLE IF EXISTS `employee_status`;
CREATE TABLE `employee_status` (
  `id` int(11) NOT NULL AUTO_INCREMENT,
  `status` varchar(255) COLLATE utf8_unicode_ci DEFAULT NULL,
  PRIMARY KEY (`id`)
) ENGINE=InnoDB DEFAULT CHARSET=utf8 COLLATE=utf8_unicode_ci;

INSERT INTO `employee_status` (`id`, `status`) VALUES
(1, 'Aktif'),
(2, 'Resign'),
(3, 'Unpaid Leave'),
(4, 'Tugas Belajar');

DROP TABLE IF EXISTS `functional_position`;
CREATE TABLE `functional_position` (
  `id` int(11) NOT NULL AUTO_INCREMENT,
  `position` varchar(255) NOT NULL,
  PRIMARY KEY (`id`)
) ENGINE=InnoDB DEFAULT CHARSET=utf8mb4;

INSERT INTO `functional_position` (`id`, `position`) VALUES
(1, 'Tanpa Jabatan'),
(2, 'Asisten Ahli'),
(3, 'Lektor'),
(4, 'Lektor Kepala'),
(5, 'Professor');

DROP TABLE IF EXISTS `geo_cities`;
CREATE TABLE `geo_cities` (
  `id` int(11) NOT NULL AUTO_INCREMENT,
  `city` varchar(255) COLLATE utf8_unicode_ci DEFAULT NULL,
  `latitude` varchar(255) COLLATE utf8_unicode_ci DEFAULT NULL,
  `longitude` varchar(255) COLLATE utf8_unicode_ci DEFAULT NULL,
  PRIMARY KEY (`id`)
) ENGINE=InnoDB DEFAULT CHARSET=utf8 COLLATE=utf8_unicode_ci;

INSERT INTO `geo_cities` (`id`, `city`, `latitude`, `longitude`) VALUES
(1, ' Kabupaten Anambas', '3.1055459',  '105.6537231'),
(2, 'Kabupaten Aceh Barat', '4.4542745',  '96.1526985'),
(3, 'Kabupaten Aceh Barat Daya',  '3.0512643',  '97.3368031'),
(4, 'Kabupaten Aceh Besar', '5.4529168',  '95.4777811'),
(5, 'Kabupaten Aceh Jaya',  '4.7873684',  '95.6457951'),
(6, 'Kabupaten Aceh Selatan', '3.3115056',  '97.3516558'),
(7, 'Kabupaten Aceh Singkil', '2.3589459',  '97.87216'),
(8, 'Kabupaten Aceh Tamiang', '4.2328871',  '98.0028892'),
(9, 'Kabupaten Aceh Tengah',  '4.4482641',  '96.8350999'),
(10,  'Kabupaten Aceh Tenggara',  '3.3088666',  '97.6982272'),
(11,  'Kabupaten Aceh Timur', '5.255443', '95.9885456'),
(12,  'Kabupaten Aceh Utara', '4.9786331',  '97.2221421'),
(13,  'Kabupaten Agam', '-0.2209392', '100.1703257'),
(14,  'Kabupaten Alor', '-8.2754027', '124.7298765'),
(15,  'Kabupaten Asahan', '2.8174722',  '99.634135'),
(16,  'Kabupaten Asmat',  '-5.0573958', '138.3988186'),
(17,  'Kabupaten Badung', '-8.5819296', '115.1770586'),
(18,  'Kabupaten Balangan', '-2.3260425', '115.6154732'),
(19,  'Kabupaten Bandung',  '-6.9147444', '107.6098111'),
(20,  'Kabupaten Bandung Barat',  '-6.8937121', '107.4321959'),
(21,  'Kabupaten Banggai',  '-1.6408137', '123.5504076'),
(22,  'Kabupaten Banggai Kepulauan',  '-1.6408137', '123.5504076'),
(23,  'Kabupaten Bangka', '-2.2884782', '106.0640179'),
(24,  'Kabupaten Bangka Barat', '-2.2884782', '106.0640179'),
(25,  'Kabupaten Bangka Selatan', '-2.2884782', '106.0640179'),
(26,  'Kabupaten Bangka Tengah',  '-2.2884782', '106.0640179'),
(27,  'Kabupaten Bangkalan',  '-7.0306912', '112.7450068'),
(28,  'Kabupaten Bangli', '-8.454303',  '115.354897'),
(29,  'Kabupaten Banjar', '-7.3666667', '108.5333333'),
(30,  'Kabupaten Banjarnegara', '-7.402706',  '109.681396'),
(31,  'Kabupaten Bantaeng', '-5.5169316', '120.0202964'),
(32,  'Kabupaten Bantul', '-7.8846111', '110.3341111'),
(33,  'Kabupaten Banyu Asin', '-2.6095639', '104.7520939'),
(34,  'Kabupaten Banyumas', '-7.4832133', '109.140438'),
(35,  'Kabupaten Banyuwangi', '-8.2186111', '114.3669444'),
(36,  'Kabupaten Barito Kuala', '-3.0714738', '114.6667939'),
(37,  'Kabupaten Barito Selatan', '-1.875943',  '114.8092691'),
(38,  'Kabupaten Barito Timur', '-2.0123999', '115.188916'),
(39,  'Kabupaten Barito Utara', '-0.9587136', '115.094045'),
(40,  'Kabupaten Barru',  '-4.4172651', '119.6730939'),
(41,  'Kabupaten Batang', '-6.8941111', '109.7234519'),
(42,  'Kabupaten Batang Hari',  '-1.7083922', '103.0817903'),
(43,  'Kabupaten Batanghari', '-1.7083922', '103.0817903'),
(44,  'Kabupaten Batu Bara',  '3.1740979',  '99.5006143'),
(45,  'Kabupaten Bekasi', '-6.2333333', '107'),
(46,  'Kabupaten Belitung', '-2.8708938', '107.9531836'),
(47,  'Kabupaten Belitung Timur', '-2.8708938', '107.9531836'),
(48,  'Kabupaten Belu', '-9.4125796', '124.9506625'),
(49,  'Kabupaten Bener Meriah', '4.7748348',  '97.0068393'),
(50,  'Kabupaten Bengkalis',  '1.4897222',  '102.0797222'),
(51,  'Kabupaten Bengkayang', '0.8209729',  '109.477699'),
(52,  'Kabupaten Bengkulu Selatan', '-4.3248409', '103.035694'),
(53,  'Kabupaten Bengkulu Tengah',  '-3.7955556', '102.2591667'),
(54,  'Kabupaten Bengkulu Utara', '-3.4219555', '102.1632718'),
(55,  'Kabupaten Berau',  '2.0450883',  '117.3616476'),
(56,  'Kabupaten Biak Numfor',  '-1.0381022', '135.9800848'),
(57,  'Kabupaten Bima', '-8.460566',  '118.727402'),
(58,  'Kabupaten Bintan', '1.0619173',  '104.5189214'),
(59,  'Kabupaten Bireuen',  '5.18254',  '96.89005'),
(60,  'Kabupaten Blitar', '-8.1014419', '112.162762'),
(61,  'Kabupaten Blora',  '-6.95',  '111.4166667'),
(62,  'Kabupaten Boalemo',  '0.7013419',  '122.2653887'),
(63,  'Kabupaten Bogor',  '-6.6', '106.8'),
(64,  'Kabupaten Bojonegoro', '0.882681', '124.4669566'),
(65,  'Kabupaten Bolaang Mongondow',  '0.6870994',  '124.0641419'),
(66,  'Kabupaten Bolaang Mongondow Utara',  '0.818691', '123.5280072'),
(67,  'Kabupaten Bolang Mongondow Selatan', '0.4053215',  '123.8411288'),
(68,  'Kabupaten Bolang Mongondow Timur', '0.7152651',  '124.4641848'),
(69,  'Kabupaten Bombana',  '-4.6543462', '121.9017954'),
(70,  'Kabupaten Bondowoso',  '-7.917704',  '113.813483'),
(71,  'Kabupaten Bone', '-2.083333',  '120.216667'),
(72,  'Kabupaten Bone Bolango', '0.5657885',  '123.3486147'),
(73,  'Kabupaten Boven Digoel', '-5.7400018', '140.3481835'),
(74,  'Kabupaten Boyolali', '-7.523819',  '110.595901'),
(75,  'Kabupaten Brebes', '-6.8833333', '109.05'),
(76,  'Kabupaten Buleleng', '-8.113831',  '115.126999'),
(77,  'Kabupaten Bulukumba',  '-5.4329368', '120.2051096'),
(78,  'Kabupaten Bulungan', '2.9042476',  '116.9852422'),
(79,  'Kabupaten Bungo',  '-1.6401338', '101.8891721'),
(80,  'Kabupaten Buol', '0.9695452',  '121.3541631'),
(81,  'Kabupaten Buru', '-3.3927754', '126.7819505'),
(82,  'Kabupaten Buru Selatan', '-3.3927754', '126.7819505'),
(83,  'Kabupaten Buton',  '-5.3096355', '122.9888319'),
(84,  'Kabupaten Buton Utara',  '-4.7023424', '123.0338767'),
(85,  'Kabupaten Ciamis', '-7.3333333', '108.35'),
(86,  'Kabupaten Cianjur',  '-6.8172531', '107.1307289'),
(87,  'Kabupaten Cilacap',  '-7.733333',  '109'),
(88,  'Kabupaten Cirebon',  '-6.715534',  '108.564003'),
(89,  'Kabupaten Dairi',  '2.8675801',  '98.265058'),
(90,  'Kabupaten Deiyai', '-4.0974893', '136.4393054'),
(91,  'Kabupaten Deli Serdang', '3.4201802',  '98.704075'),
(92,  'Kabupaten Demak',  '-6.888115',  '110.639297'),
(93,  'Kabupaten Dharmas Raya', '-1.1120568', '101.6157773'),
(94,  'Kabupaten Dogiyai',  '-4.0193872', '135.9610446'),
(95,  'Kabupaten Dompu',  '-8.4966318', '118.4747173'),
(96,  'Kabupaten Donggala', '-0.4233155', '119.8352303'),
(97,  'Kabupaten Empat Lawang', '-3.7286029', '102.8975098'),
(98,  'Kabupaten Ende', '-8.854053',  '121.654198'),
(99,  'Kabupaten Enrekang', '-3.563128',  '119.7612'),
(100, 'Kabupaten Fakfak', '-2.885237',  '132.2658282'),
(101, 'Kabupaten Flores Timur', '-8.3130942', '122.9663018'),
(102, 'Kabupaten Garut',  '-7.227906',  '107.908699'),
(103, 'Kabupaten Gayo Lues',  '3.955165', '97.3516558'),
(104, 'Kabupaten Gianyar',  '-8.544185',  '115.3255'),
(105, 'Kabupaten Gorontalo',  '0.5333333',  '123.0666667'),
(106, 'Kabupaten Gorontalo Utara',  '0.9252647',  '122.4920088'),
(107, 'Kabupaten Gowa', '-5.3102888', '119.742604'),
(108, 'Kabupaten Gresik', '-7.15665', '112.6555'),
(109, 'Kabupaten Grobogan', '-7.0217194', '110.9625854'),
(110, 'Kabupaten Gunung Kidul', '-8.0305091', '110.6168921'),
(111, 'Kabupaten Gunung Mas', '-6.7052778', '106.9913889'),
(112, 'Kabupaten Halmahera Barat',  '1.3121235',  '128.4849923'),
(113, 'Kabupaten Halmahera Selatan',  '1.3121235',  '128.4849923'),
(114, 'Kabupaten Halmahera Tengah', '1.3121235',  '128.4849923'),
(115, 'Kabupaten Halmahera Timur',  '1.3121235',  '128.4849923'),
(116, 'Kabupaten Halmahera Utara',  '1.3121235',  '128.4849923'),
(117, 'Kabupaten Hulu Sungai Selatan',  '-2.7662681', '115.2363408'),
(118, 'Kabupaten Hulu Sungai Tengah', '-2.6153162', '115.5207358'),
(119, 'Kabupaten Hulu Sungai Utara',  '-2.4421225', '115.188916'),
(120, 'Kabupaten Humbang Hasundutan', '2.1988508',  '98.5721016'),
(121, 'Kabupaten Indragiri Hilir',  '-0.1456733', '102.989615'),
(122, 'Kabupaten Indragiri Hulu', '-0.7361181', '102.2547919'),
(123, 'Kabupaten Indramayu',  '-6.336315',  '108.325104'),
(124, 'Kabupaten Intan Jaya', '-3.5076422', '136.7478493'),
(125, 'Kabupaten Jayapura', '-2.533', '140.717'),
(126, 'Kabupaten Jayawijaya', '-4.0004481', '138.7995122'),
(127, 'Kabupaten Jember', '-8.172357',  '113.700302'),
(128, 'Kabupaten Jembrana', '-8.361852',  '114.6418'),
(129, 'Kabupaten Jeneponto',  '-5.554579',  '119.6730939'),
(130, 'Kabupaten Jepara', '-6.5596059', '110.6717'),
(131, 'Kabupaten Jombang',  '-7.5468395', '112.2264794'),
(132, 'Kabupaten Kaimana',  '-3.660925',  '133.774506'),
(133, 'Kabupaten Kampar', '0.146671', '101.1617356'),
(134, 'Kabupaten Kapuas', '-0.0459972', '110.1313251'),
(135, 'Kabupaten Kapuas Hulu',  '-0.7931004', '113.9060624'),
(136, 'Kabupaten Karang Asem',  '-6.3996057', '108.0503042'),
(137, 'Kabupaten Karanganyar',  '-7.5961111', '110.9508333'),
(138, 'Kabupaten Karawang', '-6.3227303', '107.3375791'),
(139, 'Kabupaten Karimun',  '1.05', '103.3666667'),
(140, 'Kabupaten Karo', '3.1052909',  '98.265058'),
(141, 'Kabupaten Katingan', '-0.9758379', '112.8105512'),
(142, 'Kabupaten Kaur', '-4.6792278', '103.4511768'),
(143, 'Kabupaten Kayong Utara', '-0.9225877', '110.0449662'),
(144, 'Kabupaten Kebumen',  '-7.678682',  '109.656502'),
(145, 'Kabupaten Kediri', '-7.809356',  '112.032356'),
(146, 'Kabupaten Keerom', '-3.3449536', '140.7624493'),
(147, 'Kabupaten Kendal', '-6.919686',  '110.205597'),
(148, 'Kabupaten Kepahiang',  '-3.651431',  '102.578201'),
(149, 'Kabupaten Kepulauan Aru',  '-6.1946502', '134.5501935'),
(150, 'Kabupaten Kepulauan Mentawai', '-1.426001',  '98.9245343'),
(151, 'Kabupaten Kepulauan Meranti',  '0.9208765',  '102.6675575'),
(152, 'Kabupaten Kepulauan Sangihe',  '3.5303212',  '125.5438967'),
(153, 'Kabupaten Kepulauan Seribu', '-5.7985266', '106.5071982'),
(154, 'Kabupaten Kepulauan Sula', '-1.8666667', '125.3666667'),
(155, 'Kabupaten Kepulauan Talaud', '4.092',  '126.768'),
(156, 'Kabupaten Kepulauan Yapen',  '-1.7469359', '136.1709012'),
(157, 'Kabupaten Kerinci',  '-1.8720467', '101.4339148'),
(158, 'Kabupaten Kerinci',  '-1.697', '101.264'),
(159, 'Kabupaten Ketapang', '-1.859098',  '109.971901'),
(160, 'Kabupaten Klaten', '-7.711687',  '110.595497'),
(161, 'Kabupaten Klungkung',  '-8.5389222', '115.4045111'),
(162, 'Kabupaten Kolaka', '-4.049665',  '121.593803'),
(163, 'Kabupaten Kolaka Utara', '-3.1347227', '121.1710389'),
(164, 'Kabupaten Konawe', '-3.9380432', '122.0837445'),
(165, 'Kabupaten Konawe Selatan', '-4.2027915', '122.4467238'),
(166, 'Kabupaten Konawe Utara', '-3.3803291', '122.0837445'),
(167, 'Kabupaten Kota Baru',  '-6.332973',  '106.807915'),
(168, 'Kabupaten Kotawaringin Barat', '-6.1961131', '106.8630174'),
(169, 'Kabupaten Kotawaringin Timur', '-6.1952992', '106.8630737'),
(170, 'Kabupaten Kuantan Singingi', '-0.4411596', '101.5248055'),
(171, 'Kabupaten Kubu Raya',  '-0.3533938', '109.4735066'),
(172, 'Kabupaten Kudus',  '-6.804087',  '110.838203'),
(173, 'Kabupaten Kulon Progo',  '-7.8266798', '110.1640846'),
(174, 'Kabupaten Kuningan', '-6.9833333', '108.4833333'),
(175, 'Kabupaten Kupang', '-10.1833333',  '123.5833333'),
(176, 'Kabupaten Kutai Barat',  '0.1353881',  '115.094045'),
(177, 'Kabupaten Kutai Kartanegara',  '-0.1336655', '116.6081653'),
(178, 'Kabupaten Kutai Timur',  '0.9433774',  '116.9852422'),
(179, 'Kabupaten Labuhanbatu',  '2.3439863',  '100.1703257'),
(180, 'Kabupaten Labuhanbatu Selatan',  '1.8799353',  '100.1703257'),
(181, 'Kabupaten Labuhanbatu Utara',  '2.3465638',  '99.8124935'),
(182, 'Kabupaten Lahat',  '-3.7863889', '103.5427778'),
(183, 'Kabupaten Lamandau', '-1.9269166', '111.1891151'),
(184, 'Kabupaten Lamongan', '-7.406153',  '109.3946794'),
(185, 'Kabupaten Lampung Barat',  '-5.1490396', '104.1930918'),
(186, 'Kabupaten Lampung Selatan',  '-5.5622614', '105.5474373'),
(187, 'Kabupaten Lampung Tengah', '-4.8008086', '105.3131185'),
(188, 'Kabupaten Lampung Timur',  '-5.1134995', '105.6881788'),
(189, 'Kabupaten Lampung Utara',  '-4.8133905', '104.7520939'),
(190, 'Kabupaten Landak', '0.4237287',  '109.7591675'),
(191, 'Kabupaten Langkat',  '3.8653916',  '98.3088441'),
(192, 'Kabupaten Lanny Jaya', '-3.971033',  '138.3190276'),
(193, 'Kabupaten Lebak',  '-6.5643956', '106.2522143'),
(194, 'Kabupaten Lebong', '-2.992617',  '104.382202'),
(195, 'Kabupaten Lembata',  '-8.4719075', '123.4831906'),
(196, 'Kabupaten Lima Puluh Kota',  '3.168216', '99.4187929'),
(197, 'Kabupaten Lingga', '-0.1627686', '104.6354631'),
(198, 'Kabupaten Lombok Barat', '-8.6464599', '116.1123078'),
(199, 'Kabupaten Lombok Tengah',  '-8.694623',  '116.2777073'),
(200, 'Kabupaten Lombok Timur', '-8.5134471', '116.5609857'),
(201, 'Kabupaten Lombok Utara', '-8.3739076', '116.2777073'),
(202, 'Kabupaten Lumajang', '-8.137022',  '113.226601'),
(203, 'Kabupaten Luwu', '-3.3052214', '120.2512728'),
(204, 'Kabupaten Luwu Timur', '-2.5825518', '121.1710389'),
(205, 'Kabupaten Luwu Utara', '-2.2690446', '119.9740534'),
(206, 'Kabupaten Madiun', '-7.627753',  '111.505483'),
(207, 'Kabupaten Magelang', '-7.481253',  '110.213799'),
(208, 'Kabupaten Magetan',  '-7.6493413', '111.3381593'),
(209, 'Kabupaten Majalengka', '-6.8531026', '108.2258897'),
(210, 'Kabupaten Majene', '-3.0297251', '118.9062794'),
(211, 'Kabupaten Malang', '-8.0495643', '112.6884549'),
(212, 'Kabupaten Malinau',  '3.584221', '116.647797'),
(213, 'Kabupaten Maluku Barat Daya',  '-7.7851588', '126.3498097'),
(214, 'Kabupaten Maluku Tengah',  '-3.0166501', '129.4864411'),
(215, 'Kabupaten Maluku Tenggara',  '-5.7512455', '132.7271587'),
(216, 'Kabupaten Maluku Tenggara Barat',  '-7.5322642', '131.3611121'),
(217, 'Kabupaten Mamasa', '-2.960135',  '119.368202'),
(218, 'Kabupaten Mamberamo Raya', '-2.5331255', '137.7637565'),
(219, 'Kabupaten Mamuju', '-2.7293364', '118.9295737'),
(220, 'Kabupaten Mamuju Utara', '-1.5264542', '119.5107708'),
(221, 'Kabupaten Mandailing Natal', '0.7432372',  '99.3673084'),
(222, 'Kabupaten Manggarai',  '-8.6796987', '120.3896651'),
(223, 'Kabupaten Manggarai Barat',  '-8.6688149', '120.0665236'),
(224, 'Kabupaten Manggarai Timur',  '-8.6206712', '120.6199895'),
(225, 'Kabupaten Manokwari',  '-0.8614531', '134.0620421'),
(226, 'Kabupaten Mappi',  '-7.102232',  '139.396393'),
(227, 'Kabupaten Maros',  '-4.94695', '119.578903'),
(228, 'Kabupaten Maybat', '3.1472', '101.6997'),
(229, 'Kabupaten Melawi', '-0.7000681', '111.6660725'),
(230, 'Kabupaten Memberamo Tengah', '-2.3745692', '138.3190276'),
(231, 'Kabupaten Merangin', '-2.1752789', '101.9804613'),
(232, 'Kabupaten Merauke',  '-8.4960406', '140.3945527'),
(233, 'Kabupaten Mesuji', '-4.0044783', '105.3131185'),
(234, 'Kabupaten Mimika', '-4.4553223', '137.1362125'),
(235, 'Kabupaten Minahasa', '1',  '124.5833333'),
(236, 'Kabupaten Minahasa Selatan', '1.0946773',  '124.4641848'),
(237, 'Kabupaten Minahasa Tenggara',  '1.0278551',  '124.7298765'),
(238, 'Kabupaten Minahasa Utara', '1.5327973',  '124.994751'),
(239, 'Kabupaten Mojokerto',  '-7.488075',  '112.427027'),
(240, 'Kabupaten Morowali', '-2.3003072', '121.5370003'),
(241, 'Kabupaten Muara Enim', '-3.651581',  '103.770798'),
(242, 'Kabupaten Muaro Jambi',  '-1.596672',  '103.615799'),
(243, 'Kabupaten Mukomuko', '-2.5760003', '101.1169805'),
(244, 'Kabupaten Muna', '-4.901629',  '122.6277455'),
(245, 'Kabupaten Murung Raya',  '-0.1362171', '114.3341432'),
(246, 'Kabupaten Musi Banyuasin', '-2.5442029', '103.7289167'),
(247, 'Kabupaten Musi Rawas', '-2.8625305', '102.989615'),
(248, 'Kabupaten Nabire', '-3.5095462', '135.7520985'),
(249, 'Kabupaten Nagan Raya', '4.1248406',  '96.4929797'),
(250, 'Kabupaten Nagekeo',  '-8.6753545', '121.3084088'),
(251, 'Kabupaten Natuna', '3.9329945',  '108.1812242'),
(252, 'Kabupaten Nduga',  '-4.4069496', '138.2393528'),
(253, 'Kabupaten Ngada',  '-8.7430424', '120.9876321'),
(254, 'Kabupaten Nganjuk',  '-7.602932',  '111.901808'),
(255, 'Kabupaten Ngawi',  '-7.38993', '111.46193'),
(256, 'Kabupaten Nias', '-8.1712591', '113.7111274'),
(257, 'Kabupaten Nias Barat', '1.1255279',  '97.5247243'),
(258, 'Kabupaten Nias Selatan', '0.7086091',  '97.8286368'),
(259, 'Kabupaten Nias Utara', '1.1255279',  '97.5247243'),
(260, 'Kabupaten Nunukan',  '4.0609227',  '117.666952'),
(261, 'Kabupaten Ogan Ilir',  '-3.426544',  '104.6121475'),
(262, 'Kabupaten Ogan Komering Ilir', '-3.4559744', '105.2194808'),
(263, 'Kabupaten Ogan Komering Ulu',  '-4.0283486', '104.0072348'),
(264, 'Kabupaten Ogan Komering Ulu Selatan',  '-4.6681951', '104.0072348'),
(265, 'Kabupaten Ogan Komering Ulu Timur',  '-3.8567934', '104.7520939'),
(266, 'Kabupaten Pacitan',  '-8.204614',  '111.08769'),
(267, 'Kabupaten Padang Lawas', '1.1186977',  '99.8124935'),
(268, 'Kabupaten Padang Lawas Utara', '1.5758644',  '99.634135'),
(269, 'Kabupaten Padang Pariaman',  '-0.5546757', '100.2151578'),
(270, 'Kabupaten Pakpak Bharat',  '2.545786', '98.299838'),
(271, 'Kabupaten Pamekasan',  '-7.1666667', '113.4666667'),
(272, 'Kabupaten Pandeglang', '-6.314835',  '106.103897'),
(273, 'Kabupaten Pangkajene Dan Kepulauan', '-4.805035',  '119.5571677'),
(274, 'Kabupaten Paniai', '-3.7876441', '136.3624686'),
(275, 'Kabupaten Parigi Moutong', '0.5817607',  '120.8039474'),
(276, 'Kabupaten Pasaman',  '0.1288752',  '99.7901781'),
(277, 'Kabupaten Pasaman Barat',  '0.2213005',  '99.634135'),
(278, 'Kabupaten Paser',  '-1.7175266', '115.9467997'),
(279, 'Kabupaten Pasuruan', '-6.8623098', '108.8001936'),
(280, 'Kabupaten Pati', '-6.751338',  '111.038002'),
(281, 'Kabupaten Pegunungan Bintang', '-4.5589872', '140.5135589'),
(282, 'Kabupaten Pekalongan', '-6.882887',  '109.669998'),
(283, 'Kabupaten Pelalawan',  '0.441415', '102.088699'),
(284, 'Kabupaten Pemalang', '-6.884234',  '109.377998'),
(285, 'Kabupaten Penajam Paser Utara',  '-1.2917094', '116.5137964'),
(286, 'Kabupaten Pesawaran',  '-5.493245',  '105.0791228'),
(287, 'Kabupaten Pesisir Selatan',  '-1.7223147', '100.8903099'),
(288, 'Kabupaten Pidie',  '5.0742659',  '95.940971'),
(289, 'Kabupaten Pidie Jaya', '5.1548063',  '96.195132'),
(290, 'Kabupaten Pinrang',  '-3.793071',  '119.6408'),
(291, 'Kabupaten Pohuwato', '0.7055278',  '121.7195459'),
(292, 'Kabupaten Polewali Mandar',  '-3.3419323', '119.1390642'),
(293, 'Kabupaten Ponorogo', '-7.867827',  '111.466003'),
(294, 'Kabupaten Pontianak',  '-0.022523',  '109.330307'),
(295, 'Kabupaten Poso', '-1.391922',  '120.766998'),
(296, 'Kabupaten Pringsewu',  '-5.3539884', '104.9622498'),
(297, 'Kabupaten Probolinggo',  '-7.753965',  '113.210675'),
(298, 'Kabupaten Pulang Pisau', '-2.6849607', '113.9536466'),
(299, 'Kabupaten Pulau Morota', '2.3656672',  '128.4008357'),
(300, 'Kabupaten Puncak', '-6.7125476', '106.9542425'),
(301, 'Kabupaten Puncak Jaya',  '-4.0836111', '137.1847222'),
(302, 'Kabupaten Purbalingga',  '-7.390747',  '109.3638'),
(303, 'Kabupaten Purwakarta', '-6.5386806', '107.4499404'),
(304, 'Kabupaten Purworejo',  '-7.709731',  '110.008003'),
(305, 'Kabupaten Raja Ampat', '-1.0915151', '130.8778586'),
(306, 'Kabupaten Rejang Lebong',  '-3.4548154', '102.6675575'),
(307, 'Kabupaten Rembang',  '-6.71124', '111.345299'),
(308, 'Kabupaten Rokan Hilir',  '1.6463978',  '100.8000051'),
(309, 'Kabupaten Rokan Hulu', '1.0410934',  '100.439656'),
(310, 'Kabupaten Rote Ndao',  '-10.7386421',  '123.1239049'),
(311, 'Kabupaten S I A K',  '-0.789275',  '113.921327'),
(312, 'Kabupaten Sabu Raijua',  '-10.5541116',  '121.8334868'),
(313, 'Kabupaten Sambas', '1.361328', '109.309998'),
(314, 'Kabupaten Samosir',  '2.5833333',  '98.8166667'),
(315, 'Kabupaten Sampang',  '-7.5782556', '109.2058436'),
(316, 'Kabupaten Sanggau',  '0.119275', '110.597298'),
(317, 'Kabupaten Sarmi',  '-1.868727',  '138.743607'),
(318, 'Kabupaten Sarolangun', '-2.2654937', '102.6905326'),
(319, 'Kabupaten Sekadau',  '0.015637', '110.888603'),
(320, 'Kabupaten Selayar',  '-6', '120.5'),
(321, 'Kabupaten Seluma', '-4.0622929', '102.5642261'),
(322, 'Kabupaten Semarang', '-6.9666667', '110.4166667'),
(323, 'Kabupaten Seram Bagian Barat', '-3.1271575', '128.4008357'),
(324, 'Kabupaten Seram Bagian Timur', '-3.4150761', '130.390488'),
(325, 'Kabupaten Serang', '-6.12009', '106.150299'),
(326, 'Kabupaten Serdang Bedagai',  '3.3371694',  '99.0571089'),
(327, 'Kabupaten Seruyan',  '-3.0123467', '112.4291464'),
(328, 'Kabupaten Siau Tagulandang Biaro', '2.345964', '125.4124355'),
(329, 'Kabupaten Sidenreng Rappang',  '-3.7738981', '120.0202964'),
(330, 'Kabupaten Sidoarjo', '-7.4530278', '112.7173389'),
(331, 'Kabupaten Sigi', '-1.3834127', '120.0665236'),
(332, 'Kabupaten Sijunjung',  '-0.6881586', '100.997658'),
(333, 'Kabupaten Sikka',  '-8.6766175', '122.1291843'),
(334, 'Kabupaten Simalungun', '2.9781612',  '99.2785583'),
(335, 'Kabupaten Simeulue', '2.583333', '96.083333'),
(336, 'Kabupaten Sinjai', '-5.2171961', '120.112735'),
(337, 'Kabupaten Sintang',  '0.080238', '111.495499'),
(338, 'Kabupaten Situbondo',  '-7.702534',  '113.955605'),
(339, 'Kabupaten Sleman', '-7.716165',  '110.335403'),
(340, 'Kabupaten Solok',  '-0.803027',  '100.644402'),
(341, 'Kabupaten Solok Selatan',  '-1.4157329', '101.2523792'),
(342, 'Kabupaten Soppeng',  '-4.3518541', '119.9277947'),
(343, 'Kabupaten Sorong', '-0.8666667', '131.25'),
(344, 'Kabupaten Sorong Selatan', '-0.8666667', '131.25'),
(345, 'Kabupaten Sragen', '-7.430229',  '111.021301'),
(346, 'Kabupaten Subang', '-6.569361',  '107.752403'),
(347, 'Kabupaten Sukabumi', '-6.92405', '106.922203'),
(348, 'Kabupaten Sukamara', '-2.6267517', '111.2368084'),
(349, 'Kabupaten Sukoharjo',  '-7.6808818', '110.8195292'),
(350, 'Kabupaten Sumba Barat',  '-9.6548326', '119.3947135'),
(351, 'Kabupaten Sumba Barat Daya', '-9.539139',  '119.1390642'),
(352, 'Kabupaten Sumba Tengah', '-9.4879226', '119.6962677'),
(353, 'Kabupaten Sumba Timur',  '-9.9802103', '120.3435506'),
(354, 'Kabupaten Sumbawa',  '-8.6529334', '117.3616476'),
(355, 'Kabupaten Sumbawa Barat',  '-8.9292907', '116.8910342'),
(356, 'Kabupaten Sumedang', '0.6095949',  '110.0330554'),
(357, 'Kabupaten Sumenep',  '-6.9253999', '113.9060624'),
(358, 'Kabupaten Supiori',  '-0.7295099', '135.6385125'),
(359, 'Kabupaten Tabalong', '-1.864302',  '115.5681084'),
(360, 'Kabupaten Tabanan',  '-8.544516',  '115.119797'),
(361, 'Kabupaten Takalar',  '-5.4162493', '119.4875668'),
(362, 'Kabupaten Tambrauw', '-0.781856',  '132.3938375'),
(363, 'Kabupaten Tana Tidung',  '3.551869', '117.0794082'),
(364, 'Kabupaten Tana Toraja',  '-3.0753003', '119.742604'),
(365, 'Kabupaten Tanah Bumbu',  '-3.4512244', '115.5681084'),
(366, 'Kabupaten Tanah Datar',  '-0.4797043', '100.5746224'),
(367, 'Kabupaten Tanah Laut', '-3.7694047', '114.8092691'),
(368, 'Kabupaten Tangerang',  '-6.1783056', '106.6318889'),
(369, 'Kabupaten Tanggamus',  '-5.3027489', '104.5655273'),
(370, 'Kabupaten Tanjung Jabung Barat', '-1.2332122', '103.7984428'),
(371, 'Kabupaten Tanjung Jabung Timur', '-1.3291599', '103.89973'),
(372, 'Kabupaten Tapanuli Selatan', '1.5774933',  '99.2785583'),
(373, 'Kabupaten Tapanuli Tengah',  '1.8493299',  '98.704075'),
(374, 'Kabupaten Tapanuli Utara', '2.0405246',  '99.1013498'),
(375, 'Kabupaten Tapin',  '-2.9160746', '115.0465991'),
(376, 'Kabupaten Tasikmalaya',  '-7.327954',  '108.214104'),
(377, 'Kabupaten Tebo', '-1.2592999', '102.3463875'),
(378, 'Kabupaten Tegal',  '-6.8666667', '109.1333333'),
(379, 'Kabupaten Teluk Bintuni',  '-1.9056848', '133.329466'),
(380, 'Kabupaten Teluk Wondama',  '-2.8551699', '134.3236557'),
(381, 'Kabupaten Temanggung', '-7.316669',  '110.174797'),
(382, 'Kabupaten Timor Tengah Selatan', '-9.7762816', '124.4198243'),
(383, 'Kabupaten Timor Tengah Utara', '-9.4522647', '124.597132'),
(384, 'Kabupaten Toba Samosir', '2.3502398',  '99.2785583'),
(385, 'Kabupaten Tojo Una-Una', '-1.098757',  '121.5370003'),
(386, 'Kabupaten Tolikara', '-3.481132',  '138.4787258'),
(387, 'Kabupaten Toli-Toli',  '0.8768231',  '120.7579834'),
(388, 'Kabupaten Toraja Utara', '-2.8621942', '119.8352303'),
(389, 'Kabupaten Trenggalek', '-8.05',  '111.7166667'),
(390, 'Kabupaten Tuban',  '-8.7493146', '115.1711298'),
(391, 'Kabupaten Tulangbawang', '-4.3176576', '105.5005483'),
(392, 'Kabupaten Tulangbawang Barat', '-4.5256967', '105.0791228'),
(393, 'Kabupaten Tulungagung',  '-8.0666667', '111.9'),
(394, 'Kabupaten Wajo', '-4.022229',  '120.0665236'),
(395, 'Kabupaten Wakatobi', '-5.3264442', '123.5951925'),
(396, 'Kabupaten Waropen',  '-2.8435717', '136.670534'),
(397, 'Kabupaten Way Kanan',  '-4.4963689', '104.5655273'),
(398, 'Kabupaten Wonogiri', '-7.817782',  '110.920601'),
(399, 'Kabupaten Wonosobo', '-7.362109',  '109.899399'),
(400, 'Kabupaten Yahukimo', '-4.4939717', '139.5279996'),
(401, 'Kabupaten Yalimo', '-3.7852847', '139.4466005'),
(402, 'Kota Ambon', '-3.65607', '128.166419'),
(403, 'Kota Balikpapan',  '-1.2635389', '116.8278833'),
(404, 'Kota Banda Aceh',  '5.55', '95.3166667'),
(405, 'Kota Bandar Lampung',  '-5.45',  '105.2666667'),
(406, 'Kota Bandung', '-6.9147444', '107.6098111'),
(407, 'Kota Banjar',  '-7.3666667', '108.5333333'),
(408, 'Kota Banjar Baru', '-3.4666667', '114.75'),
(409, 'Kota Banjarmasin', '-3.328499',  '114.589203'),
(410, 'Kota Batam', '1.0456264',  '104.0304535'),
(411, 'Kota Batu',  '-7.8671',  '112.5239'),
(412, 'Kota Bau-Bau', '-5.46667', '122.633'),
(413, 'Kota Bekasi',  '-6.2333333', '107'),
(414, 'Kota Bengkulu',  '-3.7955556', '102.2591667'),
(415, 'Kota Bima',  '-8.460566',  '118.727402'),
(416, 'Kota Binjai',  '3.594462', '98.482246'),
(417, 'Kota Bitung',  '1.4553529',  '125.204697'),
(418, 'Kota Blitar',  '-8.1', '112.15'),
(419, 'Kota Bogor', '-6.6', '106.8'),
(420, 'Kota Bontang', '0.1333333',  '117.5'),
(421, 'Kota Bukittinggi', '-0.3055556', '100.3691667'),
(422, 'Kota Cilegon', '-6.0169825', '106.040506'),
(423, 'Kota Cimahi',  '-6.880239',  '107.5355'),
(424, 'Kota Cirebon', '-6.715534',  '108.564003'),
(425, 'Kota Denpasar',  '-8.65629', '115.222099'),
(426, 'Kota Depok', '-6.39',  '106.83'),
(427, 'Kota Dumai', '1.665742', '101.447601'),
(428, 'Kota Gorontalo', '0.5333333',  '123.0666667'),
(429, 'Kota Gunungsitoli',  '1.281964', '97.61594'),
(430, 'Kota Jakarta Barat', '-6.211544',  '106.845172'),
(431, 'Kota Jakarta Pusat', '-6.211544',  '106.845172'),
(432, 'Kota Jakarta Selatan', '-6.332973',  '106.807915'),
(433, 'Kota Jakarta Timur', '-6.211544',  '106.845172'),
(434, 'Kota Jakarta Utara', '-6.211544',  '106.845172'),
(435, 'Kota Jambi', '-1.596672',  '103.615799'),
(436, 'Kota Jayapura',  '-2.533', '140.717'),
(437, 'Kota Kediri',  '-7.816895',  '112.011398'),
(438, 'Kota Kendari', '-3.972201',  '122.5149028'),
(439, 'Kota Kotamobagu',  '0.7333333',  '124.3166667'),
(440, 'Kota Kupang',  '-10.1833333',  '123.5833333'),
(441, 'Kota Langsa',  '4.48', '97.9633333'),
(442, 'Kota Lhokseumawe', '5.1880556',  '97.1402778'),
(443, 'Kota Lubuklinggau',  '-3.2966667', '102.8616667'),
(444, 'Kota Madiun',  '-7.629714',  '111.513702'),
(445, 'Kota Magelang',  '-7.481253',  '110.213799'),
(446, 'Kota Makassar',  '-5.1333333', '119.4166667'),
(447, 'Kota Malang',  '-7.981894',  '112.626503'),
(448, 'Kota Manado',  '1.4917014',  '124.842843'),
(449, 'Kota Mataram', '-8.5833333', '116.1166667'),
(450, 'Kota Medan', '3.585242', '98.6755979'),
(451, 'Kota Metro', '-5.1166667', '105.3'),
(452, 'Kota Mojokerto', '-7.4722222', '112.4336111'),
(453, 'Kota Padang',  '-0.95',  '100.3530556'),
(454, 'Kota Padang Panjang',  '-0.470679',  '100.4059456'),
(455, 'Kota Padangsidimpuan', '1.380424', '99.273972'),
(456, 'Kota Pagar Alam',  '-4.03767', '103.265297'),
(457, 'Kota Palangka Raya', '-2.21',  '113.92'),
(458, 'Kota Palembang', '-2.9911083', '104.7567333'),
(459, 'Kota Palopo',  '-3', '120.2'),
(460, 'Kota Palu',  '-0.898583',  '119.850601'),
(461, 'Kota Pangkal Pinang',  '-2.129323',  '106.109596'),
(462, 'Kota Pare-Pare', '-4.0166667', '119.6236111'),
(463, 'Kota Pariaman',  '-0.6264389', '100.1179574'),
(464, 'Kota Pasuruan',  '-7.644872',  '112.903297'),
(465, 'Kota Payakumbuh',  '-0.22887', '100.632301'),
(466, 'Kota Pekalongan',  '-6.882887',  '109.669998'),
(467, 'Kota Pekanbaru', '0.5333333',  '101.45'),
(468, 'Kota Pematang Siantar',  '2.96', '99.06'),
(469, 'Kota Pontianak', '-0.022523',  '109.330307'),
(470, 'Kota Prabumulih',  '-3.440956',  '104.235397'),
(471, 'Kota Probolinggo', '-7.756928',  '113.211502'),
(472, 'Kota Sabang',  '5.8946929',  '95.3192982'),
(473, 'Kota Salatiga',  '-7.302328',  '110.4729'),
(474, 'Kota Samarinda', '-0.502183',  '117.153801'),
(475, 'Kota Sawah Lunto', '-0.6810286', '100.7763604'),
(476, 'Kota Semarang',  '-6.9666667', '110.4166667'),
(477, 'Kota Serang',  '-6.12009', '106.150299'),
(478, 'Kota Sibolga', '1.7403745',  '98.7827988'),
(479, 'Kota Singkawang',  '0.908795', '108.984596'),
(480, 'Kota Solok', '-0.803027',  '100.644402'),
(481, 'Kota Sorong',  '-0.8666667', '131.25'),
(482, 'Kota Subulussalam',  '2.6449927',  '98.0165205'),
(483, 'Kota Sukabumi',  '-6.92405', '106.922203'),
(484, 'Kota Sungai Penuh',  '-2.06314', '101.387199'),
(485, 'Kota Surabaya',  '-7.289166',  '112.734398'),
(486, 'Kota Surakarta', '-7.5666667', '110.8166667'),
(487, 'Kota Tangerang', '-6.1783056', '106.6318889'),
(488, 'Kota Tangerang Selatan', '-6.2888889', '106.7180556'),
(489, 'Kota Tanjung Balai', '2.965122', '99.800331'),
(490, 'Kota Tanjung Pinang',  '0.9179205',  '104.446464'),
(491, 'Kota Tarakan', '3.3',  '117.6333333'),
(492, 'Kota Tasikmalaya', '-7.327954',  '108.214104'),
(493, 'Kota Tebing Tinggi', '3.3856205',  '99.2009815'),
(494, 'Kota Tegal', '-6.8666667', '109.1333333'),
(495, 'Kota Ternate', '0.7833333',  '127.3666667'),
(496, 'Kota Tidore Kepulauan',  '0.6833333',  '127.4'),
(497, 'Kota Tomohon', '1.3234131',  '124.8384504'),
(498, 'Kota Yogyakarta',  '-7.797224',  '110.368797'),
(499, 'KotaTual', '-5.640851',  '132.7475093');

DROP TABLE IF EXISTS `histroy_salary`;
CREATE TABLE `histroy_salary` (
  `id` int(11) NOT NULL AUTO_INCREMENT,
  `salary_old` int(11) DEFAULT NULL,
  `salary_new` int(11) DEFAULT NULL,
  `employee_id` int(11) DEFAULT NULL,
  `difference` decimal(10,0) DEFAULT NULL,
  PRIMARY KEY (`id`),
  KEY `employee_id` (`employee_id`),
  CONSTRAINT `histroy_salary_ibfk_1` FOREIGN KEY (`employee_id`) REFERENCES `employee_pt` (`employee_id`)
) ENGINE=InnoDB DEFAULT CHARSET=utf8 COLLATE=utf8_unicode_ci;


DROP TABLE IF EXISTS `holiday`;
CREATE TABLE `holiday` (
  `id` int(11) NOT NULL AUTO_INCREMENT,
  `day_off` date DEFAULT NULL,
  `description` varchar(255) COLLATE utf8_unicode_ci DEFAULT NULL,
  `season` varchar(255) COLLATE utf8_unicode_ci DEFAULT NULL,
  `created_by` int(11) DEFAULT NULL,
  `updated_by` int(11) DEFAULT NULL,
  `created_at` timestamp NOT NULL DEFAULT current_timestamp(),
  `updated_at` timestamp NOT NULL DEFAULT current_timestamp(),
  PRIMARY KEY (`id`),
  KEY `created_by` (`created_by`),
  KEY `updated_by` (`updated_by`),
  CONSTRAINT `holiday_ibfk_1` FOREIGN KEY (`created_by`) REFERENCES `users` (`id`) ON UPDATE CASCADE,
  CONSTRAINT `holiday_ibfk_2` FOREIGN KEY (`updated_by`) REFERENCES `users` (`id`) ON UPDATE CASCADE
) ENGINE=InnoDB DEFAULT CHARSET=utf8 COLLATE=utf8_unicode_ci;

DROP TABLE IF EXISTS `leaves`;
CREATE TABLE `leaves` (
  `id` int(11) NOT NULL AUTO_INCREMENT,
  `employee_id` int(11) DEFAULT NULL,
  `no_assignment` varchar(255) COLLATE utf8_unicode_ci DEFAULT NULL,
  `start` date DEFAULT NULL,
  `finish` date DEFAULT NULL,
  `type` int(11) DEFAULT NULL,
  `description` longtext COLLATE utf8_unicode_ci DEFAULT NULL,
  `approval` int(11) DEFAULT 1,
  `created_by` int(11) NOT NULL,
  `updated_by` int(11) NOT NULL,
  `created_at` timestamp NOT NULL DEFAULT current_timestamp(),
  `updated_at` timestamp NOT NULL DEFAULT current_timestamp(),
  PRIMARY KEY (`id`),
  KEY `employee_id` (`employee_id`),
  KEY `approval` (`approval`),
  KEY `type` (`type`),
  CONSTRAINT `leaves_ibfk_1` FOREIGN KEY (`employee_id`) REFERENCES `employee_pt` (`employee_id`) ON UPDATE CASCADE,
  CONSTRAINT `leaves_ibfk_2` FOREIGN KEY (`approval`) REFERENCES `approval_status` (`id`) ON UPDATE CASCADE,
  CONSTRAINT `leaves_ibfk_3` FOREIGN KEY (`type`) REFERENCES `leave_types` (`id`) ON UPDATE CASCADE
) ENGINE=InnoDB DEFAULT CHARSET=utf8 COLLATE=utf8_unicode_ci;

DROP TABLE IF EXISTS `leave_types`;
CREATE TABLE `leave_types` (
  `id` int(11) NOT NULL AUTO_INCREMENT,
  `type` varchar(255) COLLATE utf8_unicode_ci DEFAULT NULL,
  PRIMARY KEY (`id`)
) ENGINE=InnoDB DEFAULT CHARSET=utf8 COLLATE=utf8_unicode_ci;

INSERT INTO `leave_types` (`id`, `type`) VALUES
(1, 'Cuti'),
(2, 'Cuti Haid'),
(3, 'Cuti Melahirkan'),
(4, 'Cuti Istri Melahirkan'),
(5, 'Cuti Kedukaan'),
(6, 'Cuti Ibadah'),
(7, 'Cuti Menikah'),
(8, 'Cuti Tidak Berbayar'),
(9, 'Dinas Luar Kota'),
(10,  'Dinas Dalam Kota'),
(11,  'Training'),
(12,  'Seminar'),
(13,  'Medical Check Up'),
(14,  'Sakit');

DROP TABLE IF EXISTS `login`;
CREATE TABLE `login` (
  `id` int(11) NOT NULL AUTO_INCREMENT,
  `user_id` int(11) DEFAULT NULL,
  `role_id` int(11) DEFAULT NULL,
  `created_by` int(11) DEFAULT NULL,
  `created_at` timestamp NOT NULL DEFAULT current_timestamp(),
  PRIMARY KEY (`id`),
  KEY `user_id` (`user_id`),
  KEY `role_id` (`role_id`),
  KEY `created_by` (`created_by`),
  CONSTRAINT `login_ibfk_1` FOREIGN KEY (`user_id`) REFERENCES `users` (`id`) ON UPDATE CASCADE,
  CONSTRAINT `login_ibfk_2` FOREIGN KEY (`role_id`) REFERENCES `roles` (`id`) ON UPDATE CASCADE,
  CONSTRAINT `login_ibfk_3` FOREIGN KEY (`created_by`) REFERENCES `users` (`id`) ON UPDATE CASCADE
) ENGINE=InnoDB DEFAULT CHARSET=utf8 COLLATE=utf8_unicode_ci;

INSERT INTO `login` (`id`, `user_id`, `role_id`, `created_by`, `created_at`) VALUES
(1, 1,  3,  255,  '2020-09-26 23:25:39'),
(2, 2,  3,  255,  '2020-09-26 23:25:39'),
(3, 3,  3,  255,  '2020-09-26 23:25:39'),
(4, 5,  3,  255,  '2020-09-26 23:25:39'),
(5, 6,  3,  255,  '2020-09-26 23:25:39'),
(6, 7,  3,  255,  '2020-09-26 23:25:39'),
(7, 8,  3,  255,  '2020-09-26 23:25:39'),
(8, 9,  3,  255,  '2020-09-26 23:25:39'),
(9, 10, 3,  255,  '2020-09-26 23:25:39'),
(10,  11, 3,  255,  '2020-09-26 23:25:39'),
(11,  12, 3,  255,  '2020-09-26 23:25:39'),
(12,  13, 3,  255,  '2020-09-26 23:25:39'),
(13,  14, 3,  255,  '2020-09-26 23:25:39'),
(14,  15, 3,  255,  '2020-09-26 23:25:39'),
(15,  16, 3,  255,  '2020-09-26 23:25:39'),
(16,  17, 3,  255,  '2020-09-26 23:25:39'),
(17,  18, 3,  255,  '2020-09-26 23:25:39'),
(18,  19, 3,  255,  '2020-09-26 23:25:39'),
(19,  20, 3,  255,  '2020-09-26 23:25:39'),
(20,  21, 3,  255,  '2020-09-26 23:25:39'),
(21,  22, 3,  255,  '2020-09-26 23:25:39'),
(22,  23, 3,  255,  '2020-09-26 23:25:39'),
(23,  24, 3,  255,  '2020-09-26 23:25:39'),
(24,  25, 3,  255,  '2020-09-26 23:25:39'),
(25,  26, 3,  255,  '2020-09-26 23:25:39'),
(26,  27, 3,  255,  '2020-09-26 23:25:39'),
(27,  28, 3,  255,  '2020-09-26 23:25:39'),
(28,  29, 3,  255,  '2020-09-26 23:25:39'),
(29,  30, 3,  255,  '2020-09-26 23:25:39'),
(30,  31, 3,  255,  '2020-09-26 23:25:39'),
(31,  32, 3,  255,  '2020-09-26 23:25:39'),
(32,  33, 3,  255,  '2020-09-26 23:25:39'),
(33,  34, 3,  255,  '2020-09-26 23:25:39'),
(34,  35, 3,  255,  '2020-09-26 23:25:39'),
(35,  36, 3,  255,  '2020-09-26 23:25:39'),
(36,  37, 3,  255,  '2020-09-26 23:25:39'),
(37,  38, 3,  255,  '2020-09-26 23:25:39'),
(38,  39, 3,  255,  '2020-09-26 23:25:39'),
(39,  40, 3,  255,  '2020-09-26 23:25:39'),
(40,  41, 3,  255,  '2020-09-26 23:25:39'),
(41,  42, 3,  255,  '2020-09-26 23:25:39'),
(42,  43, 3,  255,  '2020-09-26 23:25:39'),
(43,  44, 3,  255,  '2020-09-26 23:25:39'),
(44,  45, 3,  255,  '2020-09-26 23:25:39'),
(45,  46, 3,  255,  '2020-09-26 23:25:39'),
(46,  47, 3,  255,  '2020-09-26 23:25:39'),
(47,  48, 3,  255,  '2020-09-26 23:25:39'),
(48,  49, 3,  255,  '2020-09-26 23:25:39'),
(49,  50, 3,  255,  '2020-09-26 23:25:39'),
(50,  51, 3,  255,  '2020-09-26 23:25:39'),
(51,  52, 3,  255,  '2020-09-26 23:25:39'),
(52,  53, 3,  255,  '2020-09-26 23:25:39'),
(53,  54, 3,  255,  '2020-09-26 23:25:39'),
(54,  55, 3,  255,  '2020-09-26 23:25:39'),
(55,  56, 3,  255,  '2020-09-26 23:25:39'),
(56,  57, 3,  255,  '2020-09-26 23:25:39'),
(57,  58, 3,  255,  '2020-09-26 23:25:39'),
(58,  59, 3,  255,  '2020-09-26 23:25:39'),
(59,  60, 3,  255,  '2020-09-26 23:25:39'),
(60,  61, 3,  255,  '2020-09-26 23:25:39'),
(61,  62, 3,  255,  '2020-09-26 23:25:39'),
(62,  63, 3,  255,  '2020-09-26 23:25:39'),
(63,  64, 3,  255,  '2020-09-26 23:25:39'),
(64,  65, 3,  255,  '2020-09-26 23:25:39'),
(65,  66, 3,  255,  '2020-09-26 23:25:39'),
(66,  67, 3,  255,  '2020-09-26 23:25:39'),
(67,  68, 3,  255,  '2020-09-26 23:25:39'),
(68,  69, 3,  255,  '2020-09-26 23:25:39'),
(69,  70, 3,  255,  '2020-09-26 23:25:39'),
(70,  71, 3,  255,  '2020-09-26 23:25:39'),
(71,  72, 3,  255,  '2020-09-26 23:25:39'),
(72,  73, 3,  255,  '2020-09-26 23:25:39'),
(73,  74, 3,  255,  '2020-09-26 23:25:39'),
(74,  75, 3,  255,  '2020-09-26 23:25:39'),
(75,  76, 3,  255,  '2020-09-26 23:25:39'),
(76,  77, 3,  255,  '2020-09-26 23:25:39'),
(77,  78, 3,  255,  '2020-09-26 23:25:39'),
(78,  79, 3,  255,  '2020-09-26 23:25:39'),
(79,  80, 3,  255,  '2020-09-26 23:25:39'),
(80,  81, 3,  255,  '2020-09-26 23:25:39'),
(81,  82, 3,  255,  '2020-09-26 23:25:39'),
(82,  83, 3,  255,  '2020-09-26 23:25:39'),
(83,  84, 3,  255,  '2020-09-26 23:25:39'),
(84,  85, 3,  255,  '2020-09-26 23:25:39'),
(85,  86, 3,  255,  '2020-09-26 23:25:39'),
(86,  87, 3,  255,  '2020-09-26 23:25:39'),
(87,  88, 3,  255,  '2020-09-26 23:25:39'),
(88,  89, 3,  255,  '2020-09-26 23:25:39'),
(89,  90, 3,  255,  '2020-09-26 23:25:39'),
(90,  91, 3,  255,  '2020-09-26 23:25:39'),
(91,  92, 3,  255,  '2020-09-26 23:25:39'),
(92,  93, 3,  255,  '2020-09-26 23:25:39'),
(93,  94, 3,  255,  '2020-09-26 23:25:39'),
(94,  95, 3,  255,  '2020-09-26 23:25:39'),
(95,  96, 3,  255,  '2020-09-26 23:25:39'),
(96,  97, 3,  255,  '2020-09-26 23:25:39'),
(97,  98, 3,  255,  '2020-09-26 23:25:39'),
(98,  99, 3,  255,  '2020-09-26 23:25:39'),
(99,  100,  3,  255,  '2020-09-26 23:25:39'),
(100, 101,  3,  255,  '2020-09-26 23:25:39'),
(101, 102,  3,  255,  '2020-09-26 23:25:39'),
(102, 103,  3,  255,  '2020-09-26 23:25:39'),
(103, 104,  3,  255,  '2020-09-26 23:25:39'),
(104, 105,  3,  255,  '2020-09-26 23:25:39'),
(105, 106,  3,  255,  '2020-09-26 23:25:39'),
(106, 107,  3,  255,  '2020-09-26 23:25:39'),
(107, 108,  3,  255,  '2020-09-26 23:25:39'),
(108, 109,  3,  255,  '2020-09-26 23:25:39'),
(109, 110,  3,  255,  '2020-09-26 23:25:39'),
(110, 111,  3,  255,  '2020-09-26 23:25:39'),
(111, 112,  3,  255,  '2020-09-26 23:25:39'),
(112, 113,  3,  255,  '2020-09-26 23:25:39'),
(113, 114,  3,  255,  '2020-09-26 23:25:39'),
(114, 115,  3,  255,  '2020-09-26 23:25:39'),
(115, 116,  3,  255,  '2020-09-26 23:25:39'),
(116, 117,  3,  255,  '2020-09-26 23:25:39'),
(117, 118,  3,  255,  '2020-09-26 23:25:39'),
(118, 119,  3,  255,  '2020-09-26 23:25:39'),
(119, 120,  3,  255,  '2020-09-26 23:25:39'),
(120, 121,  3,  255,  '2020-09-26 23:25:39'),
(121, 122,  3,  255,  '2020-09-26 23:25:39'),
(122, 123,  3,  255,  '2020-09-26 23:25:39'),
(123, 124,  3,  255,  '2020-09-26 23:25:39'),
(124, 125,  3,  255,  '2020-09-26 23:25:39'),
(125, 126,  3,  255,  '2020-09-26 23:25:39'),
(126, 127,  3,  255,  '2020-09-26 23:25:39'),
(127, 128,  3,  255,  '2020-09-26 23:25:39'),
(128, 129,  3,  255,  '2020-09-26 23:25:39'),
(129, 130,  3,  255,  '2020-09-26 23:25:39'),
(130, 131,  3,  255,  '2020-09-26 23:25:39'),
(131, 132,  3,  255,  '2020-09-26 23:25:39'),
(132, 133,  3,  255,  '2020-09-26 23:25:39'),
(133, 134,  3,  255,  '2020-09-26 23:25:39'),
(134, 135,  3,  255,  '2020-09-26 23:25:39'),
(135, 259,  3,  255,  '2020-09-26 23:25:39'),
(136, 307,  3,  255,  '2020-09-26 23:25:39'),
(137, 270,  3,  255,  '2020-09-26 23:25:39'),
(138, 275,  3,  255,  '2020-09-26 23:25:39'),
(139, 265,  3,  255,  '2020-09-26 23:25:39'),
(140, 266,  3,  255,  '2020-09-26 23:25:39'),
(141, 271,  3,  255,  '2020-09-26 23:25:39'),
(142, 296,  3,  255,  '2020-09-26 23:25:39'),
(143, 299,  3,  255,  '2020-09-26 23:25:39'),
(144, 300,  3,  255,  '2020-09-26 23:25:39'),
(145, 301,  3,  255,  '2020-09-26 23:25:39'),
(146, 303,  3,  255,  '2020-09-26 23:25:39'),
(147, 310,  3,  255,  '2020-09-26 23:25:39'),
(148, 302,  3,  255,  '2020-09-26 23:25:39'),
(149, 304,  3,  255,  '2020-09-26 23:25:39'),
(150, 305,  3,  255,  '2020-09-26 23:25:39'),
(151, 306,  3,  255,  '2020-09-26 23:25:39'),
(152, 312,  3,  255,  '2020-09-26 23:25:39'),
(153, 308,  3,  255,  '2020-09-26 23:25:39'),
(154, 309,  3,  255,  '2020-09-26 23:25:39'),
(155, 311,  3,  255,  '2020-09-26 23:25:39'),
(156, 136,  3,  255,  '2020-09-26 23:25:39'),
(157, 137,  3,  255,  '2020-09-26 23:25:39'),
(158, 138,  3,  255,  '2020-09-26 23:25:39'),
(159, 139,  3,  255,  '2020-09-26 23:25:39'),
(160, 140,  3,  255,  '2020-09-26 23:25:39'),
(161, 141,  3,  255,  '2020-09-26 23:25:39'),
(162, 142,  3,  255,  '2020-09-26 23:25:39'),
(163, 143,  3,  255,  '2020-09-26 23:25:39'),
(164, 144,  3,  255,  '2020-09-26 23:25:39'),
(165, 145,  3,  255,  '2020-09-26 23:25:39'),
(166, 146,  3,  255,  '2020-09-26 23:25:39'),
(167, 147,  3,  255,  '2020-09-26 23:25:39'),
(168, 148,  3,  255,  '2020-09-26 23:25:39'),
(169, 149,  3,  255,  '2020-09-26 23:25:39'),
(170, 150,  3,  255,  '2020-09-26 23:25:39'),
(171, 151,  3,  255,  '2020-09-26 23:25:39'),
(172, 152,  3,  255,  '2020-09-26 23:25:39'),
(173, 153,  3,  255,  '2020-09-26 23:25:39'),
(174, 154,  3,  255,  '2020-09-26 23:25:39'),
(175, 155,  3,  255,  '2020-09-26 23:25:39'),
(176, 156,  3,  255,  '2020-09-26 23:25:39'),
(177, 157,  3,  255,  '2020-09-26 23:25:39'),
(178, 158,  3,  255,  '2020-09-26 23:25:39'),
(179, 159,  3,  255,  '2020-09-26 23:25:39'),
(180, 160,  3,  255,  '2020-09-26 23:25:39'),
(181, 161,  3,  255,  '2020-09-26 23:25:39'),
(182, 162,  3,  255,  '2020-09-26 23:25:39'),
(183, 163,  3,  255,  '2020-09-26 23:25:39'),
(184, 164,  3,  255,  '2020-09-26 23:25:39'),
(185, 165,  3,  255,  '2020-09-26 23:25:39'),
(186, 166,  3,  255,  '2020-09-26 23:25:39'),
(188, 168,  3,  255,  '2020-09-26 23:25:39'),
(189, 169,  3,  255,  '2020-09-26 23:25:39'),
(190, 170,  3,  255,  '2020-09-26 23:25:39'),
(191, 171,  3,  255,  '2020-09-26 23:25:39'),
(192, 172,  3,  255,  '2020-09-26 23:25:39'),
(193, 173,  3,  255,  '2020-09-26 23:25:39'),
(194, 174,  3,  255,  '2020-09-26 23:25:39'),
(195, 175,  3,  255,  '2020-09-26 23:25:39'),
(196, 176,  3,  255,  '2020-09-26 23:25:39'),
(197, 177,  3,  255,  '2020-09-26 23:25:39'),
(198, 178,  3,  255,  '2020-09-26 23:25:39'),
(199, 179,  3,  255,  '2020-09-26 23:25:39'),
(200, 180,  3,  255,  '2020-09-26 23:25:39'),
(201, 181,  3,  255,  '2020-09-26 23:25:39'),
(202, 182,  3,  255,  '2020-09-26 23:25:39'),
(203, 183,  3,  255,  '2020-09-26 23:25:39'),
(204, 184,  3,  255,  '2020-09-26 23:25:39'),
(205, 185,  3,  255,  '2020-09-26 23:25:39'),
(206, 186,  3,  255,  '2020-09-26 23:25:39'),
(207, 187,  3,  255,  '2020-09-26 23:25:39'),
(208, 188,  3,  255,  '2020-09-26 23:25:39'),
(209, 189,  3,  255,  '2020-09-26 23:25:39'),
(210, 190,  3,  255,  '2020-09-26 23:25:39'),
(211, 191,  3,  255,  '2020-09-26 23:25:39'),
(212, 192,  3,  255,  '2020-09-26 23:25:39'),
(213, 193,  3,  255,  '2020-09-26 23:25:39'),
(214, 194,  3,  255,  '2020-09-26 23:25:39'),
(215, 195,  3,  255,  '2020-09-26 23:25:39'),
(216, 196,  3,  255,  '2020-09-26 23:25:39'),
(217, 197,  3,  255,  '2020-09-26 23:25:39'),
(218, 198,  3,  255,  '2020-09-26 23:25:39'),
(219, 199,  3,  255,  '2020-09-26 23:25:39'),
(220, 200,  3,  255,  '2020-09-26 23:25:39'),
(221, 201,  3,  255,  '2020-09-26 23:25:39'),
(222, 202,  3,  255,  '2020-09-26 23:25:39'),
(223, 203,  3,  255,  '2020-09-26 23:25:39'),
(224, 204,  3,  255,  '2020-09-26 23:25:39'),
(225, 205,  3,  255,  '2020-09-26 23:25:39'),
(226, 206,  3,  255,  '2020-09-26 23:25:39'),
(227, 207,  3,  255,  '2020-09-26 23:25:39'),
(228, 208,  3,  255,  '2020-09-26 23:25:39'),
(229, 209,  3,  255,  '2020-09-26 23:25:39'),
(230, 210,  3,  255,  '2020-09-26 23:25:39'),
(231, 211,  3,  255,  '2020-09-26 23:25:39'),
(232, 212,  3,  255,  '2020-09-26 23:25:39'),
(233, 213,  3,  255,  '2020-09-26 23:25:39'),
(234, 214,  3,  255,  '2020-09-26 23:25:39'),
(235, 215,  3,  255,  '2020-09-26 23:25:39'),
(236, 216,  3,  255,  '2020-09-26 23:25:39'),
(237, 217,  3,  255,  '2020-09-26 23:25:39'),
(238, 218,  3,  255,  '2020-09-26 23:25:39'),
(239, 219,  3,  255,  '2020-09-26 23:25:39'),
(240, 220,  3,  255,  '2020-09-26 23:25:39'),
(241, 221,  3,  255,  '2020-09-26 23:25:39'),
(242, 222,  3,  255,  '2020-09-26 23:25:39'),
(243, 223,  3,  255,  '2020-09-26 23:25:39'),
(244, 225,  3,  255,  '2020-09-26 23:25:39'),
(245, 226,  3,  255,  '2020-09-26 23:25:39'),
(246, 227,  3,  255,  '2020-09-26 23:25:39'),
(247, 228,  3,  255,  '2020-09-26 23:25:39'),
(248, 229,  3,  255,  '2020-09-26 23:25:39'),
(249, 230,  3,  255,  '2020-09-26 23:25:39'),
(250, 231,  3,  255,  '2020-09-26 23:25:39'),
(251, 247,  3,  255,  '2020-09-26 23:25:39'),
(252, 248,  3,  255,  '2020-09-26 23:25:39'),
(253, 249,  3,  255,  '2020-09-26 23:25:39'),
(254, 250,  3,  255,  '2020-09-26 23:25:39'),
(255, 251,  3,  255,  '2020-09-26 23:25:39'),
(256, 252,  3,  255,  '2020-09-26 23:25:39'),
(257, 253,  3,  255,  '2020-09-26 23:25:39'),
(258, 254,  3,  255,  '2020-09-26 23:25:39'),
(259, 255,  3,  255,  '2020-09-26 23:25:39'),
(260, 256,  3,  255,  '2020-09-26 23:25:39'),
(261, 257,  3,  255,  '2020-09-26 23:25:39'),
(262, 258,  3,  255,  '2020-09-26 23:25:39'),
(263, 260,  3,  255,  '2020-09-26 23:25:39'),
(264, 261,  3,  255,  '2020-09-26 23:25:39'),
(265, 269,  3,  255,  '2020-09-26 23:25:39'),
(266, 264,  3,  255,  '2020-09-26 23:25:39'),
(267, 263,  3,  255,  '2020-09-26 23:25:39'),
(268, 272,  3,  255,  '2020-09-26 23:25:39'),
(269, 273,  3,  255,  '2020-09-26 23:25:39'),
(270, 274,  3,  255,  '2020-09-26 23:25:39'),
(271, 292,  3,  255,  '2020-09-26 23:25:39'),
(272, 262,  3,  255,  '2020-09-26 23:25:39'),
(273, 297,  3,  255,  '2020-09-26 23:25:39'),
(274, 298,  3,  255,  '2020-09-26 23:25:39'),
(275, 325,  3,  255,  '2020-09-26 23:25:39'),
(276, 238,  3,  255,  '2020-09-26 23:25:39'),
(277, 320,  3,  255,  '2020-09-26 23:25:39'),
(278, 321,  3,  255,  '2020-09-26 23:25:39'),
(279, 322,  3,  255,  '2020-09-26 23:25:39'),
(280, 323,  3,  255,  '2020-09-26 23:25:39'),
(281, 324,  3,  255,  '2020-09-26 23:25:39'),
(282, 224,  3,  255,  '2020-09-26 23:25:39'),
(283, 232,  3,  255,  '2020-09-26 23:25:39'),
(284, 233,  3,  255,  '2020-09-26 23:25:39'),
(285, 234,  3,  255,  '2020-09-26 23:25:39'),
(286, 235,  3,  255,  '2020-09-26 23:25:39'),
(287, 236,  3,  255,  '2020-09-26 23:25:39'),
(288, 237,  3,  255,  '2020-09-26 23:25:39'),
(289, 239,  3,  255,  '2020-09-26 23:25:39'),
(290, 240,  3,  255,  '2020-09-26 23:25:39'),
(291, 241,  3,  255,  '2020-09-26 23:25:39'),
(292, 242,  3,  255,  '2020-09-26 23:25:39'),
(293, 243,  3,  255,  '2020-09-26 23:25:39'),
(294, 244,  3,  255,  '2020-09-26 23:25:39'),
(295, 245,  3,  255,  '2020-09-26 23:25:39'),
(296, 246,  3,  255,  '2020-09-26 23:25:39'),
(297, 268,  3,  255,  '2020-09-26 23:25:39'),
(298, 267,  3,  255,  '2020-09-26 23:25:39'),
(299, 295,  3,  255,  '2020-09-26 23:25:39'),
(300, 313,  3,  255,  '2020-09-26 23:25:39'),
(301, 314,  3,  255,  '2020-09-26 23:25:39'),
(302, 315,  3,  255,  '2020-09-26 23:25:39'),
(303, 316,  3,  255,  '2020-09-26 23:25:39'),
(304, 317,  3,  255,  '2020-09-26 23:25:39'),
(305, 318,  3,  255,  '2020-09-26 23:25:39'),
(306, 319,  3,  255,  '2020-09-26 23:25:39'),
(307, 4,  3,  255,  '2020-09-26 23:25:39'),
(308, 255,  1,  255,  '2020-09-26 23:25:39'),
(309, 160,  2,  255,  '2020-09-26 23:25:39'),
(314, 80, 2,  255,  '2020-09-26 23:25:39'),
(316, 323,  2,  255,  '2020-09-26 23:25:39'),
(317, 326,  3,  255,  '2020-09-26 23:25:39'),
(318, 327,  3,  255,  '2020-09-26 23:25:39'),
(319, 328,  3,  255,  '2020-09-26 23:25:39'),
(320, 329,  3,  255,  '2020-09-26 23:25:39'),
(321, 330,  3,  255,  '2020-09-26 23:25:39'),
(322, 331,  3,  255,  '2020-09-26 23:25:39'),
(324, 333,  3,  255,  '2020-09-26 23:25:39'),
(325, 334,  3,  255,  '2020-09-26 23:25:39'),
(326, 332,  3,  255,  '2020-09-26 23:25:39'),
(327, 335,  3,  255,  '2020-09-26 23:25:39'),
(329, 336,  3,  255,  '2020-09-26 23:25:39'),
(330, 337,  3,  255,  '2020-09-26 23:25:39'),
(331, 338,  3,  255,  '2020-09-26 23:25:39'),
(332, 339,  3,  255,  '2020-09-26 23:25:39'),
(333, 340,  3,  255,  '2020-09-26 23:25:39'),
(334, 341,  3,  255,  '2020-09-26 23:25:39'),
(335, 342,  3,  255,  '2020-09-26 23:25:39'),
(336, 343,  3,  255,  '2020-09-26 23:25:39'),
(338, 344,  3,  255,  '2020-09-26 23:25:39'),
(339, 345,  3,  255,  '2020-09-26 23:25:39'),
(340, 346,  3,  255,  '2020-09-26 23:25:39'),
(341, 347,  3,  255,  '2020-09-26 23:25:39'),
(342, 348,  3,  255,  '2020-09-26 23:25:39'),
(343, 349,  3,  255,  '2020-09-26 23:25:39'),
(344, 350,  3,  255,  '2020-09-26 23:25:39'),
(345, 351,  3,  255,  '2020-09-26 23:25:39'),
(346, 352,  3,  255,  '2020-09-26 23:25:39'),
(347, 353,  3,  255,  '2020-09-26 23:25:39'),
(348, 354,  3,  255,  '2020-09-26 23:25:39'),
(349, 355,  3,  255,  '2020-09-26 23:25:39'),
(350, 356,  3,  255,  '2020-09-26 23:25:39'),
(351, 357,  3,  255,  '2020-09-26 23:25:39'),
(352, 358,  3,  255,  '2020-09-26 23:25:39'),
(353, 359,  3,  255,  '2020-09-26 23:25:39'),
(354, 360,  3,  255,  '2020-09-26 23:25:39'),
(355, 361,  3,  255,  '2020-09-26 23:25:39'),
(356, 362,  3,  255,  '2020-09-26 23:25:39'),
(357, 363,  3,  255,  '2020-09-26 23:25:39'),
(358, 364,  3,  255,  '2020-09-26 23:25:39'),
(359, 365,  3,  255,  '2020-09-26 23:25:39'),
(360, 366,  3,  255,  '2020-09-26 23:25:39'),
(361, 367,  3,  255,  '2020-09-26 23:25:39'),
(362, 368,  3,  255,  '2020-09-26 23:25:39'),
(363, 369,  3,  255,  '2020-09-26 23:25:39'),
(364, 370,  3,  255,  '2020-09-26 23:25:39'),
(365, 371,  3,  255,  '2020-09-26 23:25:39'),
(366, 18, 2,  255,  '2020-09-26 23:25:39'),
(367, 372,  3,  255,  '2020-09-26 23:25:39'),
(368, 373,  3,  255,  '2020-09-26 23:25:39'),
(369, 374,  3,  255,  '2020-09-26 23:25:39'),
(370, 375,  3,  255,  '2020-09-26 23:25:39'),
(371, 376,  3,  255,  '2020-09-26 23:25:39'),
(372, 377,  3,  255,  '2020-09-26 23:25:39'),
(373, 378,  3,  255,  '2020-09-26 23:25:39'),
(374, 137,  2,  255,  '2020-09-26 23:25:39'),
(375, 379,  3,  255,  '2020-09-26 23:25:39'),
(376, 380,  3,  255,  '2020-09-26 23:25:39'),
(377, 381,  3,  255,  '2020-09-26 23:25:39'),
(378, 382,  3,  255,  '2020-09-26 23:25:39'),
(379, 383,  3,  255,  '2020-09-26 23:25:39'),
(380, 384,  3,  255,  '2020-09-26 23:25:39'),
(381, 385,  3,  255,  '2020-09-26 23:25:39'),
(382, 386,  3,  255,  '2020-09-26 23:25:39'),
(383, 387,  3,  255,  '2020-09-26 23:25:39'),
(384, 388,  3,  255,  '2020-09-26 23:25:39'),
(385, 389,  3,  255,  '2020-09-26 23:25:39'),
(386, 390,  3,  255,  '2020-09-26 23:25:39'),
(387, 391,  3,  255,  '2020-09-26 23:25:39'),
(388, 392,  3,  255,  '2020-09-26 23:25:39'),
(389, 393,  3,  255,  '2020-09-26 23:25:39'),
(390, 394,  3,  255,  '2020-09-26 23:25:39'),
(391, 395,  3,  255,  '2020-09-26 23:25:39'),
(392, 396,  3,  255,  '2020-09-26 23:25:39'),
(393, 397,  3,  255,  '2020-09-26 23:25:39'),
(395, 399,  3,  255,  '2020-09-26 23:25:39'),
(396, 400,  3,  255,  '2020-09-26 23:25:39'),
(397, 401,  3,  255,  '2020-09-26 23:25:39'),
(398, 402,  3,  255,  '2020-09-26 23:25:39'),
(399, 403,  3,  255,  '2020-09-26 23:25:39'),
(400, 404,  3,  255,  '2020-09-26 23:25:39'),
(401, 405,  3,  255,  '2020-09-26 23:25:39'),
(402, 406,  3,  255,  '2020-09-26 23:25:39'),
(403, 407,  3,  255,  '2020-09-26 23:25:39'),
(404, 408,  3,  255,  '2020-09-26 23:25:39'),
(405, 409,  3,  255,  '2020-09-26 23:25:39'),
(406, 410,  3,  255,  '2020-09-26 23:25:39'),
(407, 411,  3,  255,  '2020-09-26 23:25:39'),
(409, 413,  3,  255,  '2020-09-26 23:25:39'),
(410, 414,  3,  255,  '2020-09-26 23:25:39'),
(411, 415,  3,  255,  '2020-09-26 23:25:39'),
(412, 416,  3,  255,  '2020-09-26 23:25:39'),
(413, 417,  3,  255,  '2020-09-26 23:25:39'),
(414, 418,  3,  255,  '2020-09-26 23:25:39'),
(415, 419,  3,  255,  '2020-09-26 23:25:39'),
(416, 420,  3,  255,  '2020-09-26 23:25:39'),
(417, 421,  3,  255,  '2020-09-26 23:25:39'),
(418, 422,  3,  255,  '2020-09-26 23:25:39'),
(419, 423,  3,  255,  '2020-09-26 23:25:39'),
(420, 424,  3,  255,  '2020-09-26 23:25:39'),
(421, 425,  3,  255,  '2020-09-26 23:25:39'),
(422, 426,  3,  255,  '2020-09-26 23:25:39'),
(423, 427,  3,  255,  '2020-09-26 23:25:39'),
(424, 428,  3,  255,  '2020-09-26 23:25:39'),
(425, 429,  3,  255,  '2020-09-26 23:25:39'),
(426, 430,  3,  255,  '2020-09-26 23:25:39'),
(427, 412,  3,  255,  '2020-09-26 23:25:39'),
(428, 431,  3,  255,  '2020-09-26 23:25:39'),
(429, 432,  3,  255,  '2020-09-26 23:25:39'),
(430, 433,  3,  255,  '2020-09-26 23:25:39'),
(431, 434,  3,  255,  '2020-09-26 23:25:39'),
(432, 435,  3,  255,  '2020-09-26 23:25:39'),
(433, 436,  3,  255,  '2020-09-26 23:25:39'),
(434, 437,  3,  255,  '2020-09-26 23:25:39'),
(435, 438,  3,  255,  '2020-09-26 23:25:39'),
(436, 439,  3,  255,  '2020-09-26 23:25:39'),
(437, 440,  3,  255,  '2020-09-26 23:25:39'),
(438, 441,  3,  255,  '2020-09-26 23:25:39'),
(439, 442,  3,  255,  '2020-09-26 23:25:39'),
(440, 443,  3,  255,  '2020-09-26 23:25:39'),
(441, 444,  3,  255,  '2020-09-26 23:25:39'),
(442, 445,  3,  255,  '2020-09-26 23:25:39'),
(443, 446,  3,  255,  '2020-09-26 23:25:39'),
(444, 447,  3,  255,  '2020-09-26 23:25:39'),
(445, 448,  3,  255,  '2020-09-26 23:25:39'),
(446, 449,  3,  255,  '2020-09-26 23:25:39'),
(447, 450,  3,  255,  '2020-09-26 23:25:39'),
(448, 451,  3,  255,  '2020-09-26 23:25:39'),
(449, 452,  3,  255,  '2020-09-26 23:25:39'),
(451, 453,  3,  255,  '2020-09-26 23:25:39'),
(452, 455,  3,  255,  '2020-09-26 23:25:39'),
(453, 456,  3,  255,  '2020-09-26 23:25:39'),
(454, 457,  3,  255,  '2020-09-26 23:25:39'),
(455, 458,  3,  255,  '2020-09-26 23:25:39'),
(456, 459,  3,  255,  '2020-09-26 23:25:39'),
(457, 460,  3,  255,  '2020-09-26 23:25:39'),
(458, 461,  3,  255,  '2020-09-26 23:25:39'),
(459, 462,  3,  255,  '2020-09-26 23:25:39'),
(460, 463,  3,  255,  '2020-09-26 23:25:39'),
(461, 464,  3,  255,  '2020-09-26 23:25:39'),
(462, 465,  3,  255,  '2020-09-26 23:25:39'),
(463, 466,  3,  255,  '2020-09-26 23:25:39'),
(464, 467,  3,  255,  '2020-09-26 23:25:39'),
(465, 468,  3,  255,  '2020-09-26 23:25:39'),
(466, 469,  3,  255,  '2020-09-26 23:25:39'),
(467, 470,  3,  255,  '2020-09-26 23:25:39'),
(468, 471,  3,  255,  '2020-09-26 23:25:39'),
(469, 384,  2,  255,  '2020-09-26 23:25:39'),
(470, 472,  3,  255,  '2020-09-26 23:25:39'),
(471, 473,  3,  255,  '2020-09-26 23:25:39'),
(472, 474,  3,  255,  '2020-09-26 23:25:39'),
(473, 475,  3,  255,  '2020-09-26 23:25:39'),
(474, 476,  3,  255,  '2020-09-26 23:25:39'),
(475, 477,  3,  255,  '2020-09-26 23:25:39'),
(476, 478,  3,  255,  '2020-09-26 23:25:39'),
(477, 479,  3,  255,  '2020-09-26 23:25:39'),
(478, 480,  3,  255,  '2020-09-26 23:25:39'),
(480, 481,  3,  255,  '2020-09-26 23:25:39'),
(481, 482,  3,  255,  '2020-09-26 23:25:39'),
(482, 483,  3,  255,  '2020-09-26 23:25:39'),
(483, 484,  3,  255,  '2020-09-26 23:25:39'),
(484, 485,  3,  255,  '2020-09-26 23:25:39'),
(485, 486,  3,  255,  '2020-09-26 23:25:39'),
(486, 487,  3,  255,  '2021-02-15 04:27:09'),
(487, 488,  3,  255,  '2021-02-15 04:27:09'),
(488, 489,  3,  255,  '2021-02-15 04:27:09'),
(489, 490,  3,  255,  '2021-02-15 04:27:09'),
(490, 491,  3,  255,  '2021-02-15 04:27:09'),
(491, 492,  3,  255,  '2021-02-15 04:27:09'),
(492, 493,  3,  255,  '2021-02-15 04:27:09'),
(493, 494,  3,  255,  '2021-02-15 04:27:09'),
(494, 495,  3,  255,  '2021-02-15 04:27:09'),
(495, 496,  3,  255,  '2021-02-15 04:27:09'),
(496, 497,  3,  255,  '2021-02-15 04:27:09'),
(497, 498,  3,  255,  '2021-02-15 04:27:09'),
(498, 499,  3,  255,  '2021-02-15 04:27:09'),
(499, 500,  3,  255,  '2021-02-15 04:27:09'),
(500, 501,  3,  255,  '2021-02-15 04:27:09'),
(501, 502,  3,  255,  '2021-02-15 04:27:09'),
(502, 503,  3,  255,  '2021-02-15 04:27:09'),
(503, 504,  3,  255,  '2021-02-15 04:27:09'),
(504, 505,  3,  255,  '2021-02-15 04:27:09'),
(505, 506,  3,  255,  '2021-02-15 04:27:09'),
(506, 507,  3,  255,  '2021-02-15 04:27:09'),
(507, 508,  3,  255,  '2021-02-15 04:27:09'),
(508, 509,  3,  255,  '2021-02-15 04:27:09'),
(509, 510,  3,  255,  '2021-02-15 04:27:09'),
(510, 511,  3,  255,  '2021-02-15 04:27:09'),
(511, 512,  3,  255,  '2021-02-15 04:27:09'),
(512, 513,  3,  255,  '2021-04-06 19:37:47'),
(517, 255,  2,  255,  '2021-06-15 10:53:25');

DROP TABLE IF EXISTS `log_presences`;
CREATE TABLE `log_presences` (
  `id` int(11) NOT NULL AUTO_INCREMENT,
  `employee_id` int(11) DEFAULT NULL,
  `date` date DEFAULT NULL,
  `checkin` timestamp NULL DEFAULT NULL,
  `checkout` timestamp NULL DEFAULT NULL,
  `duration` time DEFAULT NULL,
  `status` int(11) DEFAULT NULL,
  `type` int(11) DEFAULT NULL,
  `notes` longtext COLLATE utf8_unicode_ci DEFAULT NULL,
  `updated_by` int(11) DEFAULT NULL,
  PRIMARY KEY (`id`),
  KEY `updated_by` (`updated_by`),
  KEY `employee_id` (`employee_id`),
  KEY `status` (`status`),
  KEY `type` (`type`),
  CONSTRAINT `log_presences_ibfk_1` FOREIGN KEY (`updated_by`) REFERENCES `users` (`id`) ON UPDATE CASCADE,
  CONSTRAINT `log_presences_ibfk_2` FOREIGN KEY (`employee_id`) REFERENCES `employee_pt` (`employee_id`) ON UPDATE CASCADE,
  CONSTRAINT `log_presences_ibfk_3` FOREIGN KEY (`status`) REFERENCES `presence_status` (`id`) ON UPDATE CASCADE,
  CONSTRAINT `log_presences_ibfk_4` FOREIGN KEY (`type`) REFERENCES `presence_types` (`id`) ON UPDATE CASCADE
) ENGINE=InnoDB DEFAULT CHARSET=utf8 COLLATE=utf8_unicode_ci;

DROP TABLE IF EXISTS `log_remote_presences`;
CREATE TABLE `log_remote_presences` (
  `id` int(11) NOT NULL AUTO_INCREMENT,
  `presences_id` int(11) DEFAULT NULL,
  `condition` varchar(255) COLLATE utf8_unicode_ci DEFAULT NULL,
  `city` int(11) DEFAULT NULL,
  `temperature` varchar(255) COLLATE utf8_unicode_ci DEFAULT NULL,
  `notes` longtext COLLATE utf8_unicode_ci DEFAULT NULL,
  `lat_checkin` varchar(255) COLLATE utf8_unicode_ci DEFAULT NULL,
  `long_checkin` varchar(255) COLLATE utf8_unicode_ci DEFAULT NULL,
  `lat_checkout` varchar(255) COLLATE utf8_unicode_ci DEFAULT NULL,
  `long_checkout` varchar(255) COLLATE utf8_unicode_ci DEFAULT NULL,
  PRIMARY KEY (`id`),
  KEY `presences_id` (`presences_id`),
  KEY `city` (`city`),
  CONSTRAINT `log_remote_presences_ibfk_1` FOREIGN KEY (`presences_id`) REFERENCES `log_presences` (`id`) ON UPDATE CASCADE,
  CONSTRAINT `log_remote_presences_ibfk_2` FOREIGN KEY (`city`) REFERENCES `geo_cities` (`id`) ON UPDATE CASCADE
) ENGINE=InnoDB DEFAULT CHARSET=utf8 COLLATE=utf8_unicode_ci;

DROP TABLE IF EXISTS `log_status_performance`;
CREATE TABLE `log_status_performance` (
  `id` int(11) NOT NULL AUTO_INCREMENT,
  `performance_id` int(11) DEFAULT NULL,
  `assessor_id` int(11) DEFAULT NULL,
  `assessor_name` varchar(255) COLLATE utf8_unicode_ci DEFAULT NULL,
  `flag` int(11) DEFAULT NULL,
  `description` varchar(255) COLLATE utf8_unicode_ci DEFAULT NULL,
  PRIMARY KEY (`id`),
  KEY `performance_id` (`performance_id`),
  KEY `assessor_id` (`assessor_id`),
  KEY `flag` (`flag`),
  CONSTRAINT `log_status_performance_ibfk_1` FOREIGN KEY (`performance_id`) REFERENCES `performances` (`id`),
  CONSTRAINT `log_status_performance_ibfk_2` FOREIGN KEY (`assessor_id`) REFERENCES `positions` (`id`),
  CONSTRAINT `log_status_performance_ibfk_3` FOREIGN KEY (`flag`) REFERENCES `approval_status` (`id`)
) ENGINE=InnoDB DEFAULT CHARSET=utf8 COLLATE=utf8_unicode_ci;


DROP TABLE IF EXISTS `media`;
CREATE TABLE `media` (
  `id` int(11) NOT NULL AUTO_INCREMENT,
  `file_name` varchar(255) COLLATE utf8_unicode_ci DEFAULT NULL,
  `file_size` float DEFAULT NULL,
  `file_type` varchar(255) COLLATE utf8_unicode_ci DEFAULT NULL,
  `file_exit` varchar(255) COLLATE utf8_unicode_ci DEFAULT NULL,
  `created_by` int(11) DEFAULT NULL,
  `created_at` timestamp NOT NULL DEFAULT current_timestamp(),
  PRIMARY KEY (`id`),
  KEY `created_by` (`created_by`),
  CONSTRAINT `media_ibfk_1` FOREIGN KEY (`created_by`) REFERENCES `users` (`id`) ON UPDATE CASCADE
) ENGINE=InnoDB DEFAULT CHARSET=utf8 COLLATE=utf8_unicode_ci;


DROP TABLE IF EXISTS `menu`;
CREATE TABLE `menu` (
  `id` int(11) NOT NULL AUTO_INCREMENT,
  `menu` varchar(255) COLLATE utf8_unicode_ci DEFAULT NULL,
  `icon` varchar(255) COLLATE utf8_unicode_ci DEFAULT NULL,
  `segment` int(11) DEFAULT NULL,
  `url` varchar(255) COLLATE utf8_unicode_ci DEFAULT NULL,
  `parent` int(11) DEFAULT NULL,
  PRIMARY KEY (`id`)
) ENGINE=InnoDB DEFAULT CHARSET=utf8 COLLATE=utf8_unicode_ci;


DROP TABLE IF EXISTS `menu_role`;
CREATE TABLE `menu_role` (
  `id` int(11) NOT NULL AUTO_INCREMENT,
  `menu_id` int(11) DEFAULT NULL,
  `role_id` int(11) DEFAULT NULL,
  PRIMARY KEY (`id`),
  KEY `menu_id` (`menu_id`),
  KEY `role_id` (`role_id`),
  CONSTRAINT `menu_role_ibfk_1` FOREIGN KEY (`menu_id`) REFERENCES `menu` (`id`),
  CONSTRAINT `menu_role_ibfk_2` FOREIGN KEY (`role_id`) REFERENCES `roles` (`id`)
) ENGINE=InnoDB DEFAULT CHARSET=utf8 COLLATE=utf8_unicode_ci;


DROP TABLE IF EXISTS `organizations`;
CREATE TABLE `organizations` (
  `id` int(11) NOT NULL AUTO_INCREMENT,
  `org_unit` varchar(255) COLLATE utf8_unicode_ci DEFAULT NULL,
  `parent_id` int(11) DEFAULT NULL,
  `type_id` int(11) DEFAULT NULL,
  `code` varchar(10) COLLATE utf8_unicode_ci DEFAULT NULL,
  `level` int(11) DEFAULT NULL,
  `created_by` int(11) DEFAULT NULL,
  `updated_by` int(11) DEFAULT NULL,
  `created_at` timestamp NOT NULL DEFAULT current_timestamp(),
  `updated_at` timestamp NOT NULL DEFAULT current_timestamp(),
  PRIMARY KEY (`id`),
  KEY `parent_id` (`parent_id`),
  KEY `type_id` (`type_id`),
  KEY `created_by` (`created_by`),
  KEY `updated_by` (`updated_by`),
  CONSTRAINT `organizations_ibfk_1` FOREIGN KEY (`parent_id`) REFERENCES `organizations` (`id`) ON UPDATE CASCADE,
  CONSTRAINT `organizations_ibfk_2` FOREIGN KEY (`type_id`) REFERENCES `org_types` (`id`) ON UPDATE CASCADE,
  CONSTRAINT `organizations_ibfk_3` FOREIGN KEY (`created_by`) REFERENCES `users` (`id`) ON UPDATE CASCADE,
  CONSTRAINT `organizations_ibfk_4` FOREIGN KEY (`updated_by`) REFERENCES `users` (`id`) ON UPDATE CASCADE
) ENGINE=InnoDB DEFAULT CHARSET=utf8 COLLATE=utf8_unicode_ci;

INSERT INTO `organizations` (`id`, `org_unit`, `parent_id`, `type_id`, `code`, `level`, `created_by`, `updated_by`, `created_at`, `updated_at`) VALUES
(1, 'Rektor', NULL, 1,  NULL, 1,  255,  255,  '2021-05-04 07:46:28',  '2021-05-04 07:46:28'),
(2, 'Dewan Penasehat',  1,  1,  NULL, 2,  255,  255,  '2021-05-04 07:46:43',  '2021-05-04 07:46:43'),
(3, 'Senat Akademik', 1,  1,  NULL, 2,  255,  255,  '2021-05-04 07:46:43',  '2021-05-04 07:46:43'),
(4, 'Wakil Rektor Bidang Akademik dan Kemahasiswaan', 1,  1,  NULL, 2,  255,  255,  '2021-05-04 07:46:43',  '2021-05-04 07:46:43'),
(5, 'Wakil Rektor Bidang Keuangan dan Sumber Daya Organisasi',  1,  1,  NULL, 2,  255,  255,  '2021-05-04 07:46:43',  '2021-05-04 07:46:43'),
(6, 'Wakil Rektor Bidang Penelitian, Pengembangan dan Kerjasama', 1,  1,  NULL, 2,  255,  255,  '2021-05-04 07:46:43',  '2021-05-04 07:46:43'),
(7, 'Sekretaris Universitas', 1,  1,  NULL, 2,  255,  255,  '2021-05-04 07:46:43',  '2021-05-04 07:46:43'),
(8, 'Staf Ahli Rektor', 1,  1,  NULL, 2,  255,  255,  '2021-05-04 07:46:43',  '2021-05-04 07:46:43'),
(9, 'Satuan Perencanaan Strategis dan Pengembangan Universitas',  1,  1,  NULL, 2,  255,  255,  '2021-05-04 07:46:43',  '2021-05-04 07:46:43'),
(10,  'Satuan Pengawas Internal', 1,  1,  NULL, 2,  255,  255,  '2021-05-04 07:46:43',  '2021-05-04 07:46:43'),
(11,  'Satuan Penjamin Mutu', 1,  1,  NULL, 2,  255,  255,  '2021-05-04 07:46:43',  '2021-05-04 07:46:43'),
(12,  'Direktorat Pendidikan',  4,  1,  NULL, 3,  255,  255,  '2021-05-04 07:46:43',  '2021-05-04 07:46:43'),
(13,  'Direktorat Kemahasiswaan dan Alumni',  4,  1,  NULL, 3,  255,  255,  '2021-05-04 07:46:43',  '2021-05-04 07:46:43'),
(14,  'Direktorat Penunjang Pendidikan',  4,  1,  NULL, 3,  255,  255,  '2021-05-04 07:46:43',  '2021-05-04 07:46:43'),
(15,  'Direktorat Keuangan dan Akuntansi',  5,  1,  NULL, 3,  255,  255,  '2021-05-04 07:46:43',  '2021-05-04 07:46:43'),
(16,  'Direktorat Pengelolaan dan Pengembangan Aset', 5,  1,  NULL, 3,  255,  255,  '2021-05-04 07:46:43',  '2021-05-04 07:46:43'),
(18,  'Direktorat Sumber Daya Manusia dan Teknologi Informasi', 5,  1,  NULL, 3,  255,  255,  '2021-05-04 07:46:43',  '2021-05-04 07:46:43'),
(19,  'Direktorat Penelitian dan Pengabdian Masyarakat',  6,  1,  NULL, 3,  255,  255,  '2021-05-04 07:46:43',  '2021-05-04 07:46:43'),
(21,  'Fungsi Kerjasama Internasional', 81, 1,  NULL, 3,  255,  255,  '2021-05-04 07:46:43',  '2021-05-04 07:46:43'),
(23,  'Fungsi Komunikasi Pemasaran',  7,  1,  NULL, 4,  255,  255,  '2021-05-04 07:46:43',  '2021-05-04 07:46:43'),
(24,  'Fungsi Hubungan Masyarakat', 7,  1,  NULL, 4,  255,  255,  '2021-05-04 07:46:43',  '2021-05-04 07:46:43'),
(25,  'Fungsi Hukum dan Umum',  7,  1,  NULL, 4,  255,  255,  '2021-05-04 07:46:43',  '2021-05-04 07:46:43'),
(26,  'Fungsi Monitoring, Evaluasi dan Sistem Penjamin Mutu Internal',  11, 1,  NULL, 4,  255,  255,  '2021-05-04 07:46:43',  '2021-05-04 07:46:43'),
(27,  'Fungsi Akreditasi dan Rekognisi',  11, 1,  NULL, 4,  255,  255,  '2021-05-04 07:46:43',  '2021-05-04 07:46:43'),
(29,  'Fungsi Pemantauan dan Evaluasi', 9,  1,  NULL, 4,  255,  255,  '2021-05-04 07:46:43',  '2021-05-04 07:46:43'),
(30,  'Fungsi Perencanaan Strategik dan Pengembangan Universitas',  9,  1,  NULL, 4,  255,  255,  '2021-05-04 07:46:43',  '2021-05-04 07:46:43'),
(31,  'Fungsi Pengawasan Penelitian, Pengembangan, Kerjasama dan Kesekretariatan',  10, 1,  NULL, 4,  255,  255,  '2021-05-04 07:46:43',  '2021-05-04 07:46:43'),
(32,  'Funsgi Pengawasan Keuangan dan Sumber Daya Organisasi',  10, 1,  NULL, 4,  255,  255,  '2021-05-04 07:46:43',  '2021-05-04 07:46:43'),
(33,  'Fungsi Pelayanan Pendidikan',  12, 1,  NULL, 4,  255,  255,  '2021-05-04 07:46:43',  '2021-05-04 07:46:43'),
(34,  'Fungsi Pengembangan dan Evaluasi Pendidikan',  12, 1,  NULL, 4,  255,  255,  '2021-05-04 07:46:43',  '2021-05-04 07:46:43'),
(36,  'Fungsi Pengembangan Bakat dan Organisasi Kemahasiswaan', 13, 1,  NULL, 4,  255,  255,  '2021-05-04 07:46:43',  '2021-05-04 07:46:43'),
(37,  'Fungsi Pelayanan Mahasiswa', 13, 1,  NULL, 4,  255,  255,  '2021-05-04 07:46:43',  '2021-05-04 07:46:43'),
(38,  'Fungsi Pengembangan Karir dan Hubungan Alumni',  13, 1,  NULL, 4,  255,  255,  '2021-05-04 07:46:43',  '2021-05-04 07:46:43'),
(40,  'Fungsi Sarana Pendidikan', 14, 1,  NULL, 4,  255,  255,  '2021-05-04 07:46:43',  '2021-05-04 07:46:43'),
(41,  'Fungsi Rekrutmen dan Penerimaan Mahasiswa Baru', 14, 1,  NULL, 4,  255,  255,  '2021-05-04 07:46:43',  '2021-05-04 07:46:43'),
(42,  'Fungsi Perbendaharaan',  15, 1,  NULL, 4,  255,  255,  '2021-05-04 07:46:43',  '2021-05-04 07:46:43'),
(43,  'Fungsi Akuntansi', 15, 1,  NULL, 4,  255,  255,  '2021-05-04 07:46:43',  '2021-05-04 07:46:43'),
(44,  'Fungsi Pengendalian Internal Keuangan',  15, 1,  NULL, 4,  255,  255,  '2021-05-04 07:46:43',  '2021-05-04 07:46:43'),
(45,  'Fungsi Pemeliharaan dan Pengelolaan Aset', 16, 1,  NULL, 4,  255,  255,  '2021-05-04 07:46:43',  '2021-05-04 07:46:43'),
(46,  'Fungsi Pengadaan Barang dan Jasa', 16, 1,  NULL, 4,  255,  255,  '2021-05-04 07:46:43',  '2021-05-04 07:46:43'),
(47,  'Fungsi K3 dan Eko Kampus', 16, 1,  NULL, 4,  255,  255,  '2021-05-04 07:46:43',  '2021-05-04 07:46:43'),
(48,  'Fungsi Teknologi, Komunikasi dan Informasi', 18, 1,  NULL, 4,  255,  255,  '2021-05-04 07:46:43',  '2021-05-04 07:46:43'),
(49,  'Fungsi Sistem Informasi Pendidikan', 12, 1,  NULL, 4,  255,  255,  '2021-05-04 07:46:43',  '2021-05-04 07:46:43'),
(51,  'Fungsi Sumber Daya Manusia dan Organisasi',  18, 1,  NULL, 4,  255,  255,  '2021-05-04 07:46:43',  '2021-05-04 07:46:43'),
(52,  'Fungsi Pemberdayaan dan Pengabdian Masyarakat',  19, 1,  NULL, 4,  255,  255,  '2021-05-04 07:46:43',  '2021-05-04 07:46:43'),
(53,  'Fungsi Penelitian dan Pengembangan', 19, 1,  NULL, 4,  255,  255,  '2021-05-04 07:46:43',  '2021-05-04 07:46:43'),
(54,  'Fungsi Pengembangan Produk dan Kekayaan Intelektual',  81, 1,  NULL, 4,  255,  255,  '2021-05-04 07:46:43',  '2021-05-04 07:46:43'),
(59,  'Fakultas Teknologi Eksplorasi dan Produksi', 4,  2,  NULL, 3,  255,  255,  '2021-05-04 07:46:43',  '2021-05-04 07:46:43'),
(60,  'Fakultas Sains dan Informatika', 4,  2,  NULL, 3,  255,  255,  '2021-05-04 07:46:43',  '2021-05-04 07:46:43'),
(61,  'Fakultas Teknologi Industri',  4,  2,  NULL, 3,  255,  255,  '2021-05-04 07:46:43',  '2021-05-04 07:46:43'),
(62,  'Fakultas Perencanaan Infrastruktur', 4,  2,  NULL, 3,  255,  255,  '2021-05-04 07:46:43',  '2021-05-04 07:46:43'),
(63,  'Fakultas Ekonomi dan Bisnis',  4,  2,  NULL, 3,  255,  255,  '2021-05-04 07:46:43',  '2021-05-04 07:46:43'),
(64,  'Fakultas Komunikasi dan Diplomasi',  4,  2,  NULL, 3,  255,  255,  '2021-05-04 07:46:43',  '2021-05-04 07:46:43'),
(65,  'Program Studi Teknik Geofisika', 60, 2,  NULL, 4,  255,  255,  '2021-05-04 07:46:43',  '2021-05-04 07:46:43'),
(66,  'Program Studi Teknik Perminyakan', 60, 2,  NULL, 4,  255,  255,  '2021-05-04 07:46:43',  '2021-05-04 07:46:43'),
(67,  'Program Studi Teknik Geologi', 60, 2,  NULL, 4,  255,  255,  '2021-05-04 07:46:43',  '2021-05-04 07:46:43'),
(68,  'Program Studi Kimia',  61, 2,  NULL, 4,  255,  255,  '2021-05-04 07:46:43',  '2021-05-04 07:46:43'),
(69,  'Program Studi Ilmu Komputer',  61, 2,  NULL, 4,  255,  255,  '2021-05-04 07:46:43',  '2021-05-04 07:46:43'),
(70,  'Program Studi Teknik Kimia', 62, 2,  NULL, 4,  255,  255,  '2021-05-04 07:46:43',  '2021-05-04 07:46:43'),
(71,  'Program Studi Teknik Mesin', 62, 2,  NULL, 4,  255,  255,  '2021-05-04 07:46:43',  '2021-05-04 07:46:43'),
(72,  'Program Studi Teknik Logistik',  62, 2,  NULL, 4,  255,  255,  '2021-05-04 07:46:43',  '2021-05-04 07:46:43'),
(73,  'Program Studi Teknik Elektro', 62, 2,  NULL, 4,  255,  255,  '2021-05-04 07:46:43',  '2021-05-04 07:46:43'),
(74,  'Program Studi Teknik Sipil', 63, 2,  NULL, 4,  255,  255,  '2021-05-04 07:46:43',  '2021-05-04 07:46:43'),
(75,  'Program Studi Teknik Lingkungan',  63, 2,  NULL, 4,  255,  255,  '2021-05-04 07:46:43',  '2021-05-04 07:46:43'),
(76,  'Program Studi Manajemen',  64, 2,  NULL, 4,  255,  255,  '2021-05-04 07:46:43',  '2021-05-04 07:46:43'),
(77,  'Program Studi Ekonomi',  64, 2,  NULL, 4,  255,  255,  '2021-05-04 07:46:43',  '2021-05-04 07:46:43'),
(78,  'Program Studi Komunikasi', 65, 2,  NULL, 4,  255,  255,  '2021-05-04 07:46:43',  '2021-05-04 07:46:43'),
(79,  'Program Studi Hubungan Internasional', 65, 2,  NULL, 4,  255,  255,  '2021-05-04 07:46:43',  '2021-05-04 07:46:43'),
(80,  'Fakultas Vokasi',  1,  1,  NULL, NULL, 255,  255,  '2021-07-05 12:13:06',  '2021-07-05 12:13:06'),
(81,  'Direktorat Inovasi dan Kewirausahaan', 6,  1,  NULL, NULL, 255,  255,  '2021-07-05 15:06:05',  '2021-07-05 15:06:05'),
(82,  'Fungsi Kewirausahaan dan Inkubator Bisnis',  81, 1,  NULL, NULL, 255,  255,  '2021-07-05 16:49:16',  '2021-07-05 16:49:16');

DROP TABLE IF EXISTS `org_types`;
CREATE TABLE `org_types` (
  `id` int(11) NOT NULL AUTO_INCREMENT,
  `type` varchar(255) COLLATE utf8_unicode_ci DEFAULT NULL,
  PRIMARY KEY (`id`)
) ENGINE=InnoDB DEFAULT CHARSET=utf8 COLLATE=utf8_unicode_ci;

INSERT INTO `org_types` (`id`, `type`) VALUES
(1, 'Struktural'),
(2, 'Fungsional');

DROP TABLE IF EXISTS `overtimes`;
CREATE TABLE `overtimes` (
  `id` int(11) NOT NULL AUTO_INCREMENT,
  `requestor` int(11) DEFAULT NULL,
  `employee_id` int(11) DEFAULT NULL,
  `no_assignment` varchar(255) COLLATE utf8_unicode_ci DEFAULT NULL,
  `start` time DEFAULT NULL,
  `finish` time DEFAULT NULL,
  `overtime_date` date DEFAULT NULL,
  `description` longtext COLLATE utf8_unicode_ci DEFAULT NULL,
  `place` varchar(255) COLLATE utf8_unicode_ci DEFAULT NULL,
  `insidentil` tinyint(1) DEFAULT 0,
  `approval` int(11) DEFAULT 1,
  `actual_duration` time DEFAULT NULL,
  `paid_hours` time DEFAULT NULL,
  `paid_overtime` int(11) DEFAULT NULL,
  `day_type` int(11) NOT NULL,
  `created_by` int(11) DEFAULT NULL,
  `updated_by` int(11) DEFAULT NULL,
  `created_at` timestamp NOT NULL DEFAULT current_timestamp(),
  `updated_at` timestamp NOT NULL DEFAULT current_timestamp(),
  PRIMARY KEY (`id`),
  KEY `created_by` (`created_by`),
  KEY `updated_by` (`updated_by`),
  KEY `requestor` (`requestor`),
  KEY `employee_id` (`employee_id`),
  KEY `approval` (`approval`),
  KEY `day_type` (`day_type`),
  CONSTRAINT `overtimes_ibfk_1` FOREIGN KEY (`created_by`) REFERENCES `users` (`id`) ON UPDATE CASCADE,
  CONSTRAINT `overtimes_ibfk_2` FOREIGN KEY (`updated_by`) REFERENCES `users` (`id`) ON UPDATE CASCADE,
  CONSTRAINT `overtimes_ibfk_3` FOREIGN KEY (`requestor`) REFERENCES `employee_pt` (`employee_id`) ON UPDATE CASCADE,
  CONSTRAINT `overtimes_ibfk_4` FOREIGN KEY (`employee_id`) REFERENCES `employee_pt` (`employee_id`) ON UPDATE CASCADE,
  CONSTRAINT `overtimes_ibfk_5` FOREIGN KEY (`approval`) REFERENCES `approval_status` (`id`) ON UPDATE CASCADE,
  CONSTRAINT `overtimes_ibfk_6` FOREIGN KEY (`day_type`) REFERENCES `overtime_day` (`id`) ON UPDATE CASCADE
) ENGINE=InnoDB DEFAULT CHARSET=utf8 COLLATE=utf8_unicode_ci;


DROP TABLE IF EXISTS `overtime_day`;
CREATE TABLE `overtime_day` (
  `id` int(11) NOT NULL AUTO_INCREMENT,
  `week_of_day` varchar(255) COLLATE utf8_unicode_ci DEFAULT NULL,
  `maximal` time DEFAULT NULL,
  PRIMARY KEY (`id`)
) ENGINE=InnoDB DEFAULT CHARSET=utf8 COLLATE=utf8_unicode_ci;

INSERT INTO `overtime_day` (`id`, `week_of_day`, `maximal`) VALUES
(1, 'Hari Libur', '08:00:00'),
(2, 'Hari Biasa', '03:00:00');


DROP TABLE IF EXISTS `overtime_reports`;
CREATE TABLE `overtime_reports` (
  `id` int(11) NOT NULL AUTO_INCREMENT,
  `overtime_id` int(11) DEFAULT NULL,
  `start` time DEFAULT NULL,
  `finish` time DEFAULT NULL,
  `description` longtext COLLATE utf8_unicode_ci DEFAULT NULL,
  `created_at` timestamp NOT NULL DEFAULT current_timestamp(),
  `updated_at` timestamp NOT NULL DEFAULT current_timestamp(),
  PRIMARY KEY (`id`),
  KEY `overtime_id` (`overtime_id`),
  CONSTRAINT `overtime_reports_ibfk_1` FOREIGN KEY (`overtime_id`) REFERENCES `overtimes` (`id`) ON UPDATE CASCADE
) ENGINE=InnoDB DEFAULT CHARSET=utf8 COLLATE=utf8_unicode_ci;


DROP TABLE IF EXISTS `overtime_type`;
CREATE TABLE `overtime_type` (
  `id` int(11) NOT NULL AUTO_INCREMENT,
  `overtime_type` varchar(255) COLLATE utf8_unicode_ci DEFAULT NULL,
  PRIMARY KEY (`id`)
) ENGINE=InnoDB DEFAULT CHARSET=utf8 COLLATE=utf8_unicode_ci;

INSERT INTO `overtime_type` (`id`, `overtime_type`) VALUES
(1, 'Pengajuan'),
(2, 'Laporan');

DROP TABLE IF EXISTS `peer_review`;
CREATE TABLE `peer_review` (
  `id` int(11) NOT NULL AUTO_INCREMENT,
  `status_assessment` int(11) DEFAULT NULL,
  `status_reviewer` int(11) NOT NULL,
  `pac_id` int(11) DEFAULT NULL,
  `employee_id` int(11) DEFAULT NULL,
  `final_score` float DEFAULT NULL,
  PRIMARY KEY (`id`),
  KEY `pac_id` (`pac_id`),
  KEY `employee_id` (`employee_id`),
  KEY `status_reviewer` (`status_reviewer`),
  KEY `status_assessment` (`status_assessment`),
  CONSTRAINT `peer_review_ibfk_1` FOREIGN KEY (`status_assessment`) REFERENCES `approval_status` (`id`),
  CONSTRAINT `peer_review_ibfk_2` FOREIGN KEY (`pac_id`) REFERENCES `performance_appraisal_calendar` (`id`),
  CONSTRAINT `peer_review_ibfk_3` FOREIGN KEY (`employee_id`) REFERENCES `employee_pt` (`employee_id`),
  CONSTRAINT `peer_review_ibfk_4` FOREIGN KEY (`status_reviewer`) REFERENCES `approval_status` (`id`),
  CONSTRAINT `peer_review_ibfk_5` FOREIGN KEY (`status_assessment`) REFERENCES `approval_status` (`id`)
) ENGINE=InnoDB DEFAULT CHARSET=utf8mb4;


DROP TABLE IF EXISTS `performances`;
CREATE TABLE `performances` (
  `id` int(11) NOT NULL AUTO_INCREMENT,
  `status_criteria` int(11) DEFAULT NULL,
  `status_assessment` int(11) DEFAULT NULL,
  `pac_id` int(11) DEFAULT NULL,
  `employee_id` int(11) DEFAULT NULL,
  `period_type` int(11) DEFAULT NULL,
  `assessor_id` int(11) DEFAULT NULL,
  `assessor_name` varchar(255) COLLATE utf8_unicode_ci DEFAULT NULL,
  `final_score` float DEFAULT NULL,
  `result` varchar(255) COLLATE utf8_unicode_ci DEFAULT NULL,
  `recommendation` longtext COLLATE utf8_unicode_ci DEFAULT NULL,
  PRIMARY KEY (`id`),
  KEY `status` (`status_criteria`),
  KEY `pac_id` (`pac_id`),
  KEY `employee_id` (`employee_id`),
  KEY `period_type` (`period_type`),
  KEY `assessor_id` (`assessor_id`),
  KEY `status_assessment` (`status_assessment`),
  CONSTRAINT `performances_ibfk_1` FOREIGN KEY (`status_criteria`) REFERENCES `approval_status` (`id`),
  CONSTRAINT `performances_ibfk_2` FOREIGN KEY (`pac_id`) REFERENCES `performance_appraisal_calendar` (`id`),
  CONSTRAINT `performances_ibfk_3` FOREIGN KEY (`employee_id`) REFERENCES `employee_pt` (`employee_id`),
  CONSTRAINT `performances_ibfk_4` FOREIGN KEY (`period_type`) REFERENCES `period_types` (`id`),
  CONSTRAINT `performances_ibfk_5` FOREIGN KEY (`assessor_id`) REFERENCES `positions` (`id`),
  CONSTRAINT `performances_ibfk_6` FOREIGN KEY (`status_assessment`) REFERENCES `approval_status` (`id`) ON UPDATE CASCADE
) ENGINE=InnoDB DEFAULT CHARSET=utf8 COLLATE=utf8_unicode_ci;


DROP TABLE IF EXISTS `performance_activity_types`;
CREATE TABLE `performance_activity_types` (
  `id` int(11) NOT NULL AUTO_INCREMENT,
  `type` varchar(255) COLLATE utf8_unicode_ci DEFAULT NULL,
  PRIMARY KEY (`id`)
) ENGINE=InnoDB DEFAULT CHARSET=utf8 COLLATE=utf8_unicode_ci;

INSERT INTO `performance_activity_types` (`id`, `type`) VALUES
(1, 'Input Kriteria Penilaian'),
(2, 'Publikasi Kriteria Penilaian'),
(3, 'Persetujuan Kriteria Penilaian dan Diskusi'),
(4, 'Penyesuaian Kriteria Penilaian Tengah Tahun'),
(5, 'Publikasi Perubahan Kriteria Penilaian'),
(6, 'Persetujuan Perubahan Kriteria Penilaian'),
(7, 'Penilaian Kinerja oleh Supervisor'),
(8, 'Publikasi Nilai Performa'),
(9, 'Persetujuan nilai dan Diskusi'),
(10,  'Penilaian Kinerja oleh Wakil Rektor'),
(11,  'Input Rencana Pengembangan Diri');

DROP TABLE IF EXISTS `performance_appraisal_activity`;
CREATE TABLE `performance_appraisal_activity` (
  `id` int(11) NOT NULL AUTO_INCREMENT,
  `pac_id` int(11) DEFAULT NULL,
  `activity_type` int(11) DEFAULT NULL,
  `start` date DEFAULT NULL,
  `finish` date DEFAULT NULL,
  PRIMARY KEY (`id`),
  KEY `pac_id` (`pac_id`),
  KEY `performance_appraisal_activity_ibfk_2` (`activity_type`),
  CONSTRAINT `performance_appraisal_activity_ibfk_1` FOREIGN KEY (`pac_id`) REFERENCES `performance_appraisal_calendar` (`id`),
  CONSTRAINT `performance_appraisal_activity_ibfk_2` FOREIGN KEY (`activity_type`) REFERENCES `performance_activity_types` (`id`)
) ENGINE=InnoDB DEFAULT CHARSET=utf8 COLLATE=utf8_unicode_ci;

INSERT INTO `performance_appraisal_activity` (`id`, `pac_id`, `activity_type`, `start`, `finish`) VALUES
(1, 1,  1,  '2020-01-20', '2020-01-20'),
(3, 1,  2,  '2021-01-16', '2021-01-16'),
(4, 1,  3,  '2021-01-16', '2021-05-31'),
(5, 1,  4,  '2021-06-01', '2021-06-15'),
(6, 1,  5,  '2021-06-16', '2021-06-16'),
(7, 1,  6,  '2021-06-16', '2021-06-30'),
(8, 1,  7,  '2021-12-01', '2021-12-14'),
(9, 1,  8,  '2021-12-14', '2021-12-14'),
(10,  1,  9,  '2021-12-15', '2021-12-25'),
(11,  1,  10, '2021-12-25', '2021-12-31'),
(13,  1,  11, '2021-06-07', '2021-06-07');

DROP TABLE IF EXISTS `performance_appraisal_calendar`;
CREATE TABLE `performance_appraisal_calendar` (
  `id` int(11) NOT NULL AUTO_INCREMENT,
  `description` varchar(255) COLLATE utf8_unicode_ci DEFAULT NULL,
  `period` varchar(255) COLLATE utf8_unicode_ci DEFAULT NULL,
  `year` varchar(50) COLLATE utf8_unicode_ci NOT NULL,
  `created_by` int(11) DEFAULT NULL,
  `updated_by` int(11) DEFAULT NULL,
  `created_at` timestamp NOT NULL DEFAULT current_timestamp(),
  `updated_at` timestamp NOT NULL DEFAULT current_timestamp(),
  PRIMARY KEY (`id`),
  KEY `created_by` (`created_by`),
  KEY `updated_by` (`updated_by`),
  CONSTRAINT `performance_appraisal_calendar_ibfk_2` FOREIGN KEY (`created_by`) REFERENCES `users` (`id`) ON UPDATE CASCADE,
  CONSTRAINT `performance_appraisal_calendar_ibfk_3` FOREIGN KEY (`updated_by`) REFERENCES `users` (`id`) ON UPDATE CASCADE
) ENGINE=InnoDB DEFAULT CHARSET=utf8 COLLATE=utf8_unicode_ci;


DROP TABLE IF EXISTS `performance_assessment_standard`;
CREATE TABLE `performance_assessment_standard` (
  `id` int(11) NOT NULL AUTO_INCREMENT,
  `performance_id` int(11) DEFAULT NULL,
  `assessment_standard_id` int(11) DEFAULT NULL,
  `score` int(11) DEFAULT NULL,
  `comment` varchar(255) COLLATE utf8_unicode_ci DEFAULT NULL,
  PRIMARY KEY (`id`),
  KEY `performance_id` (`performance_id`),
  KEY `assessment_standard_id` (`assessment_standard_id`),
  CONSTRAINT `performance_assessment_standard_ibfk_1` FOREIGN KEY (`performance_id`) REFERENCES `performances` (`id`),
  CONSTRAINT `performance_assessment_standard_ibfk_2` FOREIGN KEY (`assessment_standard_id`) REFERENCES `assessment_standard` (`id`),
  CONSTRAINT `performance_assessment_standard_ibfk_3` FOREIGN KEY (`assessment_standard_id`) REFERENCES `assessment_standard` (`id`)
) ENGINE=InnoDB DEFAULT CHARSET=utf8 COLLATE=utf8_unicode_ci;


DROP TABLE IF EXISTS `period`;
CREATE TABLE `period` (
  `id` int(11) NOT NULL AUTO_INCREMENT,
  `year` varchar(255) DEFAULT NULL,
  `flag` tinyint(1) DEFAULT NULL,
  PRIMARY KEY (`id`)
) ENGINE=InnoDB DEFAULT CHARSET=utf8mb4;

INSERT INTO `period` (`id`, `year`, `flag`) VALUES
(1, '2019', 0),
(2, '2020', 0),
(3, '2021', 1);

DROP TABLE IF EXISTS `period_types`;
CREATE TABLE `period_types` (
  `id` int(11) NOT NULL AUTO_INCREMENT,
  `type` varchar(255) COLLATE utf8_unicode_ci DEFAULT NULL,
  PRIMARY KEY (`id`)
) ENGINE=InnoDB DEFAULT CHARSET=utf8 COLLATE=utf8_unicode_ci;

INSERT INTO `period_types` (`id`, `type`) VALUES
(1, 'Akhir Tahun'),
(2, 'Pertengahan Tahun');

DROP TABLE IF EXISTS `positions`;
CREATE TABLE `positions` (
  `id` int(11) NOT NULL AUTO_INCREMENT,
  `org_unit` int(11) DEFAULT NULL,
  `parent_id` int(11) DEFAULT NULL,
  `position` varchar(255) COLLATE utf8_unicode_ci DEFAULT NULL,
  `level` int(11) DEFAULT NULL,
  `created_by` int(11) DEFAULT NULL,
  `updated_by` int(11) DEFAULT NULL,
  `created_at` timestamp NOT NULL DEFAULT current_timestamp(),
  `updated_at` timestamp NOT NULL DEFAULT current_timestamp(),
  PRIMARY KEY (`id`),
  KEY `parent_id` (`parent_id`),
  KEY `org_unit` (`org_unit`),
  KEY `created_by` (`created_by`),
  KEY `updated_by` (`updated_by`),
  CONSTRAINT `positions_ibfk_1` FOREIGN KEY (`parent_id`) REFERENCES `positions` (`id`) ON UPDATE CASCADE,
  CONSTRAINT `positions_ibfk_2` FOREIGN KEY (`org_unit`) REFERENCES `organizations` (`id`) ON UPDATE CASCADE,
  CONSTRAINT `positions_ibfk_3` FOREIGN KEY (`created_by`) REFERENCES `users` (`id`) ON UPDATE CASCADE,
  CONSTRAINT `positions_ibfk_4` FOREIGN KEY (`updated_by`) REFERENCES `users` (`id`) ON UPDATE CASCADE
) ENGINE=InnoDB DEFAULT CHARSET=utf8 COLLATE=utf8_unicode_ci;

INSERT INTO `positions` (`id`, `org_unit`, `parent_id`, `position`, `level`, `created_by`, `updated_by`, `created_at`, `updated_at`) VALUES
(1, 1,  NULL, 'Rektor', 1,  255,  255,  '2021-05-04 07:46:43',  '2021-05-04 07:46:43'),
(2, 2,  1,  'Dewan Penasehat',  2,  255,  255,  '2021-05-04 07:47:05',  '2021-05-04 07:47:05'),
(3, 3,  1,  'Senat Akademik', 2,  255,  255,  '2021-05-04 07:47:05',  '2021-05-04 07:47:05'),
(4, 4,  1,  'Wakil Rektor 1', 2,  255,  255,  '2021-05-04 07:47:05',  '2021-05-04 07:47:05'),
(5, 5,  1,  'Wakil Rektor 2', 2,  255,  255,  '2021-05-04 07:47:05',  '2021-05-04 07:47:05'),
(6, 6,  1,  'Wakil Rektor 3', 2,  255,  255,  '2021-05-04 07:47:05',  '2021-05-04 07:47:05'),
(7, 7,  1,  'Sekretaris Universitas', 2,  255,  255,  '2021-05-04 07:47:05',  '2021-05-04 07:47:05'),
(8, 8,  1,  'Staf Ahli Rektor', 2,  255,  255,  '2021-05-04 07:47:05',  '2021-05-04 07:47:05'),
(9, 9,  1,  'Ketua Satuan Perencanaan Strategik dan Pengembangan Universitas',  2,  255,  255,  '2021-05-04 07:47:05',  '2021-05-04 07:47:05'),
(10,  10, 1,  'Ketua Satuan Pengawas Internal', 2,  255,  255,  '2021-05-04 07:47:05',  '2021-05-04 07:47:05'),
(11,  11, 1,  'Ketua Satuan Penjamin Mutu', 2,  255,  255,  '2021-05-04 07:47:05',  '2021-05-04 07:47:05'),
(12,  12, 4,  'Direktur Pendidikan',  3,  255,  255,  '2021-05-04 07:47:05',  '2021-05-04 07:47:05'),
(13,  13, 4,  'Direktur Kemahasiswaan dan Alumni',  3,  255,  255,  '2021-05-04 07:47:05',  '2021-05-04 07:47:05'),
(14,  14, 4,  'Direktur Penunjang Akademik',  3,  255,  255,  '2021-05-04 07:47:05',  '2021-05-04 07:47:05'),
(15,  15, 5,  'Direktur Keuangan dan Akuntansi',  3,  255,  255,  '2021-05-04 07:47:05',  '2021-05-04 07:47:05'),
(16,  16, 5,  'Direktur Pengelolaan dan Pengembangan Aset', 3,  255,  255,  '2021-05-04 07:47:05',  '2021-05-04 07:47:05'),
(17,  18, 5,  'Direktur Sumber Daya Manusia dan Teknologi Informasi', 3,  255,  255,  '2021-05-04 07:47:05',  '2021-05-04 07:47:05'),
(19,  19, 6,  'Direktur Penelitian dan Pengabdian Masyarakat',  3,  255,  255,  '2021-05-04 07:47:05',  '2021-05-04 07:47:05'),
(23,  23, 7,  'Manajer Komunikasi Pemasaran', 4,  255,  255,  '2021-05-04 07:47:05',  '2021-05-04 07:47:05'),
(24,  24, 7,  'Manajer Hubungan Masyarakat',  4,  255,  255,  '2021-05-04 07:47:05',  '2021-05-04 07:47:05'),
(25,  25, 7,  'Manajer Hukum dan Umum', 4,  255,  255,  '2021-05-04 07:47:05',  '2021-05-04 07:47:05'),
(26,  26, 11, 'Manajer Monitoring, Evaluasi dan Sistem Penjamin Mutu Internal', 4,  255,  255,  '2021-05-04 07:47:05',  '2021-05-04 07:47:05'),
(27,  27, 11, 'Manajer Akreditasi dan Rekognisi', 4,  255,  255,  '2021-05-04 07:47:05',  '2021-05-04 07:47:05'),
(29,  29, 9,  'Manajer Pemantauan dan Evaluasi',  4,  255,  255,  '2021-05-04 07:47:05',  '2021-05-04 07:47:05'),
(30,  30, 9,  'Manajer Perencanaan Strategik dan Pengembangan Universitas', 4,  255,  255,  '2021-05-04 07:47:05',  '2021-05-04 07:47:05'),
(31,  31, 10, 'Manajer Pengawasan Penelitian, Pengembangan, Kerjasama dan Kesekretariatan', 4,  255,  255,  '2021-05-04 07:47:05',  '2021-05-04 07:47:05'),
(32,  32, 10, 'Manajer Pengawasan Keuangan dan Sumber Daya Organisasi', 4,  255,  255,  '2021-05-04 07:47:05',  '2021-05-04 07:47:05'),
(33,  33, 12, 'Manajer Pelayanan Pendidikan', 4,  255,  255,  '2021-05-04 07:47:05',  '2021-05-04 07:47:05'),
(34,  34, 12, 'Manajer Pengembangan dan Evaluasi Pendidikan', 4,  255,  255,  '2021-05-04 07:47:05',  '2021-05-04 07:47:05'),
(36,  36, 13, 'Manajer Pengembangan Bakat dan Organisasi Kemahasiswaan',  4,  255,  255,  '2021-05-04 07:47:05',  '2021-05-04 07:47:05'),
(37,  37, 13, 'Manajer Pelayanan Mahasiswa',  4,  255,  255,  '2021-05-04 07:47:05',  '2021-05-04 07:47:05'),
(38,  38, 13, 'Manajer Pengembangan Karir dan Hubungan Alumni', 4,  255,  255,  '2021-05-04 07:47:05',  '2021-05-04 07:47:05'),
(40,  40, 14, 'Manajer Sarana Pendidikan',  4,  255,  255,  '2021-05-04 07:47:05',  '2021-05-04 07:47:05'),
(41,  41, 14, 'Manajer Rekrutmen dan Penerimaan Mahasiswa Baru',  4,  255,  255,  '2021-05-04 07:47:05',  '2021-05-04 07:47:05'),
(42,  42, 15, 'Manajer Perbendaharaan', 4,  255,  255,  '2021-05-04 07:47:05',  '2021-05-04 07:47:05'),
(43,  43, 15, 'Manajer Akuntansi',  4,  255,  255,  '2021-05-04 07:47:05',  '2021-05-04 07:47:05'),
(44,  44, 15, 'Manajer Pengendalian Internal Keuangan', 4,  255,  255,  '2021-05-04 07:47:05',  '2021-05-04 07:47:05'),
(45,  45, 16, 'Manajer Pemeliharaan dan Pengelolaan Aset',  4,  255,  255,  '2021-05-04 07:47:05',  '2021-05-04 07:47:05'),
(46,  46, 16, 'Manajer Pengadaan Barang dan Jasa',  4,  255,  255,  '2021-05-04 07:47:05',  '2021-05-04 07:47:05'),
(47,  47, 16, 'Manajer K3 dan Eko Kampus',  4,  255,  255,  '2021-05-04 07:47:05',  '2021-05-04 07:47:05'),
(48,  48, 17, 'Manajer Teknologi, Komunikasi dan Informasi',  4,  255,  255,  '2021-05-04 07:47:05',  '2021-05-04 07:47:05'),
(49,  49, 12, 'Manajer Sistem Informasi Pendidikan',  4,  255,  255,  '2021-05-04 07:47:05',  '2021-05-04 07:47:05'),
(51,  51, 17, 'Manajer Sumber Daya Manusia dan Organisasi', 4,  255,  255,  '2021-05-04 07:47:05',  '2021-05-04 07:47:05'),
(52,  52, 19, 'Manajer Pemberdayaan dan Pengabdian Masyarakat', 4,  255,  255,  '2021-05-04 07:47:05',  '2021-05-04 07:47:05'),
(53,  53, 19, 'Manajer Penelitian dan Penembangan', 4,  255,  255,  '2021-05-04 07:47:05',  '2021-05-04 07:47:05'),
(54,  54, 214,  'Manajer Pengembangan Produk dan Kekayaan Intelektual', 4,  255,  255,  '2021-05-04 07:47:05',  '2021-05-04 07:47:05'),
(59,  59, 4,  'Dekan Fakultas Teknologi Eksplorasi dan Produksi', 3,  255,  255,  '2021-05-04 07:47:05',  '2021-05-04 07:47:05'),
(60,  60, 4,  'Dekan Fakultas Sains dan Informatika', 3,  255,  255,  '2021-05-04 07:47:05',  '2021-05-04 07:47:05'),
(61,  61, 4,  'Dekan Fakultas Teknologi Industri',  3,  255,  255,  '2021-05-04 07:47:05',  '2021-05-04 07:47:05'),
(62,  62, 4,  'Dekan Fakultas Perencanaan Infrastruktur', 3,  255,  255,  '2021-05-04 07:47:05',  '2021-05-04 07:47:05'),
(63,  63, 4,  'Dekan Fakultas Ekonomi dan Bisnis',  3,  255,  255,  '2021-05-04 07:47:05',  '2021-05-04 07:47:05'),
(64,  64, 4,  'Dekan Fakultas Komunikasi dan Diplomasi',  3,  255,  255,  '2021-05-04 07:47:05',  '2021-05-04 07:47:05'),
(65,  65, 60, 'Kepala Program Studi Teknik Geofisika',  4,  255,  255,  '2021-05-04 07:47:05',  '2021-05-04 07:47:05'),
(66,  66, 60, 'Kepala Program Studi Teknik Perminyakan',  4,  255,  255,  '2021-05-04 07:47:05',  '2021-05-04 07:47:05'),
(67,  67, 60, 'Kepala Program Studi Teknik Geologi',  4,  255,  255,  '2021-05-04 07:47:05',  '2021-05-04 07:47:05'),
(68,  68, 61, 'Kepala Program Studi Kimia', 4,  255,  255,  '2021-05-04 07:47:05',  '2021-05-04 07:47:05'),
(69,  69, 61, 'Kepala Program Studi Ilmu Komputer', 4,  255,  255,  '2021-05-04 07:47:05',  '2021-05-04 07:47:05'),
(70,  70, 62, 'Kepala Program Studi Teknik Kimia',  4,  255,  255,  '2021-05-04 07:47:05',  '2021-05-04 07:47:05'),
(71,  71, 62, 'Kepala Program Studi Teknik Mesin',  4,  255,  255,  '2021-05-04 07:47:05',  '2021-05-04 07:47:05'),
(72,  72, 62, 'Kepala Program Studi Teknik Logistik', 4,  255,  255,  '2021-05-04 07:47:05',  '2021-05-04 07:47:05'),
(73,  73, 62, 'Kepala Program Studi Teknik Elektro',  4,  255,  255,  '2021-05-04 07:47:05',  '2021-05-04 07:47:05'),
(74,  74, 63, 'Kepala Program Studi Teknik Sipil',  4,  255,  255,  '2021-05-04 07:47:05',  '2021-05-04 07:47:05'),
(75,  75, 63, 'Kepala Program Studi Teknik Lingkungan', 4,  255,  255,  '2021-05-04 07:47:05',  '2021-05-04 07:47:05'),
(76,  76, 64, 'Kepala Program Studi Manajemen', 4,  255,  255,  '2021-05-04 07:47:05',  '2021-05-04 07:47:05'),
(77,  77, 64, 'Kepala Program Studi Ekonomi', 4,  255,  255,  '2021-05-04 07:47:05',  '2021-05-04 07:47:05'),
(78,  78, 65, 'Kepala Program Studi Komunikasi',  4,  255,  255,  '2021-05-04 07:47:05',  '2021-05-04 07:47:05'),
(79,  79, 65, 'Kepala Program Studi Hubungan Internasional',  4,  255,  255,  '2021-05-04 07:47:05',  '2021-05-04 07:47:05'),
(80,  65, 65, 'Dosen Program Studi Teknik Geofisika', 5,  255,  255,  '2021-05-04 07:47:05',  '2021-05-04 07:47:05'),
(81,  66, 66, 'Dosen Program Studi Teknik Perminyakan', 5,  255,  255,  '2021-05-04 07:47:05',  '2021-05-04 07:47:05'),
(82,  67, 67, 'Dosen Program Studi Teknik Geologi', 5,  255,  255,  '2021-05-04 07:47:05',  '2021-05-04 07:47:05'),
(83,  68, 68, 'Dosen Program Studi Kimia',  5,  255,  255,  '2021-05-04 07:47:05',  '2021-05-04 07:47:05'),
(84,  69, 69, 'Dosen Program Studi Ilmu Komputer',  5,  255,  255,  '2021-05-04 07:47:05',  '2021-05-04 07:47:05'),
(85,  70, 70, 'Dosen Program Studi Teknik Kimia', 5,  255,  255,  '2021-05-04 07:47:05',  '2021-05-04 07:47:05'),
(86,  71, 71, 'Dosen Program Studi Teknik Mesin', 5,  255,  255,  '2021-05-04 07:47:05',  '2021-05-04 07:47:05'),
(87,  72, 72, 'Dosen Program Studi Teknik Logistik',  5,  255,  255,  '2021-05-04 07:47:05',  '2021-05-04 07:47:05'),
(88,  73, 73, 'Dosen Program Studi Teknik Elektro', 5,  255,  255,  '2021-05-04 07:47:05',  '2021-05-04 07:47:05'),
(89,  74, 74, 'Dosen Program Studi Teknik Sipil', 5,  255,  255,  '2021-05-04 07:47:05',  '2021-05-04 07:47:05'),
(90,  75, 75, 'Dosen Program Studi Teknik Lingkungan',  5,  255,  255,  '2021-05-04 07:47:05',  '2021-05-04 07:47:05'),
(91,  76, 76, 'Dosen Program Studi Manajemen',  5,  255,  255,  '2021-05-04 07:47:05',  '2021-05-04 07:47:05'),
(92,  77, 77, 'Dosen Program Studi Ekonomi',  5,  255,  255,  '2021-05-04 07:47:05',  '2021-05-04 07:47:05'),
(93,  78, 78, 'Dosen Program Studi Komunikasi', 5,  255,  255,  '2021-05-04 07:47:05',  '2021-05-04 07:47:05'),
(94,  79, 79, 'Dosen Program Studi Hubungan Internasional', 5,  255,  255,  '2021-05-04 07:47:05',  '2021-05-04 07:47:05'),
(95,  33, 33, 'Asisten Manajer Pelayanan dan Kesekretariatan Akademik', 5,  255,  255,  '2021-05-04 07:47:05',  '2021-05-04 07:47:05'),
(96,  33, 33, 'Asisten Manajer Penjadwalan Kuliah dan Ujian', 5,  255,  255,  '2021-05-04 07:47:05',  '2021-05-04 07:47:05'),
(97,  34, 34, 'Asisten Manajer Monitoring Pengajaran dan Implementasi Kurikulum', 5,  255,  255,  '2021-05-04 07:47:05',  '2021-05-04 07:47:05'),
(98,  36, 36, 'Asisten Manajer Pengembangan Bakat dan Pembinaan Kompetisi Mahasiswa', 5,  255,  255,  '2021-05-04 07:47:05',  '2021-05-04 07:47:05'),
(99,  36, 36, 'Asisten Manajer Pengelolaan Organisasi Kemahasiswaan', 5,  255,  255,  '2021-05-04 07:47:05',  '2021-05-04 07:47:05'),
(100, 37, 37, 'Asisten Manajer Pelayanan Beasiswa dan Biaya Pendidikan',  5,  255,  255,  '2021-05-04 07:47:05',  '2021-05-04 07:47:05'),
(101, 37, 37, 'Asisten Manajer Pelayanan Mahasiswa',  5,  255,  255,  '2021-05-04 07:47:05',  '2021-05-04 07:47:05'),
(102, 38, 38, 'Asisten Manajer Pusat Karir dan Komunikasi Alumni',  5,  255,  255,  '2021-05-04 07:47:05',  '2021-05-04 07:47:05'),
(103, 38, 38, 'Asisten Manajer Pengembangan Karir dan Kewirausahaan', 5,  255,  255,  '2021-05-04 07:47:05',  '2021-05-04 07:47:05'),
(108, 40, 40, 'Asisten Manajer Pelayanan, Administrasi dan Sarana Prasarana', 5,  255,  255,  '2021-05-04 07:47:05',  '2021-05-04 07:47:05'),
(109, 40, 40, 'Asisten Manajer Pengolahan Koleksi', 5,  255,  255,  '2021-05-04 07:47:05',  '2021-05-04 07:47:05'),
(110, 40, 40, 'Asisten Manajer Sistem Informasi dan Promosi Perpustakaan',  5,  255,  255,  '2021-05-04 07:47:05',  '2021-05-04 07:47:05'),
(111, 41, 41, 'Asisten Manajer Pengelolaan Seleksi Mahasiswa Baru', 5,  255,  255,  '2021-05-04 07:47:05',  '2021-05-04 07:47:05'),
(112, 41, 41, 'Asisten Manajer Pengembangan Program Seleksi Mahasiswa Baru',  5,  255,  255,  '2021-05-04 07:47:05',  '2021-05-04 07:47:05'),
(113, 42, 42, 'Asisten Manajer Penerimaan Dana',  5,  255,  255,  '2021-05-04 07:47:05',  '2021-05-04 07:47:05'),
(114, 42, 42, 'Asisten Manajer Pengeluaran Dana', 5,  255,  255,  '2021-05-04 07:47:05',  '2021-05-04 07:47:05'),
(115, 42, 42, 'Asisten Manajer Pengelolaan Dana', 5,  255,  255,  '2021-05-04 07:47:05',  '2021-05-04 07:47:05'),
(116, 44, 44, 'Asisten Manajer Pengendalian Internal Keuangan', 5,  255,  255,  '2021-05-04 07:47:05',  '2021-05-04 07:47:05'),
(117, 43, 43, 'Asisten Manajer Pelaporan Pajak dan Keuangan', 5,  255,  255,  '2021-05-04 07:47:05',  '2021-05-04 07:47:05'),
(118, 43, 43, 'Asisten Manajer Operasional Keuangan', 5,  255,  255,  '2021-05-04 07:47:05',  '2021-05-04 07:47:05'),
(119, 43, 43, 'Asisten Manajer Anggaran Keuangan',  5,  255,  255,  '2021-05-04 07:47:05',  '2021-05-04 07:47:05'),
(120, 45, 45, 'Asisten Manajer Urusan Umum',  5,  255,  255,  '2021-05-04 07:47:05',  '2021-05-04 07:47:05'),
(121, 45, 45, 'Asisten Manajer Perencanaan dan Pengembangan Aset',  5,  255,  255,  '2021-05-04 07:47:05',  '2021-05-04 07:47:05'),
(122, 45, 45, 'Asisten Manajer Pendayagunaan dan Perawatan Aset', 5,  255,  255,  '2021-05-04 07:47:05',  '2021-05-04 07:47:05'),
(123, 46, 46, 'Asisten Manajer Administrasi dan Pengendalian Kualitas', 5,  255,  255,  '2021-05-04 07:47:05',  '2021-05-04 07:47:05'),
(124, 46, 46, 'Asisten Manajer Pengadaan Barang dan Jasa',  5,  255,  255,  '2021-05-04 07:47:05',  '2021-05-04 07:47:05'),
(125, 47, 47, 'Asisten Manajer Tanggap Darurat Keamanan, Keselamatan dan Kesehatan Kerja',  5,  255,  255,  '2021-05-04 07:47:05',  '2021-05-04 07:47:05'),
(126, 47, 47, 'Asisten Manajer Manajemen Lingkungan', 5,  255,  255,  '2021-05-04 07:47:05',  '2021-05-04 07:47:05'),
(127, 48, 48, 'Asisten Manajer Sistem Informasi Non-Akademik',  5,  255,  255,  '2021-05-04 07:47:05',  '2021-05-04 07:47:05'),
(128, 48, 48, 'Asisten Manajer Infrastruktur dan Jaringan', 5,  255,  255,  '2021-05-04 07:47:05',  '2021-05-04 07:47:05'),
(129, 49, 49, 'Asisten Manajer Pengembangan Sistem Informasi Akademik', 5,  255,  255,  '2021-05-04 07:47:05',  '2021-05-04 07:47:05'),
(130, 49, 49, 'Asisten Manajer Sistem Informasi Akademik Support',  5,  255,  255,  '2021-05-04 07:47:05',  '2021-05-04 07:47:05'),
(133, 51, 51, 'Asisten Manajer Pengembangan Organisasi',  5,  255,  255,  '2021-05-04 07:47:05',  '2021-05-04 07:47:05'),
(134, 51, 51, 'Asisten Manajer Pengembangan SDM', 5,  255,  255,  '2021-05-04 07:47:05',  '2021-05-04 07:47:05'),
(135, 53, 53, 'Asisten Manajer Penelitian', 5,  255,  255,  '2021-05-04 07:47:05',  '2021-05-04 07:47:05'),
(136, 52, 52, 'Asisten Manajer Pemberdayaan dan Pengabdian Masyarakat', 5,  255,  255,  '2021-05-04 07:47:05',  '2021-05-04 07:47:05'),
(137, 54, 54, 'Asisten Manajer Pengembangan Produk dan Kekayaan Intelektual', 5,  255,  255,  '2021-05-04 07:47:05',  '2021-05-04 07:47:05'),
(143, 23, 23, 'Asisten Manajer Promosi dan Hubungan Alumni',  5,  255,  255,  '2021-05-04 07:47:05',  '2021-05-04 07:47:05'),
(144, 24, 24, 'Asisten Manajer Media',  5,  255,  255,  '2021-05-04 07:47:05',  '2021-05-04 07:47:05'),
(145, 24, 24, 'Asisten Manajer Hubungan Masyarakat',  5,  255,  255,  '2021-05-04 07:47:05',  '2021-05-04 07:47:05'),
(146, 25, 25, 'Asisten Manajer Hukum dan Tata Laksana', 5,  255,  255,  '2021-05-04 07:47:05',  '2021-05-04 07:47:05'),
(147, 25, 25, 'Asisten Manajer Arsip',  5,  255,  255,  '2021-05-04 07:47:05',  '2021-05-04 07:47:05'),
(148, 31, 31, 'Asisten Manajer SPI Bidang Penelitian, Pengembangan, Kerjasama, dan Kesekretariatan',  5,  255,  255,  '2021-05-04 07:47:05',  '2021-05-04 07:47:05'),
(149, 32, 32, 'Asisten Manajer SPI Bidang Keuangan dan Sumber Daya Organisasi', 5,  255,  255,  '2021-05-04 07:47:05',  '2021-05-04 07:47:05'),
(150, 1,  1,  'Sekretaris Rektor',  5,  255,  255,  '2021-05-04 07:47:05',  '2021-05-04 07:47:05'),
(151, 4,  4,  'Sekretaris Wakil Rektor 1',  5,  255,  255,  '2021-05-04 07:47:05',  '2021-05-04 07:47:05'),
(152, 5,  5,  'Sekretaris Wakil Rektor 2',  5,  255,  255,  '2021-05-04 07:47:05',  '2021-05-04 07:47:05'),
(153, 6,  6,  'Sekretaris Wakil Rektor 3',  5,  255,  255,  '2021-05-04 07:47:05',  '2021-05-04 07:47:05'),
(154, 7,  7,  'Sekretaris Sekretaris Universitas',  5,  255,  255,  '2021-05-04 07:47:05',  '2021-05-04 07:47:05'),
(155, 19, 19, 'Sekretaris Lembaga Penelitian, Pengabdian Masyarakat dan Inovasi', 5,  255,  255,  '2021-05-04 07:47:05',  '2021-05-04 07:47:05'),
(156, 59, 59, 'Admin Fakultas Teknologi Eksplorasi dan Produksi', 6,  255,  255,  '2021-05-04 07:47:05',  '2021-05-04 07:47:05'),
(157, 60, 60, 'Admin Fakultas Sains dan Komputer',  6,  255,  255,  '2021-05-04 07:47:05',  '2021-05-04 07:47:05'),
(158, 61, 61, 'Admin Fakultas Teknologi Industri',  6,  255,  255,  '2021-05-04 07:47:05',  '2021-05-04 07:47:05'),
(159, 62, 62, 'Admin Fakultas Perencanaan Infrastruktur', 6,  255,  255,  '2021-05-04 07:47:05',  '2021-05-04 07:47:05'),
(160, 63, 63, 'Admin Fakultas Ekonomi dan Bisnis',  6,  255,  255,  '2021-05-04 07:47:05',  '2021-05-04 07:47:05'),
(161, 64, 64, 'Admin Fakultas Komunikasi dan Eksplorasi', 6,  255,  255,  '2021-05-04 07:47:05',  '2021-05-04 07:47:05'),
(162, 65, 65, 'Admin Program Studi Teknik Geofisika', 6,  255,  255,  '2021-05-04 07:47:05',  '2021-05-04 07:47:05'),
(163, 66, 66, 'Admin Program Studi Teknik Perminyakan', 6,  255,  255,  '2021-05-04 07:47:05',  '2021-05-04 07:47:05'),
(164, 67, 67, 'Admin Program Studi Teknik Geologi', 6,  255,  255,  '2021-05-04 07:47:05',  '2021-05-04 07:47:05'),
(165, 68, 68, 'Admin Program Studi Kimia',  6,  255,  255,  '2021-05-04 07:47:05',  '2021-05-04 07:47:05'),
(166, 69, 69, 'Admin Program Studi Ilmu Komputer',  6,  255,  255,  '2021-05-04 07:47:05',  '2021-05-04 07:47:05'),
(167, 70, 70, 'Admin Program Studi Teknik Kimia', 6,  255,  255,  '2021-05-04 07:47:05',  '2021-05-04 07:47:05'),
(168, 71, 71, 'Admin Program Studi Teknik Mesin', 6,  255,  255,  '2021-05-04 07:47:05',  '2021-05-04 07:47:05'),
(169, 72, 72, 'Admin Program Studi Teknik Logistik',  6,  255,  255,  '2021-05-04 07:47:05',  '2021-05-04 07:47:05'),
(170, 73, 73, 'Admin Program Studi Teknik Elektro', 6,  255,  255,  '2021-05-04 07:47:05',  '2021-05-04 07:47:05'),
(171, 74, 74, 'Admin Program Studi Teknik Sipil', 6,  255,  255,  '2021-05-04 07:47:05',  '2021-05-04 07:47:05'),
(172, 75, 75, 'Admin Program Studi Teknik Lingkungan',  6,  255,  255,  '2021-05-04 07:47:05',  '2021-05-04 07:47:05'),
(173, 76, 76, 'Admin Program Studi Manajemen',  6,  255,  255,  '2021-05-04 07:47:05',  '2021-05-04 07:47:05'),
(174, 77, 77, 'Admin Program Studi Ekonomi',  6,  255,  255,  '2021-05-04 07:47:05',  '2021-05-04 07:47:05'),
(175, 78, 78, 'Admin Program Studi Komunikasi', 6,  255,  255,  '2021-05-04 07:47:05',  '2021-05-04 07:47:05'),
(176, 79, 79, 'Admin Program Studi Hubungan Internasional', 6,  255,  255,  '2021-05-04 07:47:05',  '2021-05-04 07:47:05'),
(177, 23, 23, 'Staf Komunikasi Visual', 6,  255,  255,  '2021-05-04 07:47:05',  '2021-05-04 07:47:05'),
(178, 24, 24, 'Staf Dokumentasi dan Broadcasting',  6,  255,  255,  '2021-05-04 07:47:05',  '2021-05-04 07:47:05'),
(179, 24, 24, 'Staf Media Sosial',  6,  255,  255,  '2021-05-04 07:47:05',  '2021-05-04 07:47:05'),
(180, 24, 24, 'Staf Information Center',  6,  255,  255,  '2021-05-04 07:47:05',  '2021-05-04 07:47:05'),
(181, 25, 25, 'Staf Manajemen Arsip', 6,  255,  255,  '2021-05-04 07:47:05',  '2021-05-04 07:47:05'),
(182, 25, 25, 'Staf Bantuan Hukum', 6,  255,  255,  '2021-05-04 07:47:05',  '2021-05-04 07:47:05'),
(183, 31, 31, 'Staf Administrasi Umum dan Perlengkapan SPI',  6,  255,  255,  '2021-05-04 07:47:05',  '2021-05-04 07:47:05'),
(184, 26, 26, 'Staf Pengelola Data Pangkalan Pendidikan Tinggi',  6,  255,  255,  '2021-05-04 07:47:05',  '2021-05-04 07:47:05'),
(185, 26, 26, 'Staf Pusat Data',  6,  255,  255,  '2021-05-04 07:47:05',  '2021-05-04 07:47:05'),
(186, 27, 27, 'Staf Akreditasi',  6,  255,  255,  '2021-05-04 07:47:05',  '2021-05-04 07:47:05'),
(188, 45, 45, 'Staf Administrasi',  6,  255,  255,  '2021-05-04 07:47:05',  '2021-05-04 07:47:05'),
(189, 45, 45, 'Staf Inventaris',  6,  255,  255,  '2021-05-04 07:47:05',  '2021-05-04 07:47:05'),
(190, 46, 46, 'Staf Pengadaan Barang dan Jasa', 6,  255,  255,  '2021-05-04 07:47:05',  '2021-05-04 07:47:05'),
(191, 45, 45, 'Staf Pendukung Urusan Umum', 6,  255,  255,  '2021-05-04 07:47:05',  '2021-05-04 07:47:05'),
(192, 33, 33, 'Staf Pelayanan Akademik Dosen',  6,  255,  255,  '2021-05-04 07:47:05',  '2021-05-04 07:47:05'),
(193, 33, 33, 'Staf Penjadwalan Perkuliahan', 6,  255,  255,  '2021-05-04 07:47:05',  '2021-05-04 07:47:05'),
(194, 33, 33, 'Staf Pelayanan Akademik Mahasiswa',  6,  255,  255,  '2021-05-04 07:47:05',  '2021-05-04 07:47:05'),
(195, 45, 45, 'Staf Pendayagunaan dan Perawatan', 6,  255,  255,  '2021-05-04 07:47:05',  '2021-05-04 07:47:05'),
(196, 47, 47, 'Staf K3 & Eco Campus', 6,  255,  255,  '2021-05-04 07:47:05',  '2021-05-04 07:47:05'),
(197, 37, 37, 'Staf Pelayanan Orangtua Mahasiswa',  6,  255,  255,  '2021-05-04 07:47:05',  '2021-05-04 07:47:05'),
(199, 38, 38, 'Staf Administrasi Pusat Karir',  6,  255,  255,  '2021-05-04 07:47:05',  '2021-05-04 07:47:05'),
(200, 40, 40, 'Staf Sirkulasi', 6,  255,  255,  '2021-05-04 07:47:05',  '2021-05-04 07:47:05'),
(201, 38, 38, 'Staf Admin Pengembangan Bakat Karir',  6,  255,  255,  '2021-05-04 07:47:05',  '2021-05-04 07:47:05'),
(202, 51, 51, 'Staf Pelatihan & Pendidikan SDM',  6,  255,  255,  '2021-05-04 07:47:05',  '2021-05-04 07:47:05'),
(203, 51, 51, 'Staf Sertifikasi SDM', 6,  255,  255,  '2021-05-04 07:47:05',  '2021-05-04 07:47:05'),
(205, 41, 41, 'Staf Pengembangan Seleksi mahasiswa Baru', 6,  255,  255,  '2021-05-04 07:47:05',  '2021-05-04 07:47:05'),
(206, 37, 37, 'Staf Administrasi Bimbingan dan Konseling',  6,  255,  255,  '2021-05-04 07:47:05',  '2021-05-04 07:47:05'),
(207, 34, 34, 'Staf Pengembangan Konten E-Learning',  6,  255,  255,  '2021-05-04 07:47:05',  '2021-05-04 07:47:05'),
(208, 38, 38, 'Staf Sistem dan Pengembangan Platform Karir',  6,  255,  255,  '2021-05-04 07:47:05',  '2021-05-04 07:47:05'),
(209, 48, 48, 'Programmer', 6,  255,  255,  '2021-05-04 07:47:05',  '2021-05-04 07:47:05'),
(210, 48, 48, 'IT Support', 6,  255,  255,  '2021-05-04 07:47:05',  '2021-05-04 07:47:05'),
(211, 48, 48, 'Network Engineer', 6,  255,  255,  '2021-05-04 07:47:05',  '2021-05-04 07:47:05'),
(212, 49, 49, 'Programmer SIAK',  6,  255,  255,  '2021-05-04 07:47:05',  '2021-05-04 07:47:05'),
(213, 49, 49, 'Technical Writter',  6,  255,  255,  '2021-05-04 07:47:05',  '2021-05-04 07:47:05'),
(214, 81, 6,  'Direktur Inovasi dan Kewirausahaan', 3,  255,  255,  '2021-07-06 16:26:56',  '2021-07-06 16:26:56');

DROP TABLE IF EXISTS `presence_status`;
CREATE TABLE `presence_status` (
  `id` int(11) NOT NULL AUTO_INCREMENT,
  `status` varchar(255) COLLATE utf8_unicode_ci DEFAULT NULL,
  PRIMARY KEY (`id`)
) ENGINE=InnoDB DEFAULT CHARSET=utf8 COLLATE=utf8_unicode_ci;

INSERT INTO `presence_status` (`id`, `status`) VALUES
(1, 'OK'),
(2, 'Terlambat'),
(3, 'Kehadiran < 8 Jam'),
(4, 'Cuti'),
(5, 'Dinas'),
(6, 'Lainnya');

DROP TABLE IF EXISTS `presence_types`;
CREATE TABLE `presence_types` (
  `id` int(11) NOT NULL AUTO_INCREMENT,
  `type` varchar(255) COLLATE utf8_unicode_ci DEFAULT NULL,
  PRIMARY KEY (`id`)
) ENGINE=InnoDB DEFAULT CHARSET=utf8 COLLATE=utf8_unicode_ci;

INSERT INTO `presence_types` (`id`, `type`) VALUES
(1, 'Work From Office'),
(2, 'Work From Home');

DROP TABLE IF EXISTS `privilege`;
CREATE TABLE `privilege` (
  `id` int(11) NOT NULL AUTO_INCREMENT,
  `privilege` varchar(255) COLLATE utf8_unicode_ci DEFAULT NULL,
  PRIMARY KEY (`id`)
) ENGINE=InnoDB DEFAULT CHARSET=utf8 COLLATE=utf8_unicode_ci;


DROP TABLE IF EXISTS `provinces`;
CREATE TABLE `provinces` (
  `id` int(11) NOT NULL AUTO_INCREMENT,
  `province` varchar(255) COLLATE utf8_unicode_ci DEFAULT NULL,
  PRIMARY KEY (`id`)
) ENGINE=InnoDB DEFAULT CHARSET=utf8 COLLATE=utf8_unicode_ci;

INSERT INTO `provinces` (`id`, `province`) VALUES
(10000, 'D.K.I. Jakarta'),
(20000, 'Jawa Barat'),
(30000, 'Jawa Tengah'),
(40000, 'D.I. Yogyakarta'),
(50000, 'Jawa Timur'),
(60000, 'Aceh'),
(70000, 'Sumatera Utara'),
(80000, 'Sumatera Barat'),
(90000, 'Riau'),
(100000,  'Jambi'),
(110000,  'Sumatera Selatan'),
(120000,  'Lampung'),
(130000,  'Kalimantan Barat'),
(140000,  'Kalimantan Tengah'),
(150000,  'Kalimantan Selatan'),
(160000,  'Kalimantan Timur'),
(170000,  'Sulawesi Utara'),
(180000,  'Sulawesi Tengah'),
(190000,  'Sulawesi Selatan'),
(200000,  'Sulawesi Tenggara'),
(210000,  'Maluku'),
(220000,  'Bali'),
(230000,  'Nusa Tenggara Barat'),
(240000,  'Nusa Tenggara Timur'),
(250000,  'Papua'),
(260000,  'Bengkulu'),
(270000,  'Maluku Utara'),
(280000,  'Banten'),
(290000,  'Kepulauan Bangka Belitung'),
(300000,  'Gorontalo'),
(310000,  'Kepulauan Riau'),
(320000,  'Papua Barat'),
(330000,  'Sulawesi Barat'),
(340000,  'Kalimantan Utara');

DROP TABLE IF EXISTS `roles`;
CREATE TABLE `roles` (
  `id` int(11) NOT NULL AUTO_INCREMENT,
  `role` varchar(255) COLLATE utf8_unicode_ci DEFAULT NULL,
  PRIMARY KEY (`id`)
) ENGINE=InnoDB DEFAULT CHARSET=utf8 COLLATE=utf8_unicode_ci;

INSERT INTO `roles` (`id`, `role`) VALUES
(1, 'Administrator'),
(2, 'SDM'),
(3, 'Pegawai'),
(4, 'Pimpinan');

DROP TABLE IF EXISTS `salary`;
CREATE TABLE `salary` (
  `id` int(11) NOT NULL AUTO_INCREMENT,
  `employee_id` int(11) DEFAULT NULL,
  `basic_salary` int(11) DEFAULT NULL,
  `bank_name` varchar(255) COLLATE utf8_unicode_ci DEFAULT NULL,
  `bank_account` varchar(255) COLLATE utf8_unicode_ci DEFAULT NULL,
  `account_holder` varchar(255) COLLATE utf8_unicode_ci DEFAULT NULL,
  PRIMARY KEY (`id`),
  KEY `employee_id` (`employee_id`),
  CONSTRAINT `salary_ibfk_1` FOREIGN KEY (`employee_id`) REFERENCES `employee_pt` (`employee_id`)
) ENGINE=InnoDB DEFAULT CHARSET=utf8 COLLATE=utf8_unicode_ci;

DROP TABLE IF EXISTS `timesheets`;
CREATE TABLE `timesheets` (
  `id` int(11) NOT NULL AUTO_INCREMENT,
  `employee_id` int(11) DEFAULT NULL,
  `approval` int(11) DEFAULT NULL,
  `start` time DEFAULT NULL,
  `finish` time DEFAULT NULL,
  `duration` double DEFAULT NULL,
  `activity` longtext COLLATE utf8_unicode_ci DEFAULT NULL,
  `feedback` longtext COLLATE utf8_unicode_ci DEFAULT NULL,
  `date_on` date DEFAULT NULL,
  `weight` int(11) DEFAULT NULL,
  `approver_id` int(11) DEFAULT NULL,
  `approver_name` varchar(50) COLLATE utf8_unicode_ci DEFAULT NULL,
  `attachment` varchar(255) COLLATE utf8_unicode_ci DEFAULT NULL,
  `created_at` timestamp NULL DEFAULT NULL ON UPDATE current_timestamp(),
  PRIMARY KEY (`id`),
  KEY `employee_id` (`employee_id`),
  KEY `approval` (`approval`),
  KEY `approver_id` (`approver_id`),
  CONSTRAINT `timesheets_ibfk_1` FOREIGN KEY (`employee_id`) REFERENCES `employee_pt` (`employee_id`),
  CONSTRAINT `timesheets_ibfk_2` FOREIGN KEY (`approval`) REFERENCES `approval_status` (`id`) ON UPDATE CASCADE,
  CONSTRAINT `timesheets_ibfk_3` FOREIGN KEY (`approver_id`) REFERENCES `positions` (`id`) ON UPDATE CASCADE
) ENGINE=InnoDB DEFAULT CHARSET=utf8 COLLATE=utf8_unicode_ci;


DROP TABLE IF EXISTS `tupoksi`;
CREATE TABLE `tupoksi` (
  `id` int(11) NOT NULL AUTO_INCREMENT,
  `position_id` int(11) DEFAULT NULL,
  `tupoksi` varchar(255) DEFAULT NULL,
  `weight` int(11) DEFAULT NULL,
  PRIMARY KEY (`id`),
  KEY `position_id` (`position_id`),
  CONSTRAINT `tupoksi_ibfk_1` FOREIGN KEY (`position_id`) REFERENCES `positions` (`id`) ON UPDATE CASCADE
) ENGINE=InnoDB DEFAULT CHARSET=utf8mb4;


DROP TABLE IF EXISTS `users`;
CREATE TABLE `users` (
  `id` int(11) NOT NULL AUTO_INCREMENT,
  `username` varchar(255) COLLATE utf8_unicode_ci DEFAULT NULL,
  `password` varchar(255) COLLATE utf8_unicode_ci DEFAULT NULL,
  `last_login` timestamp NOT NULL DEFAULT current_timestamp() ON UPDATE current_timestamp(),
  `created_by` int(11) DEFAULT NULL,
  `updated_by` int(11) DEFAULT NULL,
  `created_at` timestamp NOT NULL DEFAULT current_timestamp(),
  `updated_at` timestamp NOT NULL DEFAULT current_timestamp(),
  PRIMARY KEY (`id`),
  KEY `created_by` (`created_by`),
  KEY `updated_by` (`updated_by`),
  CONSTRAINT `users_ibfk_1` FOREIGN KEY (`created_by`) REFERENCES `users` (`id`) ON UPDATE CASCADE,
  CONSTRAINT `users_ibfk_2` FOREIGN KEY (`updated_by`) REFERENCES `users` (`id`) ON UPDATE CASCADE
) ENGINE=InnoDB DEFAULT CHARSET=utf8 COLLATE=utf8_unicode_ci;

INSERT INTO `users` (`id`, `username`, `password`, `last_login`, `created_by`, `updated_by`, `created_at`, `updated_at`) VALUES
(1, '116001', '8c4d3a0da5ddb35202e52ce493662870', '2021-05-04 14:50:53',  255,  255,  '2020-09-26 23:25:39',  '2020-10-09 01:54:22'),
(2, '116002', '8c4d3a0da5ddb35202e52ce493662870', '2021-05-04 14:50:53',  255,  255,  '2020-09-26 23:25:39',  '2020-10-09 01:54:22'),
(3, '116003', '8c4d3a0da5ddb35202e52ce493662870', '2021-05-04 14:50:53',  255,  255,  '2020-09-26 23:25:39',  '2020-10-09 01:54:22'),
(4, '707327', '8c4d3a0da5ddb35202e52ce493662870', '2021-05-04 14:50:53',  255,  255,  '2020-09-26 23:25:39',  '2020-10-09 01:54:22'),
(5, '116004', '8c4d3a0da5ddb35202e52ce493662870', '2021-05-04 14:50:53',  255,  255,  '2020-09-26 23:25:39',  '2020-10-09 01:54:22'),
(6, '116005', '8c4d3a0da5ddb35202e52ce493662870', '2021-05-04 14:50:53',  255,  255,  '2020-09-26 23:25:39',  '2020-10-09 01:54:22'),
(7, '116006', '8c4d3a0da5ddb35202e52ce493662870', '2021-05-04 14:50:53',  255,  255,  '2020-09-26 23:25:39',  '2020-10-09 01:54:22'),
(8, '116007', '8c4d3a0da5ddb35202e52ce493662870', '2021-05-04 14:50:53',  255,  255,  '2020-09-26 23:25:39',  '2020-10-09 01:54:22'),
(9, '116008', '8c4d3a0da5ddb35202e52ce493662870', '2021-05-04 14:50:53',  255,  255,  '2020-09-26 23:25:39',  '2020-10-09 01:54:22'),
(10,  '116009', '8c4d3a0da5ddb35202e52ce493662870', '2021-05-04 14:50:53',  255,  255,  '2020-09-26 23:25:39',  '2020-10-09 01:54:22'),
(11,  '116010', '8c4d3a0da5ddb35202e52ce493662870', '2021-05-04 14:50:53',  255,  255,  '2020-09-26 23:25:39',  '2020-10-09 01:54:22'),
(12,  '116011', '8c4d3a0da5ddb35202e52ce493662870', '2021-05-04 14:50:53',  255,  255,  '2020-09-26 23:25:39',  '2020-10-09 01:54:22'),
(13,  '116012', '8c4d3a0da5ddb35202e52ce493662870', '2021-05-04 14:50:53',  255,  255,  '2020-09-26 23:25:39',  '2020-10-09 01:54:22'),
(14,  '116013', '8c4d3a0da5ddb35202e52ce493662870', '2021-05-04 14:50:53',  255,  255,  '2020-09-26 23:25:39',  '2020-10-09 01:54:22'),
(15,  '116014', '8c4d3a0da5ddb35202e52ce493662870', '2021-05-04 14:50:53',  255,  255,  '2020-09-26 23:25:39',  '2020-10-09 01:54:22'),
(16,  '116015', '8c4d3a0da5ddb35202e52ce493662870', '2021-05-04 14:50:53',  255,  255,  '2020-09-26 23:25:39',  '2020-10-09 01:54:22'),
(17,  '116016', '8c4d3a0da5ddb35202e52ce493662870', '2021-08-13 07:16:22',  255,  255,  '2020-09-26 23:25:39',  '2020-10-09 01:54:22'),
(18,  '116017', '8c4d3a0da5ddb35202e52ce493662870', '2021-05-04 14:50:53',  255,  255,  '2020-09-26 23:25:39',  '2020-10-09 01:54:22'),
(19,  '116018', '8c4d3a0da5ddb35202e52ce493662870', '2021-05-04 14:50:53',  255,  255,  '2020-09-26 23:25:39',  '2020-10-09 01:54:22'),
(20,  '116019', '8c4d3a0da5ddb35202e52ce493662870', '2021-05-04 14:50:53',  255,  255,  '2020-09-26 23:25:39',  '2020-10-09 01:54:22'),
(21,  '116020', '8c4d3a0da5ddb35202e52ce493662870', '2021-07-22 06:21:18',  255,  255,  '2020-09-26 23:25:39',  '2021-04-20 01:28:31'),
(22,  '116021', '8c4d3a0da5ddb35202e52ce493662870', '2021-05-04 14:50:53',  255,  255,  '2020-09-26 23:25:39',  '2020-10-09 01:54:22'),
(23,  '116022', '8c4d3a0da5ddb35202e52ce493662870', '2021-05-04 14:50:53',  255,  255,  '2020-09-26 23:25:39',  '2020-10-09 01:54:22'),
(24,  '116023', '8c4d3a0da5ddb35202e52ce493662870', '2021-05-04 14:50:53',  255,  255,  '2020-09-26 23:25:39',  '2020-10-09 01:54:23'),
(25,  '116024', '8c4d3a0da5ddb35202e52ce493662870', '2021-05-04 14:50:53',  255,  255,  '2020-09-26 23:25:39',  '2020-10-09 01:54:23'),
(26,  '116025', '8c4d3a0da5ddb35202e52ce493662870', '2021-05-04 14:50:53',  255,  255,  '2020-09-26 23:25:39',  '2020-10-09 01:54:23'),
(27,  '116026', '8c4d3a0da5ddb35202e52ce493662870', '2021-05-04 14:50:53',  255,  255,  '2020-09-26 23:25:39',  '2020-10-09 01:54:23'),
(28,  '116027', '8c4d3a0da5ddb35202e52ce493662870', '2021-05-04 14:50:53',  255,  255,  '2020-09-26 23:25:39',  '2020-10-09 01:54:23'),
(29,  '116028', '8c4d3a0da5ddb35202e52ce493662870', '2021-05-04 14:50:53',  255,  255,  '2020-09-26 23:25:39',  '2020-10-09 01:54:23'),
(30,  '116029', '8c4d3a0da5ddb35202e52ce493662870', '2021-05-04 14:50:53',  255,  255,  '2020-09-26 23:25:39',  '2020-10-09 01:54:23'),
(31,  '116030', '8c4d3a0da5ddb35202e52ce493662870', '2021-05-04 14:50:53',  255,  255,  '2020-09-26 23:25:39',  '2020-10-09 01:54:23'),
(32,  '116031', '8c4d3a0da5ddb35202e52ce493662870', '2021-05-04 14:50:53',  255,  255,  '2020-09-26 23:25:39',  '2020-10-09 01:54:23'),
(33,  '116032', '8c4d3a0da5ddb35202e52ce493662870', '2021-05-04 14:50:53',  255,  255,  '2020-09-26 23:25:39',  '2020-10-09 01:54:23'),
(34,  '116033', '8c4d3a0da5ddb35202e52ce493662870', '2021-05-04 14:50:53',  255,  255,  '2020-09-26 23:25:39',  '2021-01-06 03:48:50'),
(35,  '116034', '8c4d3a0da5ddb35202e52ce493662870', '2021-05-04 14:50:53',  255,  255,  '2020-09-26 23:25:39',  '2020-10-09 01:54:23'),
(36,  '116035', '8c4d3a0da5ddb35202e52ce493662870', '2021-05-04 14:50:53',  255,  255,  '2020-09-26 23:25:39',  '2020-10-09 01:54:23'),
(37,  '116036', '8c4d3a0da5ddb35202e52ce493662870', '2021-05-04 14:50:53',  255,  255,  '2020-09-26 23:25:39',  '2020-10-09 01:54:23'),
(38,  '116037', '8c4d3a0da5ddb35202e52ce493662870', '2021-05-04 14:50:53',  255,  255,  '2020-09-26 23:25:39',  '2020-10-09 01:54:23'),
(39,  '116038', '8c4d3a0da5ddb35202e52ce493662870', '2021-05-04 14:50:53',  255,  255,  '2020-09-26 23:25:39',  '2020-10-09 01:54:23'),
(40,  '116039', '8c4d3a0da5ddb35202e52ce493662870', '2021-05-04 14:50:53',  255,  255,  '2020-09-26 23:25:39',  '2020-10-09 01:54:23'),
(41,  '116040', '8c4d3a0da5ddb35202e52ce493662870', '2021-05-04 14:50:53',  255,  255,  '2020-09-26 23:25:39',  '2020-10-09 01:54:23'),
(42,  '116041', '8c4d3a0da5ddb35202e52ce493662870', '2021-05-04 14:50:53',  255,  255,  '2020-09-26 23:25:39',  '2020-10-09 01:54:23'),
(43,  '116042', '8c4d3a0da5ddb35202e52ce493662870', '2021-05-04 14:50:53',  255,  255,  '2020-09-26 23:25:39',  '2020-10-09 01:54:23'),
(44,  '116043', '8c4d3a0da5ddb35202e52ce493662870', '2021-05-04 14:50:53',  255,  255,  '2020-09-26 23:25:39',  '2020-10-09 01:54:23'),
(45,  '116044', '8c4d3a0da5ddb35202e52ce493662870', '2021-05-04 14:50:53',  255,  255,  '2020-09-26 23:25:39',  '2020-10-09 01:54:23'),
(46,  '116045', '8c4d3a0da5ddb35202e52ce493662870', '2021-05-04 14:50:53',  255,  255,  '2020-09-26 23:25:39',  '2020-10-09 01:54:23'),
(47,  '116046', '8c4d3a0da5ddb35202e52ce493662870', '2021-05-04 14:50:53',  255,  255,  '2020-09-26 23:25:39',  '2020-10-09 01:54:23'),
(48,  '116047', '8c4d3a0da5ddb35202e52ce493662870', '2021-05-04 14:50:53',  255,  255,  '2020-09-26 23:25:39',  '2020-10-09 01:54:23'),
(49,  '116048', '8c4d3a0da5ddb35202e52ce493662870', '2021-05-04 14:50:53',  255,  255,  '2020-09-26 23:25:39',  '2020-10-09 01:54:23'),
(50,  '116049', '8c4d3a0da5ddb35202e52ce493662870', '2021-05-04 14:50:53',  255,  255,  '2020-09-26 23:25:39',  '2020-10-09 01:54:23'),
(51,  '116050', '8c4d3a0da5ddb35202e52ce493662870', '2021-05-04 14:50:53',  255,  255,  '2020-09-26 23:25:39',  '2020-10-09 01:54:23'),
(52,  '116051', '8c4d3a0da5ddb35202e52ce493662870', '2021-05-04 14:50:53',  255,  255,  '2020-09-26 23:25:39',  '2020-10-09 01:54:23'),
(53,  '116052', '8c4d3a0da5ddb35202e52ce493662870', '2021-05-04 14:50:53',  255,  255,  '2020-09-26 23:25:39',  '2020-10-09 01:54:23'),
(54,  '116053', '8c4d3a0da5ddb35202e52ce493662870', '2021-05-04 14:50:53',  255,  255,  '2020-09-26 23:25:39',  '2020-10-09 01:54:23'),
(55,  '116054', '8c4d3a0da5ddb35202e52ce493662870', '2021-05-04 14:50:53',  255,  255,  '2020-09-26 23:25:39',  '2020-10-09 01:54:23'),
(56,  '116055', '8c4d3a0da5ddb35202e52ce493662870', '2021-05-04 14:50:53',  255,  255,  '2020-09-26 23:25:39',  '2020-10-09 01:54:23'),
(57,  '116056', '8c4d3a0da5ddb35202e52ce493662870', '2021-05-04 14:50:53',  255,  255,  '2020-09-26 23:25:39',  '2020-10-09 01:54:23'),
(58,  '116057', '8c4d3a0da5ddb35202e52ce493662870', '2021-05-04 14:50:53',  255,  255,  '2020-09-26 23:25:39',  '2020-10-09 01:54:23'),
(59,  '116058', '8c4d3a0da5ddb35202e52ce493662870', '2021-05-04 14:50:53',  255,  255,  '2020-09-26 23:25:39',  '2020-10-09 01:54:23'),
(60,  '116059', '8c4d3a0da5ddb35202e52ce493662870', '2021-05-04 14:50:53',  255,  255,  '2020-09-26 23:25:39',  '2020-10-09 01:54:23'),
(61,  '116060', '8c4d3a0da5ddb35202e52ce493662870', '2021-05-04 14:50:53',  255,  255,  '2020-09-26 23:25:39',  '2020-10-09 01:54:23'),
(62,  '116061', '8c4d3a0da5ddb35202e52ce493662870', '2021-05-04 14:50:53',  255,  255,  '2020-09-26 23:25:39',  '2020-10-09 01:54:24'),
(63,  '116062', '8c4d3a0da5ddb35202e52ce493662870', '2021-05-04 14:50:53',  255,  255,  '2020-09-26 23:25:39',  '2020-10-09 01:54:24'),
(64,  '116063', '8c4d3a0da5ddb35202e52ce493662870', '2021-05-04 14:50:53',  255,  255,  '2020-09-26 23:25:39',  '2020-10-09 01:54:24'),
(65,  '116064', '8c4d3a0da5ddb35202e52ce493662870', '2021-05-04 14:50:53',  255,  255,  '2020-09-26 23:25:39',  '2020-10-09 01:54:24'),
(66,  '116065', '8c4d3a0da5ddb35202e52ce493662870', '2021-05-04 14:50:53',  255,  255,  '2020-09-26 23:25:39',  '2020-10-09 01:54:24'),
(67,  '116066', '8c4d3a0da5ddb35202e52ce493662870', '2021-05-04 14:50:53',  255,  255,  '2020-09-26 23:25:39',  '2020-10-09 01:54:24'),
(68,  '116067', '8c4d3a0da5ddb35202e52ce493662870', '2021-05-04 14:50:53',  255,  255,  '2020-09-26 23:25:39',  '2020-10-09 01:54:24'),
(69,  '116068', '8c4d3a0da5ddb35202e52ce493662870', '2021-05-04 14:50:53',  255,  255,  '2020-09-26 23:25:39',  '2020-10-09 01:54:24'),
(70,  '116069', '8c4d3a0da5ddb35202e52ce493662870', '2021-05-04 14:50:53',  255,  255,  '2020-09-26 23:25:39',  '2020-10-09 01:54:24'),
(71,  '116070', '8c4d3a0da5ddb35202e52ce493662870', '2021-05-04 14:50:53',  255,  255,  '2020-09-26 23:25:39',  '2020-10-09 01:54:24'),
(72,  '116071', '8c4d3a0da5ddb35202e52ce493662870', '2021-05-04 14:50:53',  255,  255,  '2020-09-26 23:25:39',  '2020-10-09 01:54:24'),
(73,  '116072', '8c4d3a0da5ddb35202e52ce493662870', '2021-05-04 14:50:53',  255,  255,  '2020-09-26 23:25:39',  '2020-10-09 01:54:24'),
(74,  '116073', '8c4d3a0da5ddb35202e52ce493662870', '2021-05-04 14:50:53',  255,  255,  '2020-09-26 23:25:39',  '2020-10-09 01:54:24'),
(75,  '116074', '8c4d3a0da5ddb35202e52ce493662870', '2021-05-04 14:50:53',  255,  255,  '2020-09-26 23:25:39',  '2020-10-09 01:54:24'),
(76,  '116075', '8c4d3a0da5ddb35202e52ce493662870', '2021-05-04 14:50:53',  255,  255,  '2020-09-26 23:25:39',  '2020-10-09 01:54:24'),
(77,  '116076', '8c4d3a0da5ddb35202e52ce493662870', '2021-05-04 14:50:53',  255,  255,  '2020-09-26 23:25:39',  '2020-10-09 01:54:24'),
(78,  '116077', '8c4d3a0da5ddb35202e52ce493662870', '2021-05-04 14:50:53',  255,  255,  '2020-09-26 23:25:39',  '2020-10-09 01:54:24'),
(79,  '116078', '8c4d3a0da5ddb35202e52ce493662870', '2021-05-04 14:50:53',  255,  255,  '2020-09-26 23:25:39',  '2020-10-09 01:54:24'),
(80,  '116079', '8c4d3a0da5ddb35202e52ce493662870', '2021-05-04 14:50:53',  255,  255,  '2020-09-26 23:25:39',  '2020-10-09 01:54:24'),
(81,  '116080', '8c4d3a0da5ddb35202e52ce493662870', '2021-05-04 14:50:53',  255,  255,  '2020-09-26 23:25:39',  '2020-10-09 01:54:24'),
(82,  '116081', '8c4d3a0da5ddb35202e52ce493662870', '2021-05-04 14:50:53',  255,  255,  '2020-09-26 23:25:39',  '2020-10-09 01:54:24'),
(83,  '116082', '8c4d3a0da5ddb35202e52ce493662870', '2021-05-04 14:50:53',  255,  255,  '2020-09-26 23:25:39',  '2020-10-09 01:54:24'),
(84,  '116083', '8c4d3a0da5ddb35202e52ce493662870', '2021-05-04 14:50:53',  255,  255,  '2020-09-26 23:25:39',  '2020-10-09 01:54:24'),
(85,  '116084', '8c4d3a0da5ddb35202e52ce493662870', '2021-05-04 14:50:53',  255,  255,  '2020-09-26 23:25:39',  '2020-10-09 01:54:24'),
(86,  '116085', '8c4d3a0da5ddb35202e52ce493662870', '2021-05-04 14:50:53',  255,  255,  '2020-09-26 23:25:39',  '2020-10-09 01:54:24'),
(87,  '116086', '8c4d3a0da5ddb35202e52ce493662870', '2021-05-04 14:50:53',  255,  255,  '2020-09-26 23:25:39',  '2020-10-09 01:54:24'),
(88,  '116087', '8c4d3a0da5ddb35202e52ce493662870', '2021-05-04 14:50:53',  255,  255,  '2020-09-26 23:25:39',  '2020-10-09 01:54:24'),
(89,  '116088', '8c4d3a0da5ddb35202e52ce493662870', '2021-05-04 14:50:53',  255,  255,  '2020-09-26 23:25:39',  '2020-10-09 01:54:24'),
(90,  '116089', '8c4d3a0da5ddb35202e52ce493662870', '2021-05-04 14:50:53',  255,  255,  '2020-09-26 23:25:39',  '2020-10-09 01:54:24'),
(91,  '116090', '8c4d3a0da5ddb35202e52ce493662870', '2021-05-04 14:50:53',  255,  255,  '2020-09-26 23:25:39',  '2020-10-09 01:54:24'),
(92,  '116091', '8c4d3a0da5ddb35202e52ce493662870', '2021-05-04 14:50:53',  255,  255,  '2020-09-26 23:25:39',  '2020-10-09 01:54:24'),
(93,  '116092', '8c4d3a0da5ddb35202e52ce493662870', '2021-05-04 14:50:53',  255,  255,  '2020-09-26 23:25:39',  '2020-10-09 01:54:24'),
(94,  '116093', '8c4d3a0da5ddb35202e52ce493662870', '2021-05-04 14:50:53',  255,  255,  '2020-09-26 23:25:39',  '2020-10-09 01:54:24'),
(95,  '116094', '8c4d3a0da5ddb35202e52ce493662870', '2021-05-04 14:50:53',  255,  255,  '2020-09-26 23:25:39',  '2020-10-09 01:54:24'),
(96,  '116095', '8c4d3a0da5ddb35202e52ce493662870', '2021-05-04 14:50:53',  255,  255,  '2020-09-26 23:25:39',  '2020-10-09 01:54:24'),
(97,  '116096', '8c4d3a0da5ddb35202e52ce493662870', '2021-05-04 14:50:53',  255,  255,  '2020-09-26 23:25:39',  '2020-10-09 01:54:24'),
(98,  '116097', '8c4d3a0da5ddb35202e52ce493662870', '2021-05-04 14:50:53',  255,  255,  '2020-09-26 23:25:39',  '2020-10-09 01:54:24'),
(99,  '116098', '8c4d3a0da5ddb35202e52ce493662870', '2021-05-04 14:50:53',  255,  255,  '2020-09-26 23:25:39',  '2020-10-09 01:54:24'),
(100, '116099', '8c4d3a0da5ddb35202e52ce493662870', '2021-05-04 14:50:53',  255,  255,  '2020-09-26 23:25:39',  '2020-10-09 01:54:25'),
(101, '116100', '8c4d3a0da5ddb35202e52ce493662870', '2021-05-04 14:50:53',  255,  255,  '2020-09-26 23:25:39',  '2020-10-09 01:54:25'),
(102, '116101', '8c4d3a0da5ddb35202e52ce493662870', '2021-05-04 14:50:53',  255,  255,  '2020-09-26 23:25:39',  '2020-10-09 01:54:25'),
(103, '116102', '8c4d3a0da5ddb35202e52ce493662870', '2021-05-04 14:50:53',  255,  255,  '2020-09-26 23:25:39',  '2020-10-09 01:54:25'),
(104, '116103', '8c4d3a0da5ddb35202e52ce493662870', '2021-05-04 14:50:53',  255,  255,  '2020-09-26 23:25:39',  '2020-10-09 01:54:25'),
(105, '116104', '8c4d3a0da5ddb35202e52ce493662870', '2021-05-04 14:50:53',  255,  255,  '2020-09-26 23:25:39',  '2020-10-09 01:54:25'),
(106, '116105', '8c4d3a0da5ddb35202e52ce493662870', '2021-05-04 14:50:53',  255,  255,  '2020-09-26 23:25:39',  '2020-10-09 01:54:25'),
(107, '116106', '8c4d3a0da5ddb35202e52ce493662870', '2021-05-04 14:50:53',  255,  255,  '2020-09-26 23:25:39',  '2020-10-09 01:54:25'),
(108, '116107', '8c4d3a0da5ddb35202e52ce493662870', '2021-05-04 14:50:53',  255,  255,  '2020-09-26 23:25:39',  '2020-10-09 01:54:25'),
(109, '116108', '8c4d3a0da5ddb35202e52ce493662870', '2021-05-04 14:50:53',  255,  255,  '2020-09-26 23:25:39',  '2020-10-09 01:54:25'),
(110, '116109', '8c4d3a0da5ddb35202e52ce493662870', '2021-05-04 14:50:53',  255,  255,  '2020-09-26 23:25:39',  '2020-10-09 01:54:25'),
(111, '116110', '8c4d3a0da5ddb35202e52ce493662870', '2021-05-04 14:50:53',  255,  255,  '2020-09-26 23:25:39',  '2020-10-09 01:54:25'),
(112, '116111', '8c4d3a0da5ddb35202e52ce493662870', '2021-05-04 14:50:53',  255,  255,  '2020-09-26 23:25:39',  '2020-10-09 01:54:25'),
(113, '116112', '8c4d3a0da5ddb35202e52ce493662870', '2021-05-04 14:50:53',  255,  255,  '2020-09-26 23:25:39',  '2020-10-09 01:54:25'),
(114, '116113', '8c4d3a0da5ddb35202e52ce493662870', '2021-05-04 14:50:53',  255,  255,  '2020-09-26 23:25:39',  '2020-10-09 01:54:25'),
(115, '116114', '8c4d3a0da5ddb35202e52ce493662870', '2021-05-04 14:50:53',  255,  255,  '2020-09-26 23:25:39',  '2020-10-09 01:54:25'),
(116, '116115', '8c4d3a0da5ddb35202e52ce493662870', '2021-05-04 14:50:53',  255,  255,  '2020-09-26 23:25:39',  '2020-10-09 01:54:25'),
(117, '116116', '8c4d3a0da5ddb35202e52ce493662870', '2021-05-04 14:50:53',  255,  255,  '2020-09-26 23:25:39',  '2020-10-09 01:54:25'),
(118, '116117', '8c4d3a0da5ddb35202e52ce493662870', '2021-05-04 14:50:53',  255,  255,  '2020-09-26 23:25:39',  '2020-10-09 01:54:25'),
(119, '116118', '8c4d3a0da5ddb35202e52ce493662870', '2021-05-04 14:50:53',  255,  255,  '2020-09-26 23:25:39',  '2020-10-09 01:54:25'),
(120, '116119', '8c4d3a0da5ddb35202e52ce493662870', '2021-05-04 14:50:53',  255,  255,  '2020-09-26 23:25:39',  '2020-10-09 01:54:25'),
(121, '116120', '8c4d3a0da5ddb35202e52ce493662870', '2021-05-04 14:50:53',  255,  255,  '2020-09-26 23:25:39',  '2020-10-09 01:54:25'),
(122, '116121', '8c4d3a0da5ddb35202e52ce493662870', '2021-05-04 14:50:53',  255,  255,  '2020-09-26 23:25:39',  '2020-10-09 01:54:25'),
(123, '116122', '8c4d3a0da5ddb35202e52ce493662870', '2021-05-04 14:50:53',  255,  255,  '2020-09-26 23:25:39',  '2020-10-09 01:54:25'),
(124, '116123', '8c4d3a0da5ddb35202e52ce493662870', '2021-05-04 14:50:53',  255,  255,  '2020-09-26 23:25:39',  '2020-10-09 01:54:25'),
(125, '116124', '8c4d3a0da5ddb35202e52ce493662870', '2021-05-04 14:50:53',  255,  255,  '2020-09-26 23:25:39',  '2020-10-09 01:54:25'),
(126, '116126', '8c4d3a0da5ddb35202e52ce493662870', '2021-05-04 14:50:53',  255,  255,  '2020-09-26 23:25:39',  '2020-10-09 01:54:25'),
(127, '116127', '8c4d3a0da5ddb35202e52ce493662870', '2021-05-04 14:50:53',  255,  255,  '2020-09-26 23:25:39',  '2020-10-09 01:54:25'),
(128, '116128', '8c4d3a0da5ddb35202e52ce493662870', '2021-05-04 14:50:53',  255,  255,  '2020-09-26 23:25:39',  '2020-10-09 01:54:25'),
(129, '116129', '8c4d3a0da5ddb35202e52ce493662870', '2021-05-04 14:50:53',  255,  255,  '2020-09-26 23:25:39',  '2020-10-09 01:54:25'),
(130, '116130', '8c4d3a0da5ddb35202e52ce493662870', '2021-05-04 14:50:53',  255,  255,  '2020-09-26 23:25:39',  '2020-10-09 01:54:25'),
(131, '116131', '8c4d3a0da5ddb35202e52ce493662870', '2021-05-04 14:50:53',  255,  255,  '2020-09-26 23:25:39',  '2020-10-09 01:54:25'),
(132, '116132', '8c4d3a0da5ddb35202e52ce493662870', '2021-05-04 14:50:53',  255,  255,  '2020-09-26 23:25:39',  '2020-10-09 01:54:25'),
(133, '116133', '8c4d3a0da5ddb35202e52ce493662870', '2021-05-04 14:50:53',  255,  255,  '2020-09-26 23:25:39',  '2020-10-09 01:54:25'),
(134, '116135', '8c4d3a0da5ddb35202e52ce493662870', '2021-05-04 14:50:53',  255,  255,  '2020-09-26 23:25:39',  '2020-10-09 01:54:26'),
(135, '116136', '8c4d3a0da5ddb35202e52ce493662870', '2021-05-04 14:50:53',  255,  255,  '2020-09-26 23:25:39',  '2020-10-09 01:54:26'),
(136, '216001', '8c4d3a0da5ddb35202e52ce493662870', '2021-05-04 14:50:53',  255,  255,  '2020-09-26 23:25:39',  '2020-10-09 01:54:26'),
(137, '216002', '8c4d3a0da5ddb35202e52ce493662870', '2021-05-04 14:50:53',  255,  255,  '2020-09-26 23:25:39',  '2020-10-09 01:54:26'),
(138, '216003', '8c4d3a0da5ddb35202e52ce493662870', '2021-05-04 14:50:53',  255,  255,  '2020-09-26 23:25:39',  '2020-10-09 01:54:26'),
(139, '216004', '8c4d3a0da5ddb35202e52ce493662870', '2021-05-04 14:50:53',  255,  255,  '2020-09-26 23:25:39',  '2020-10-09 01:54:26'),
(140, '216005', '8c4d3a0da5ddb35202e52ce493662870', '2021-05-04 14:50:53',  255,  255,  '2020-09-26 23:25:39',  '2020-10-09 01:54:26'),
(141, '216006', '8c4d3a0da5ddb35202e52ce493662870', '2021-05-04 14:50:53',  255,  255,  '2020-09-26 23:25:39',  '2020-10-09 01:54:26'),
(142, '216007', '8c4d3a0da5ddb35202e52ce493662870', '2021-05-04 14:50:53',  255,  255,  '2020-09-26 23:25:39',  '2020-10-09 01:54:26'),
(143, '216008', '8c4d3a0da5ddb35202e52ce493662870', '2021-05-04 14:50:53',  255,  255,  '2020-09-26 23:25:39',  '2020-10-09 01:54:26'),
(144, '216009', '8c4d3a0da5ddb35202e52ce493662870', '2021-05-04 14:50:53',  255,  255,  '2020-09-26 23:25:39',  '2020-10-09 01:54:26'),
(145, '216010', '8c4d3a0da5ddb35202e52ce493662870', '2021-05-04 14:50:53',  255,  255,  '2020-09-26 23:25:39',  '2020-10-09 01:54:26'),
(146, '216011', '8c4d3a0da5ddb35202e52ce493662870', '2021-06-15 11:01:42',  255,  255,  '2020-09-26 23:25:39',  '2020-10-09 01:54:26'),
(147, '216012', '8c4d3a0da5ddb35202e52ce493662870', '2021-05-04 14:50:53',  255,  255,  '2020-09-26 23:25:39',  '2020-10-09 01:54:26'),
(148, '216013', '8c4d3a0da5ddb35202e52ce493662870', '2021-05-04 14:50:53',  255,  255,  '2020-09-26 23:25:39',  '2020-10-09 01:54:26'),
(149, '216014', '8c4d3a0da5ddb35202e52ce493662870', '2021-05-04 14:50:53',  255,  255,  '2020-09-26 23:25:39',  '2020-10-09 01:54:26'),
(150, '216015', '8c4d3a0da5ddb35202e52ce493662870', '2021-05-04 14:50:53',  255,  255,  '2020-09-26 23:25:39',  '2020-10-09 01:54:26'),
(151, '216016', '8c4d3a0da5ddb35202e52ce493662870', '2021-05-04 14:50:53',  255,  255,  '2020-09-26 23:25:39',  '2020-10-09 01:54:26'),
(152, '216017', '8c4d3a0da5ddb35202e52ce493662870', '2021-05-04 14:50:53',  255,  255,  '2020-09-26 23:25:39',  '2020-10-09 01:54:26'),
(153, '216018', '8c4d3a0da5ddb35202e52ce493662870', '2021-05-04 14:50:53',  255,  255,  '2020-09-26 23:25:39',  '2020-10-09 01:54:26'),
(154, '216019', '8c4d3a0da5ddb35202e52ce493662870', '2021-05-04 14:50:53',  255,  255,  '2020-09-26 23:25:39',  '2020-10-09 01:54:26'),
(155, '216020', '8c4d3a0da5ddb35202e52ce493662870', '2021-05-04 14:50:53',  255,  255,  '2020-09-26 23:25:39',  '2020-10-09 01:54:26'),
(156, '216021', '8c4d3a0da5ddb35202e52ce493662870', '2021-05-04 14:50:53',  255,  255,  '2020-09-26 23:25:39',  '2020-10-09 01:54:26'),
(157, '216022', '8c4d3a0da5ddb35202e52ce493662870', '2021-05-04 14:50:53',  255,  255,  '2020-09-26 23:25:39',  '2020-10-09 01:54:26'),
(158, '216023', '8c4d3a0da5ddb35202e52ce493662870', '2021-05-04 14:50:53',  255,  255,  '2020-09-26 23:25:39',  '2020-10-09 01:54:26'),
(159, '216024', '8c4d3a0da5ddb35202e52ce493662870', '2021-05-04 14:50:53',  255,  255,  '2020-09-26 23:25:39',  '2020-10-09 01:54:26'),
(160, '216025', '8c4d3a0da5ddb35202e52ce493662870', '2021-05-04 14:50:53',  255,  255,  '2020-09-26 23:25:39',  '2020-10-09 01:54:26'),
(161, '216026', '8c4d3a0da5ddb35202e52ce493662870', '2021-05-04 14:50:53',  255,  255,  '2020-09-26 23:25:39',  '2020-10-09 01:54:26'),
(162, '216027', '8c4d3a0da5ddb35202e52ce493662870', '2021-05-04 14:50:53',  255,  255,  '2020-09-26 23:25:39',  '2020-10-09 01:54:26'),
(163, '216028', '8c4d3a0da5ddb35202e52ce493662870', '2021-05-04 14:50:53',  255,  255,  '2020-09-26 23:25:39',  '2020-10-09 01:54:26'),
(164, '216029', '8c4d3a0da5ddb35202e52ce493662870', '2021-05-04 14:50:53',  255,  255,  '2020-09-26 23:25:39',  '2020-10-09 01:54:26'),
(165, '216030', '8c4d3a0da5ddb35202e52ce493662870', '2021-05-04 14:50:53',  255,  255,  '2020-09-26 23:25:39',  '2020-10-09 01:54:26'),
(166, '216031', '8c4d3a0da5ddb35202e52ce493662870', '2021-05-04 14:50:53',  255,  255,  '2020-09-26 23:25:39',  '2020-10-09 01:54:26'),
(168, '216033', '8c4d3a0da5ddb35202e52ce493662870', '2021-05-04 14:50:53',  255,  255,  '2020-09-26 23:25:39',  '2020-10-09 01:54:26'),
(169, '216034', '8c4d3a0da5ddb35202e52ce493662870', '2021-05-04 14:50:53',  255,  255,  '2020-09-26 23:25:39',  '2020-10-09 01:54:26'),
(170, '216035', '8c4d3a0da5ddb35202e52ce493662870', '2021-05-04 14:50:53',  255,  255,  '2020-09-26 23:25:39',  '2020-10-09 01:54:26'),
(171, '216036', '8c4d3a0da5ddb35202e52ce493662870', '2021-05-04 14:50:53',  255,  255,  '2020-09-26 23:25:39',  '2020-10-09 01:54:26'),
(172, '216037', '8c4d3a0da5ddb35202e52ce493662870', '2021-05-04 14:50:53',  255,  255,  '2020-09-26 23:25:39',  '2020-10-09 01:54:26'),
(173, '216038', '8c4d3a0da5ddb35202e52ce493662870', '2021-05-04 14:50:53',  255,  255,  '2020-09-26 23:25:39',  '2020-10-09 01:54:26'),
(174, '216039', '8c4d3a0da5ddb35202e52ce493662870', '2021-05-04 14:50:53',  255,  255,  '2020-09-26 23:25:39',  '2020-10-09 01:54:27'),
(175, '216040', '8c4d3a0da5ddb35202e52ce493662870', '2021-05-04 14:50:53',  255,  255,  '2020-09-26 23:25:39',  '2020-10-09 01:54:27'),
(176, '216041', '8c4d3a0da5ddb35202e52ce493662870', '2021-05-04 14:50:53',  255,  255,  '2020-09-26 23:25:39',  '2020-10-09 01:54:27'),
(177, '216042', '8c4d3a0da5ddb35202e52ce493662870', '2021-05-04 14:50:53',  255,  255,  '2020-09-26 23:25:39',  '2020-10-09 01:54:27'),
(178, '216043', '8c4d3a0da5ddb35202e52ce493662870', '2021-05-04 14:50:53',  255,  255,  '2020-09-26 23:25:39',  '2020-10-09 01:54:27'),
(179, '216044', '8c4d3a0da5ddb35202e52ce493662870', '2021-05-04 14:50:53',  255,  255,  '2020-09-26 23:25:39',  '2020-10-09 01:54:27'),
(180, '216045', '8c4d3a0da5ddb35202e52ce493662870', '2021-05-04 14:50:53',  255,  255,  '2020-09-26 23:25:39',  '2020-10-09 01:54:27'),
(181, '216046', '8c4d3a0da5ddb35202e52ce493662870', '2021-05-04 14:50:53',  255,  255,  '2020-09-26 23:25:39',  '2020-10-09 01:54:27'),
(182, '216047', '8c4d3a0da5ddb35202e52ce493662870', '2021-05-04 14:50:53',  255,  255,  '2020-09-26 23:25:39',  '2020-10-09 01:54:27'),
(183, '216048', '8c4d3a0da5ddb35202e52ce493662870', '2021-05-04 14:50:53',  255,  255,  '2020-09-26 23:25:39',  '2020-10-09 01:54:27'),
(184, '216049', '8c4d3a0da5ddb35202e52ce493662870', '2021-05-04 14:50:53',  255,  255,  '2020-09-26 23:25:39',  '2020-10-09 01:54:27'),
(185, '216050', '8c4d3a0da5ddb35202e52ce493662870', '2021-05-04 14:50:53',  255,  255,  '2020-09-26 23:25:39',  '2020-10-09 01:54:27'),
(186, '216051', '8c4d3a0da5ddb35202e52ce493662870', '2021-05-04 14:50:53',  255,  255,  '2020-09-26 23:25:39',  '2020-10-09 01:54:27'),
(187, '216052', '8c4d3a0da5ddb35202e52ce493662870', '2021-05-04 14:50:53',  255,  255,  '2020-09-26 23:25:39',  '2020-10-09 01:54:27'),
(188, '216053', '8c4d3a0da5ddb35202e52ce493662870', '2021-05-04 14:50:53',  255,  255,  '2020-09-26 23:25:39',  '2020-10-09 01:54:27'),
(189, '216054', '8c4d3a0da5ddb35202e52ce493662870', '2021-06-30 14:33:50',  255,  255,  '2020-09-26 23:25:39',  '2020-10-09 01:54:27'),
(190, '216055', '8c4d3a0da5ddb35202e52ce493662870', '2021-05-04 14:50:53',  255,  255,  '2020-09-26 23:25:39',  '2020-10-09 01:54:27'),
(191, '216056', '8c4d3a0da5ddb35202e52ce493662870', '2021-05-04 14:50:53',  255,  255,  '2020-09-26 23:25:39',  '2020-10-09 01:54:27'),
(192, '216057', '8c4d3a0da5ddb35202e52ce493662870', '2021-05-04 14:50:53',  255,  255,  '2020-09-26 23:25:39',  '2020-10-09 01:54:27'),
(193, '216058', '8c4d3a0da5ddb35202e52ce493662870', '2021-05-04 14:50:53',  255,  255,  '2020-09-26 23:25:39',  '2020-10-09 01:54:27'),
(194, '216059', '8c4d3a0da5ddb35202e52ce493662870', '2021-05-04 14:50:53',  255,  255,  '2020-09-26 23:25:39',  '2020-10-09 01:54:27'),
(195, '216060', '8c4d3a0da5ddb35202e52ce493662870', '2021-05-04 14:50:53',  255,  255,  '2020-09-26 23:25:39',  '2020-10-09 01:54:27'),
(196, '216061', '8c4d3a0da5ddb35202e52ce493662870', '2021-05-04 14:50:53',  255,  255,  '2020-09-26 23:25:39',  '2020-10-09 01:54:27'),
(197, '216062', '8c4d3a0da5ddb35202e52ce493662870', '2021-05-04 14:50:53',  255,  255,  '2020-09-26 23:25:39',  '2020-10-09 01:54:27'),
(198, '216063', '8c4d3a0da5ddb35202e52ce493662870', '2021-05-04 14:50:53',  255,  255,  '2020-09-26 23:25:39',  '2020-10-09 01:54:27'),
(199, '216064', '8c4d3a0da5ddb35202e52ce493662870', '2021-05-04 14:50:53',  255,  255,  '2020-09-26 23:25:39',  '2020-10-09 01:54:27'),
(200, '216065', '8c4d3a0da5ddb35202e52ce493662870', '2021-05-04 14:50:53',  255,  255,  '2020-09-26 23:25:39',  '2020-10-09 01:54:27'),
(201, '216066', '8c4d3a0da5ddb35202e52ce493662870', '2021-05-04 14:50:53',  255,  255,  '2020-09-26 23:25:39',  '2020-10-09 01:54:27'),
(202, '216067', '8c4d3a0da5ddb35202e52ce493662870', '2021-05-04 14:50:53',  255,  255,  '2020-09-26 23:25:39',  '2020-10-09 01:54:27'),
(203, '216068', '8c4d3a0da5ddb35202e52ce493662870', '2021-05-04 14:50:53',  255,  255,  '2020-09-26 23:25:39',  '2020-10-09 01:54:27'),
(204, '216069', '8c4d3a0da5ddb35202e52ce493662870', '2021-05-04 14:50:53',  255,  255,  '2020-09-26 23:25:39',  '2020-10-09 01:54:27'),
(205, '216070', '8c4d3a0da5ddb35202e52ce493662870', '2021-05-04 14:50:53',  255,  255,  '2020-09-26 23:25:39',  '2020-10-09 01:54:27'),
(206, '216071', '8c4d3a0da5ddb35202e52ce493662870', '2021-05-04 14:50:53',  255,  255,  '2020-09-26 23:25:39',  '2020-10-09 01:54:27'),
(207, '216072', '8c4d3a0da5ddb35202e52ce493662870', '2021-05-04 14:50:53',  255,  255,  '2020-09-26 23:25:39',  '2020-10-09 01:54:27'),
(208, '216073', '8c4d3a0da5ddb35202e52ce493662870', '2021-05-04 14:50:53',  255,  255,  '2020-09-26 23:25:39',  '2020-10-09 01:54:27'),
(209, '216074', '8c4d3a0da5ddb35202e52ce493662870', '2021-05-04 14:50:53',  255,  255,  '2020-09-26 23:25:39',  '2020-10-09 01:54:27'),
(210, '216075', '8c4d3a0da5ddb35202e52ce493662870', '2021-05-04 14:50:53',  255,  255,  '2020-09-26 23:25:39',  '2020-10-09 01:54:27'),
(211, '216076', '8c4d3a0da5ddb35202e52ce493662870', '2021-05-04 14:50:53',  255,  255,  '2020-09-26 23:25:39',  '2020-10-09 01:54:27'),
(212, '216077', '8c4d3a0da5ddb35202e52ce493662870', '2021-05-04 14:50:53',  255,  255,  '2020-09-26 23:25:39',  '2020-10-09 01:54:28'),
(213, '216078', '8c4d3a0da5ddb35202e52ce493662870', '2021-05-04 14:50:53',  255,  255,  '2020-09-26 23:25:39',  '2020-10-09 01:54:28'),
(214, '216079', '8c4d3a0da5ddb35202e52ce493662870', '2021-05-04 14:50:53',  255,  255,  '2020-09-26 23:25:39',  '2020-10-09 01:54:28'),
(215, '216080', '8c4d3a0da5ddb35202e52ce493662870', '2021-05-04 14:50:53',  255,  255,  '2020-09-26 23:25:39',  '2020-10-09 01:54:28'),
(216, '216081', '8c4d3a0da5ddb35202e52ce493662870', '2021-05-04 14:50:53',  255,  255,  '2020-09-26 23:25:39',  '2020-10-09 01:54:28'),
(217, '216082', '8c4d3a0da5ddb35202e52ce493662870', '2021-05-04 14:50:53',  255,  255,  '2020-09-26 23:25:39',  '2020-10-09 01:54:28'),
(218, '216084', '8c4d3a0da5ddb35202e52ce493662870', '2021-05-04 14:50:53',  255,  255,  '2020-09-26 23:25:39',  '2020-10-09 01:54:28'),
(219, '216085', '8c4d3a0da5ddb35202e52ce493662870', '2021-05-04 14:50:53',  255,  255,  '2020-09-26 23:25:39',  '2020-10-09 01:54:28'),
(220, '216086', '8c4d3a0da5ddb35202e52ce493662870', '2021-05-04 14:50:53',  255,  255,  '2020-09-26 23:25:39',  '2020-10-09 01:54:28'),
(221, '216087', '8c4d3a0da5ddb35202e52ce493662870', '2021-05-04 14:50:53',  255,  255,  '2020-09-26 23:25:39',  '2020-10-09 01:54:28'),
(222, '216088', '8c4d3a0da5ddb35202e52ce493662870', '2021-05-04 14:50:53',  255,  255,  '2020-09-26 23:25:39',  '2020-10-09 01:54:28'),
(223, '216089', '8c4d3a0da5ddb35202e52ce493662870', '2021-05-04 14:50:53',  255,  255,  '2020-09-26 23:25:39',  '2020-10-09 01:54:28'),
(224, '317001', '8c4d3a0da5ddb35202e52ce493662870', '2021-05-04 14:50:53',  255,  255,  '2020-09-26 23:25:39',  '2020-10-09 01:54:28'),
(225, '216090', '8c4d3a0da5ddb35202e52ce493662870', '2021-07-01 17:42:04',  255,  255,  '2020-09-26 23:25:39',  '2021-04-06 01:34:02'),
(226, '216091', '8c4d3a0da5ddb35202e52ce493662870', '2021-05-04 14:50:53',  255,  255,  '2020-09-26 23:25:39',  '2020-10-09 01:54:28'),
(227, '216092', '8c4d3a0da5ddb35202e52ce493662870', '2021-05-04 14:50:53',  255,  255,  '2020-09-26 23:25:39',  '2020-10-09 01:54:28'),
(228, '216093', '8c4d3a0da5ddb35202e52ce493662870', '2021-05-04 14:50:53',  255,  255,  '2020-09-26 23:25:39',  '2020-10-09 01:54:28'),
(229, '216094', '8c4d3a0da5ddb35202e52ce493662870', '2021-05-04 14:50:53',  255,  255,  '2020-09-26 23:25:39',  '2020-10-09 01:54:28'),
(230, '216095', '8c4d3a0da5ddb35202e52ce493662870', '2021-05-04 14:50:53',  255,  255,  '2020-09-26 23:25:39',  '2020-10-09 01:54:28'),
(231, '216096', '8c4d3a0da5ddb35202e52ce493662870', '2021-05-04 14:50:53',  255,  255,  '2020-09-26 23:25:39',  '2020-10-09 01:54:28'),
(232, '317005', '8c4d3a0da5ddb35202e52ce493662870', '2021-05-04 14:50:53',  255,  255,  '2020-09-26 23:25:39',  '2020-10-09 01:54:28'),
(233, '317006', '8c4d3a0da5ddb35202e52ce493662870', '2021-05-04 14:50:53',  255,  255,  '2020-09-26 23:25:39',  '2020-10-09 01:54:28'),
(234, '317007', '8c4d3a0da5ddb35202e52ce493662870', '2021-05-04 14:50:53',  255,  255,  '2020-09-26 23:25:39',  '2020-10-09 01:54:28'),
(235, '317008', '8c4d3a0da5ddb35202e52ce493662870', '2021-05-04 14:50:53',  255,  255,  '2020-09-26 23:25:39',  '2020-10-09 01:54:28'),
(236, '317009', '8c4d3a0da5ddb35202e52ce493662870', '2021-05-04 14:50:53',  255,  255,  '2020-09-26 23:25:39',  '2020-10-09 01:54:28'),
(237, '317010', '8c4d3a0da5ddb35202e52ce493662870', '2021-05-04 14:50:53',  255,  255,  '2020-09-26 23:25:39',  '2020-10-09 01:54:28'),
(238, '218001', '8c4d3a0da5ddb35202e52ce493662870', '2021-05-04 14:50:53',  255,  255,  '2020-09-26 23:25:39',  '2020-10-09 01:54:28'),
(239, '317012', '8c4d3a0da5ddb35202e52ce493662870', '2021-05-04 14:50:53',  255,  255,  '2020-09-26 23:25:39',  '2020-10-09 01:54:28'),
(240, '317013', '8c4d3a0da5ddb35202e52ce493662870', '2021-05-04 14:50:53',  255,  255,  '2020-09-26 23:25:39',  '2020-10-09 01:54:28'),
(241, '317014', '8c4d3a0da5ddb35202e52ce493662870', '2021-05-04 14:50:53',  255,  255,  '2020-09-26 23:25:39',  '2020-10-09 01:54:28'),
(242, '317015', '8c4d3a0da5ddb35202e52ce493662870', '2021-05-04 14:50:53',  255,  255,  '2020-09-26 23:25:39',  '2020-10-09 01:54:28'),
(243, '317016', '8c4d3a0da5ddb35202e52ce493662870', '2021-05-04 14:50:53',  255,  255,  '2020-09-26 23:25:39',  '2020-10-09 01:54:28'),
(244, '317017', '8c4d3a0da5ddb35202e52ce493662870', '2021-05-04 14:50:53',  255,  255,  '2020-09-26 23:25:39',  '2020-10-09 01:54:28'),
(245, '317018', '8c4d3a0da5ddb35202e52ce493662870', '2021-05-04 14:50:53',  255,  255,  '2020-09-26 23:25:39',  '2020-10-09 01:54:28'),
(246, '317019', '8c4d3a0da5ddb35202e52ce493662870', '2021-05-04 14:50:53',  255,  255,  '2020-09-26 23:25:39',  '2020-10-09 01:54:28'),
(247, '216097', '8c4d3a0da5ddb35202e52ce493662870', '2021-05-04 14:50:53',  255,  255,  '2020-09-26 23:25:39',  '2020-10-09 01:54:28'),
(248, '216098', '8c4d3a0da5ddb35202e52ce493662870', '2021-05-04 14:50:53',  255,  255,  '2020-09-26 23:25:39',  '2020-10-09 01:54:28'),
(249, '216099', '8c4d3a0da5ddb35202e52ce493662870', '2021-05-04 14:50:53',  255,  255,  '2020-09-26 23:25:39',  '2020-10-09 01:54:28'),
(250, '216100', '8c4d3a0da5ddb35202e52ce493662870', '2021-05-04 14:50:53',  255,  255,  '2020-09-26 23:25:39',  '2020-10-09 01:54:28'),
(251, '216101', '8c4d3a0da5ddb35202e52ce493662870', '2021-05-04 14:50:53',  255,  255,  '2020-09-26 23:25:39',  '2020-10-09 01:54:28'),
(252, '216102', '8c4d3a0da5ddb35202e52ce493662870', '2021-05-04 14:50:53',  255,  255,  '2020-09-26 23:25:39',  '2020-10-09 01:54:29'),
(253, '216103', '8c4d3a0da5ddb35202e52ce493662870', '2021-05-04 14:50:53',  255,  255,  '2020-09-26 23:25:39',  '2020-10-09 01:54:29'),
(254, '216104', '8c4d3a0da5ddb35202e52ce493662870', '2021-07-07 18:09:30',  255,  255,  '2020-09-26 23:25:39',  '2020-10-09 01:54:29'),
(255, '216105', '8c4d3a0da5ddb35202e52ce493662870', '2021-08-22 00:58:27',  255,  255,  '2020-09-26 23:25:39',  '2021-04-20 01:18:48'),
(256, '216106', '8c4d3a0da5ddb35202e52ce493662870', '2021-05-04 14:50:53',  255,  255,  '2020-09-26 23:25:39',  '2020-10-09 01:54:29'),
(257, '216107', '8c4d3a0da5ddb35202e52ce493662870', '2021-05-04 14:50:53',  255,  255,  '2020-09-26 23:25:39',  '2020-10-09 01:54:29'),
(258, '216108', '8c4d3a0da5ddb35202e52ce493662870', '2021-05-04 14:50:53',  255,  255,  '2020-09-26 23:25:39',  '2020-10-09 01:54:29'),
(259, '116137', '8c4d3a0da5ddb35202e52ce493662870', '2021-05-04 14:50:53',  255,  255,  '2020-09-26 23:25:39',  '2020-10-09 01:54:29'),
(260, '216109', '8c4d3a0da5ddb35202e52ce493662870', '2021-05-04 14:50:53',  255,  255,  '2020-09-26 23:25:39',  '2020-10-09 01:54:29'),
(261, '216110', '8c4d3a0da5ddb35202e52ce493662870', '2021-05-04 14:50:53',  255,  255,  '2020-09-26 23:25:39',  '2020-10-09 01:54:29'),
(262, '216118', '8c4d3a0da5ddb35202e52ce493662870', '2021-05-04 14:50:53',  255,  255,  '2020-09-26 23:25:39',  '2020-10-09 01:54:29'),
(263, '216113', '8c4d3a0da5ddb35202e52ce493662870', '2021-05-04 14:50:53',  255,  255,  '2020-09-26 23:25:39',  '2020-10-09 01:54:29'),
(264, '216112', '8c4d3a0da5ddb35202e52ce493662870', '2021-05-04 14:50:53',  255,  255,  '2020-09-26 23:25:39',  '2020-10-09 01:54:29'),
(265, '116143', '8c4d3a0da5ddb35202e52ce493662870', '2021-05-04 14:50:53',  255,  255,  '2020-09-26 23:25:39',  '2020-10-09 01:54:29'),
(266, '116144', '8c4d3a0da5ddb35202e52ce493662870', '2021-05-04 14:50:53',  255,  255,  '2020-09-26 23:25:39',  '2020-10-09 01:54:29'),
(267, '317021', '8c4d3a0da5ddb35202e52ce493662870', '2021-05-04 14:50:53',  255,  255,  '2020-09-26 23:25:39',  '2020-10-09 01:54:29'),
(268, '317020', '8c4d3a0da5ddb35202e52ce493662870', '2021-05-04 14:50:53',  255,  255,  '2020-09-26 23:25:39',  '2020-10-09 01:54:29'),
(269, '216111', '8c4d3a0da5ddb35202e52ce493662870', '2021-05-04 14:50:53',  255,  255,  '2020-09-26 23:25:39',  '2020-10-09 01:54:29'),
(270, '116140', '8c4d3a0da5ddb35202e52ce493662870', '2021-05-04 14:50:53',  255,  255,  '2020-09-26 23:25:39',  '2020-10-09 01:54:29'),
(271, '116145', '8c4d3a0da5ddb35202e52ce493662870', '2021-05-04 14:50:53',  255,  255,  '2020-09-26 23:25:39',  '2020-10-09 01:54:29'),
(272, '216114', '8c4d3a0da5ddb35202e52ce493662870', '2021-05-04 14:50:53',  255,  255,  '2020-09-26 23:25:39',  '2020-10-09 01:54:29'),
(273, '216115', '8c4d3a0da5ddb35202e52ce493662870', '2021-05-04 14:50:53',  255,  255,  '2020-09-26 23:25:39',  '2020-10-09 01:54:29'),
(274, '216116', '8c4d3a0da5ddb35202e52ce493662870', '2021-05-04 14:50:53',  255,  255,  '2020-09-26 23:25:39',  '2020-10-09 01:54:29'),
(275, '116141', '8c4d3a0da5ddb35202e52ce493662870', '2021-05-04 14:50:53',  255,  255,  '2020-09-26 23:25:39',  '2020-10-09 01:54:29'),
(292, '216117', '8c4d3a0da5ddb35202e52ce493662870', '2021-05-04 14:50:53',  255,  255,  '2020-09-26 23:25:39',  '2020-10-09 01:54:29'),
(295, '219040', '8c4d3a0da5ddb35202e52ce493662870', '2021-05-04 14:50:53',  255,  255,  '2020-09-26 23:25:39',  '2020-10-09 01:54:29'),
(296, '116147', '8c4d3a0da5ddb35202e52ce493662870', '2021-05-04 14:50:53',  255,  255,  '2020-09-26 23:25:39',  '2020-10-09 01:54:29'),
(297, '216119', '8c4d3a0da5ddb35202e52ce493662870', '2021-05-04 14:50:53',  255,  255,  '2020-09-26 23:25:39',  '2020-10-09 01:54:29'),
(298, '216120', '8c4d3a0da5ddb35202e52ce493662870', '2021-05-04 14:50:53',  255,  255,  '2020-09-26 23:25:39',  '2020-10-09 01:54:29'),
(299, '116148', '8c4d3a0da5ddb35202e52ce493662870', '2021-05-04 14:50:53',  255,  255,  '2020-09-26 23:25:39',  '2020-10-09 01:54:29'),
(300, '116149', '8c4d3a0da5ddb35202e52ce493662870', '2021-05-04 14:50:53',  255,  255,  '2020-09-26 23:25:39',  '2020-10-09 01:54:29'),
(301, '116150', '8c4d3a0da5ddb35202e52ce493662870', '2021-05-04 14:50:53',  255,  255,  '2020-09-26 23:25:39',  '2020-10-09 01:54:29'),
(302, '116153', '8c4d3a0da5ddb35202e52ce493662870', '2021-05-04 14:50:53',  255,  255,  '2020-09-26 23:25:39',  '2020-10-09 01:54:29'),
(303, '116151', '8c4d3a0da5ddb35202e52ce493662870', '2021-05-04 14:50:53',  255,  255,  '2020-09-26 23:25:39',  '2020-10-09 01:54:29'),
(304, '116154', '8c4d3a0da5ddb35202e52ce493662870', '2021-05-04 14:50:53',  255,  255,  '2020-09-26 23:25:39',  '2020-10-09 01:54:29'),
(305, '116155', '8c4d3a0da5ddb35202e52ce493662870', '2021-05-04 14:50:53',  255,  255,  '2020-09-26 23:25:39',  '2020-10-09 01:54:29'),
(306, '116156', '8c4d3a0da5ddb35202e52ce493662870', '2021-05-04 14:50:53',  255,  255,  '2020-09-26 23:25:39',  '2020-10-09 01:54:29'),
(307, '116139', '8c4d3a0da5ddb35202e52ce493662870', '2021-05-04 14:50:53',  255,  255,  '2020-09-26 23:25:39',  '2020-10-09 01:54:29'),
(308, '116158', '8c4d3a0da5ddb35202e52ce493662870', '2021-05-04 14:50:53',  255,  255,  '2020-09-26 23:25:39',  '2020-10-09 01:54:30'),
(309, '116159', '8c4d3a0da5ddb35202e52ce493662870', '2021-05-04 14:50:53',  255,  255,  '2020-09-26 23:25:39',  '2020-10-09 01:54:30'),
(310, '116152', '8c4d3a0da5ddb35202e52ce493662870', '2021-05-04 14:50:53',  255,  255,  '2020-09-26 23:25:39',  '2020-10-09 01:54:30'),
(311, '118001', '8c4d3a0da5ddb35202e52ce493662870', '2021-05-04 14:50:53',  255,  255,  '2020-09-26 23:25:39',  '2020-10-09 01:54:30'),
(312, '116157', '8c4d3a0da5ddb35202e52ce493662870', '2021-05-04 14:50:53',  255,  255,  '2020-09-26 23:25:39',  '2020-10-09 01:54:30'),
(313, '318001', '8c4d3a0da5ddb35202e52ce493662870', '2021-05-04 14:50:53',  255,  255,  '2020-09-26 23:25:39',  '2020-10-09 01:54:30'),
(314, '318002', '8c4d3a0da5ddb35202e52ce493662870', '2021-05-04 14:50:53',  255,  255,  '2020-09-26 23:25:39',  '2020-10-09 01:54:30'),
(315, '318003', '8c4d3a0da5ddb35202e52ce493662870', '2021-05-04 14:50:53',  255,  255,  '2020-09-26 23:25:39',  '2020-10-09 01:54:30'),
(316, '318004', '8c4d3a0da5ddb35202e52ce493662870', '2021-05-04 14:50:53',  255,  255,  '2020-09-26 23:25:39',  '2020-10-09 01:54:30'),
(317, '318005', '8c4d3a0da5ddb35202e52ce493662870', '2021-05-04 14:50:53',  255,  255,  '2020-09-26 23:25:39',  '2020-10-09 01:54:30'),
(318, '318006', '8c4d3a0da5ddb35202e52ce493662870', '2021-05-04 14:50:53',  255,  255,  '2020-09-26 23:25:39',  '2020-10-09 01:54:30'),
(319, '318007', '8c4d3a0da5ddb35202e52ce493662870', '2021-05-04 14:50:53',  255,  255,  '2020-09-26 23:25:39',  '2020-10-09 01:54:30'),
(320, '218002', '8c4d3a0da5ddb35202e52ce493662870', '2021-05-04 14:50:53',  255,  255,  '2020-09-26 23:25:39',  '2020-10-09 01:54:30'),
(321, '218003', '8c4d3a0da5ddb35202e52ce493662870', '2021-05-04 14:50:53',  255,  255,  '2020-09-26 23:25:39',  '2020-10-09 01:54:30'),
(322, '218004', '8c4d3a0da5ddb35202e52ce493662870', '2021-05-04 14:50:53',  255,  255,  '2020-09-26 23:25:39',  '2020-10-09 01:54:30'),
(323, '218005', '8c4d3a0da5ddb35202e52ce493662870', '2021-05-04 14:50:53',  255,  255,  '2020-09-26 23:25:39',  '2021-01-29 17:18:18'),
(324, '218006', '8c4d3a0da5ddb35202e52ce493662870', '2021-05-04 14:50:53',  255,  255,  '2020-09-26 23:25:39',  '2020-10-09 01:54:30'),
(325, '216121', '8c4d3a0da5ddb35202e52ce493662870', '2021-05-04 14:50:53',  255,  255,  '2020-09-26 23:25:39',  '2020-10-09 01:54:30'),
(326, '218007', '8c4d3a0da5ddb35202e52ce493662870', '2021-05-04 14:50:53',  255,  255,  '2020-09-26 23:25:39',  '2020-10-09 01:54:30'),
(327, '118002', '8c4d3a0da5ddb35202e52ce493662870', '2021-05-04 14:50:53',  255,  255,  '2020-09-26 23:25:39',  '2020-10-09 01:54:30'),
(328, '318008', '8c4d3a0da5ddb35202e52ce493662870', '2021-05-04 14:50:53',  255,  255,  '2020-09-26 23:25:39',  '2020-10-09 01:54:30'),
(329, '116138', '8c4d3a0da5ddb35202e52ce493662870', '2021-05-04 14:50:53',  255,  255,  '2020-09-26 23:25:39',  '2020-10-09 01:54:30'),
(330, '218008', '8c4d3a0da5ddb35202e52ce493662870', '2021-05-04 14:50:53',  255,  255,  '2020-09-26 23:25:39',  '2020-10-09 01:54:30'),
(331, '218009', '8c4d3a0da5ddb35202e52ce493662870', '2021-06-28 08:06:45',  255,  255,  '2020-09-26 23:25:39',  '2020-10-09 01:54:30'),
(332, '218010', '8c4d3a0da5ddb35202e52ce493662870', '2021-05-04 14:50:53',  255,  255,  '2020-09-26 23:25:39',  '2020-10-09 01:54:30'),
(333, '318009', '8c4d3a0da5ddb35202e52ce493662870', '2021-05-04 14:50:53',  255,  255,  '2020-09-26 23:25:39',  '2020-10-09 01:54:30'),
(334, '318010', '8c4d3a0da5ddb35202e52ce493662870', '2021-05-04 14:50:53',  255,  255,  '2020-09-26 23:25:39',  '2020-10-09 01:54:30'),
(335, '118003', '8c4d3a0da5ddb35202e52ce493662870', '2021-05-04 14:50:53',  255,  255,  '2020-09-26 23:25:39',  '2020-10-09 01:54:30'),
(336, '218011', '8c4d3a0da5ddb35202e52ce493662870', '2021-05-04 14:50:53',  255,  255,  '2020-09-26 23:25:39',  '2020-10-09 01:54:30'),
(337, '218012', '8c4d3a0da5ddb35202e52ce493662870', '2021-05-04 14:50:53',  255,  255,  '2020-09-26 23:25:39',  '2020-10-09 01:54:30'),
(338, '218013', '8c4d3a0da5ddb35202e52ce493662870', '2021-05-04 14:50:53',  255,  255,  '2020-09-26 23:25:39',  '2020-10-09 01:54:30'),
(339, '218014', '8c4d3a0da5ddb35202e52ce493662870', '2021-05-04 14:50:53',  255,  255,  '2020-09-26 23:25:39',  '2020-10-09 01:54:30'),
(340, '218015', '8c4d3a0da5ddb35202e52ce493662870', '2021-05-04 14:50:53',  255,  255,  '2020-09-26 23:25:39',  '2020-10-09 01:54:30'),
(341, '218016', '8c4d3a0da5ddb35202e52ce493662870', '2021-05-04 14:50:53',  255,  255,  '2020-09-26 23:25:39',  '2020-10-09 01:54:31'),
(342, '218017', '8c4d3a0da5ddb35202e52ce493662870', '2021-05-04 14:50:53',  255,  255,  '2020-09-26 23:25:39',  '2020-10-09 01:54:31'),
(343, '118004', '8c4d3a0da5ddb35202e52ce493662870', '2021-05-04 14:50:53',  255,  255,  '2020-09-26 23:25:39',  '2020-10-09 01:54:31'),
(344, '218018', '8c4d3a0da5ddb35202e52ce493662870', '2021-05-04 14:50:53',  255,  255,  '2020-09-26 23:25:39',  '2020-10-09 01:54:31'),
(345, '118006', '8c4d3a0da5ddb35202e52ce493662870', '2021-05-04 14:50:53',  255,  255,  '2020-09-26 23:25:39',  '2020-10-09 01:54:31'),
(346, '118007', '8c4d3a0da5ddb35202e52ce493662870', '2021-05-04 14:50:53',  255,  255,  '2020-09-26 23:25:39',  '2020-10-09 01:54:31'),
(347, '218020', '8c4d3a0da5ddb35202e52ce493662870', '2021-05-04 14:50:53',  255,  255,  '2020-09-26 23:25:39',  '2020-10-09 01:54:31'),
(348, '218019', '8c4d3a0da5ddb35202e52ce493662870', '2021-05-04 14:50:53',  255,  255,  '2020-09-26 23:25:39',  '2020-10-09 01:54:31'),
(349, '218021', '8c4d3a0da5ddb35202e52ce493662870', '2021-05-04 14:50:53',  255,  255,  '2020-09-26 23:25:39',  '2020-10-09 01:54:31'),
(350, '218022', '8c4d3a0da5ddb35202e52ce493662870', '2021-05-04 14:50:53',  255,  255,  '2020-09-26 23:25:39',  '2020-10-09 01:54:31'),
(351, '118008', '8c4d3a0da5ddb35202e52ce493662870', '2021-05-04 14:50:53',  255,  255,  '2020-09-26 23:25:39',  '2020-10-09 01:54:31'),
(352, '218023', '8c4d3a0da5ddb35202e52ce493662870', '2021-05-04 14:50:53',  255,  255,  '2020-09-26 23:25:39',  '2020-10-09 01:54:31'),
(353, '218024', '8c4d3a0da5ddb35202e52ce493662870', '2021-05-04 14:50:53',  255,  255,  '2020-09-26 23:25:39',  '2020-10-09 01:54:31'),
(354, '118009', '8c4d3a0da5ddb35202e52ce493662870', '2021-05-04 14:50:53',  255,  255,  '2020-09-26 23:25:39',  '2020-10-09 01:54:31'),
(355, '219001', '8c4d3a0da5ddb35202e52ce493662870', '2021-05-04 14:50:53',  255,  255,  '2020-09-26 23:25:39',  '2020-10-09 01:54:31'),
(356, '119003', '8c4d3a0da5ddb35202e52ce493662870', '2021-05-04 14:50:53',  255,  255,  '2020-09-26 23:25:39',  '2020-10-09 01:54:31'),
(357, '119004', '8c4d3a0da5ddb35202e52ce493662870', '2021-05-04 14:50:53',  255,  255,  '2020-09-26 23:25:39',  '2020-10-09 01:54:31'),
(358, '119005', '8c4d3a0da5ddb35202e52ce493662870', '2021-05-04 14:50:53',  255,  255,  '2020-09-26 23:25:39',  '2020-10-09 01:54:31'),
(359, '219002', '8c4d3a0da5ddb35202e52ce493662870', '2021-05-04 14:50:53',  255,  255,  '2020-09-26 23:25:39',  '2020-10-09 01:54:31'),
(360, '219003', '8c4d3a0da5ddb35202e52ce493662870', '2021-05-04 14:50:53',  255,  255,  '2020-09-26 23:25:39',  '2020-10-09 01:54:31'),
(361, '119001', '8c4d3a0da5ddb35202e52ce493662870', '2021-05-04 14:50:53',  255,  255,  '2020-09-26 23:25:39',  '2020-10-09 01:54:31'),
(362, '219004', '8c4d3a0da5ddb35202e52ce493662870', '2021-05-04 14:50:53',  255,  255,  '2020-09-26 23:25:39',  '2020-10-09 01:54:31'),
(363, '219005', '8c4d3a0da5ddb35202e52ce493662870', '2021-05-04 14:50:53',  255,  255,  '2020-09-26 23:25:39',  '2020-10-09 01:54:31'),
(364, '219006', '8c4d3a0da5ddb35202e52ce493662870', '2021-05-04 14:50:53',  255,  255,  '2020-09-26 23:25:39',  '2020-10-09 01:54:31'),
(365, '219007', '8c4d3a0da5ddb35202e52ce493662870', '2021-05-04 14:50:53',  255,  255,  '2020-09-26 23:25:39',  '2020-10-09 01:54:31'),
(366, '119002', '8c4d3a0da5ddb35202e52ce493662870', '2021-05-04 14:50:53',  255,  255,  '2020-09-26 23:25:39',  '2020-10-09 01:54:31'),
(367, '219008', '8c4d3a0da5ddb35202e52ce493662870', '2021-05-04 14:50:53',  255,  255,  '2020-09-26 23:25:39',  '2020-10-09 01:54:31'),
(368, '319001', '8c4d3a0da5ddb35202e52ce493662870', '2021-05-04 14:50:53',  255,  255,  '2020-09-26 23:25:39',  '2020-10-09 01:54:31'),
(369, '319002', '8c4d3a0da5ddb35202e52ce493662870', '2021-05-04 14:50:53',  255,  255,  '2020-09-26 23:25:39',  '2020-10-09 01:54:31'),
(370, '219009', '8c4d3a0da5ddb35202e52ce493662870', '2021-07-01 03:33:42',  255,  255,  '2020-09-26 23:25:39',  '2020-10-09 01:54:31'),
(371, '219010', '8c4d3a0da5ddb35202e52ce493662870', '2021-05-04 14:50:53',  255,  255,  '2020-09-26 23:25:39',  '2020-10-09 01:54:31'),
(372, '219011', '8c4d3a0da5ddb35202e52ce493662870', '2021-05-04 14:50:53',  255,  255,  '2020-09-26 23:25:39',  '2020-10-09 01:54:31'),
(373, '219012', '8c4d3a0da5ddb35202e52ce493662870', '2021-05-04 14:50:53',  255,  255,  '2020-09-26 23:25:39',  '2020-10-09 01:54:31'),
(374, '219013', '8c4d3a0da5ddb35202e52ce493662870', '2021-05-04 14:50:53',  255,  255,  '2020-09-26 23:25:39',  '2020-10-09 01:54:31'),
(375, '219014', '8c4d3a0da5ddb35202e52ce493662870', '2021-05-04 14:50:53',  255,  255,  '2020-09-26 23:25:39',  '2020-10-09 01:54:31'),
(376, '219015', '8c4d3a0da5ddb35202e52ce493662870', '2021-05-04 14:50:53',  255,  255,  '2020-09-26 23:25:39',  '2020-10-09 01:54:31'),
(377, '219016', '8c4d3a0da5ddb35202e52ce493662870', '2021-05-04 14:50:53',  255,  255,  '2020-09-26 23:25:39',  '2020-10-09 01:54:31'),
(378, '219017', '8c4d3a0da5ddb35202e52ce493662870', '2021-05-04 14:50:53',  255,  255,  '2020-09-26 23:25:39',  '2020-10-09 01:54:31'),
(379, '219018', '8c4d3a0da5ddb35202e52ce493662870', '2021-05-04 14:50:53',  255,  255,  '2020-09-26 23:25:39',  '2020-10-09 01:54:31'),
(380, '219020', '8c4d3a0da5ddb35202e52ce493662870', '2021-05-04 14:50:53',  255,  255,  '2020-09-26 23:25:39',  '2020-10-09 01:54:32'),
(381, '219021', '8c4d3a0da5ddb35202e52ce493662870', '2021-05-04 14:50:53',  255,  255,  '2020-09-26 23:25:39',  '2020-10-09 01:54:32'),
(382, '219019', '8c4d3a0da5ddb35202e52ce493662870', '2021-05-04 14:50:53',  255,  255,  '2020-09-26 23:25:39',  '2020-10-09 01:54:32'),
(383, '219022', '8c4d3a0da5ddb35202e52ce493662870', '2021-05-04 14:50:53',  255,  255,  '2020-09-26 23:25:39',  '2020-10-09 01:54:32'),
(384, '219023', '8c4d3a0da5ddb35202e52ce493662870', '2021-05-04 14:50:53',  255,  255,  '2020-09-26 23:25:39',  '2020-10-09 01:54:32'),
(385, '119006', '8c4d3a0da5ddb35202e52ce493662870', '2021-05-04 14:50:53',  255,  255,  '2020-09-26 23:25:39',  '2020-10-09 01:54:32'),
(386, '119007', '8c4d3a0da5ddb35202e52ce493662870', '2021-05-04 14:50:53',  255,  255,  '2020-09-26 23:25:39',  '2020-10-09 01:54:32'),
(387, '119008', '8c4d3a0da5ddb35202e52ce493662870', '2021-05-04 14:50:53',  255,  255,  '2020-09-26 23:25:39',  '2020-10-09 01:54:32'),
(388, '119009', '8c4d3a0da5ddb35202e52ce493662870', '2021-05-04 14:50:53',  255,  255,  '2020-09-26 23:25:39',  '2020-10-09 01:54:32'),
(389, '119012', '8c4d3a0da5ddb35202e52ce493662870', '2021-05-04 14:50:53',  255,  255,  '2020-09-26 23:25:39',  '2020-10-09 01:54:32'),
(390, '119014', '8c4d3a0da5ddb35202e52ce493662870', '2021-05-04 14:50:53',  255,  255,  '2020-09-26 23:25:39',  '2020-10-09 01:54:32'),
(391, '119015', '8c4d3a0da5ddb35202e52ce493662870', '2021-05-04 14:50:53',  255,  255,  '2020-09-26 23:25:39',  '2020-10-09 01:54:32'),
(392, '119013', '8c4d3a0da5ddb35202e52ce493662870', '2021-05-04 14:50:53',  255,  255,  '2020-09-26 23:25:39',  '2020-10-09 01:54:32'),
(393, '119010', '8c4d3a0da5ddb35202e52ce493662870', '2021-05-04 14:50:53',  255,  255,  '2020-09-26 23:25:39',  '2020-10-09 01:54:32'),
(394, '219027', '8c4d3a0da5ddb35202e52ce493662870', '2021-05-04 14:50:53',  255,  255,  '2020-09-26 23:25:39',  '2020-10-09 01:54:32'),
(395, '219026', '8c4d3a0da5ddb35202e52ce493662870', '2021-05-04 14:50:53',  255,  255,  '2020-09-26 23:25:39',  '2020-10-09 01:54:32'),
(396, '219024', '8c4d3a0da5ddb35202e52ce493662870', '2021-05-04 14:50:53',  255,  255,  '2020-09-26 23:25:39',  '2020-10-09 01:54:32'),
(397, '119025', '8c4d3a0da5ddb35202e52ce493662870', '2021-05-04 14:50:53',  255,  255,  '2020-09-26 23:25:39',  '2020-10-09 01:54:32'),
(399, '219028', '8c4d3a0da5ddb35202e52ce493662870', '2021-05-04 14:50:53',  255,  255,  '2020-09-26 23:25:39',  '2020-10-09 01:54:32'),
(400, '219029', '8c4d3a0da5ddb35202e52ce493662870', '2021-05-04 14:50:53',  255,  255,  '2020-09-26 23:25:39',  '2020-10-09 01:54:32'),
(401, '219030', '8c4d3a0da5ddb35202e52ce493662870', '2021-05-04 14:50:53',  255,  255,  '2020-09-26 23:25:39',  '2020-10-09 01:54:32'),
(402, '219031', '8c4d3a0da5ddb35202e52ce493662870', '2021-05-04 14:50:53',  255,  255,  '2020-09-26 23:25:39',  '2020-10-09 01:54:32'),
(403, '219033', '8c4d3a0da5ddb35202e52ce493662870', '2021-05-04 14:50:53',  255,  255,  '2020-09-26 23:25:39',  '2020-10-09 01:54:32'),
(404, '219034', '8c4d3a0da5ddb35202e52ce493662870', '2021-05-04 14:50:53',  255,  255,  '2020-09-26 23:25:39',  '2020-10-09 01:54:32'),
(405, '219035', '8c4d3a0da5ddb35202e52ce493662870', '2021-05-04 14:50:53',  255,  255,  '2020-09-26 23:25:39',  '2020-10-09 01:54:32'),
(406, '119019', '8c4d3a0da5ddb35202e52ce493662870', '2021-05-04 14:50:53',  255,  255,  '2020-09-26 23:25:39',  '2020-10-09 01:54:32'),
(407, '119020', '8c4d3a0da5ddb35202e52ce493662870', '2021-05-04 14:50:53',  255,  255,  '2020-09-26 23:25:39',  '2020-10-09 01:54:32'),
(408, '119021', '8c4d3a0da5ddb35202e52ce493662870', '2021-05-04 14:50:53',  255,  255,  '2020-09-26 23:25:39',  '2020-10-09 01:54:33'),
(409, '119022', '8c4d3a0da5ddb35202e52ce493662870', '2021-05-04 14:50:53',  255,  255,  '2020-09-26 23:25:39',  '2020-10-09 01:54:33'),
(410, '219036', '8c4d3a0da5ddb35202e52ce493662870', '2021-05-04 14:50:53',  255,  255,  '2020-09-26 23:25:39',  '2020-10-09 01:54:33'),
(411, '219032', '8c4d3a0da5ddb35202e52ce493662870', '2021-05-04 14:50:53',  255,  255,  '2020-09-26 23:25:39',  '2020-10-09 01:54:33'),
(412, '219037', '8c4d3a0da5ddb35202e52ce493662870', '2021-05-04 14:50:53',  255,  255,  '2020-09-26 23:25:39',  '2020-10-09 01:54:33'),
(413, '119018', '8c4d3a0da5ddb35202e52ce493662870', '2021-05-04 14:50:53',  255,  255,  '2020-09-26 23:25:39',  '2020-10-09 01:54:33'),
(414, '119028', '8c4d3a0da5ddb35202e52ce493662870', '2021-05-04 14:50:53',  255,  255,  '2020-09-26 23:25:39',  '2020-10-09 01:54:33'),
(415, '119023', '8c4d3a0da5ddb35202e52ce493662870', '2021-05-04 14:50:53',  255,  255,  '2020-09-26 23:25:39',  '2020-10-09 01:54:33'),
(416, '119026', '8c4d3a0da5ddb35202e52ce493662870', '2021-05-04 14:50:53',  255,  255,  '2020-09-26 23:25:39',  '2020-10-09 01:54:33'),
(417, '119029', '8c4d3a0da5ddb35202e52ce493662870', '2021-05-04 14:50:53',  255,  255,  '2020-09-26 23:25:39',  '2020-10-09 01:54:33'),
(418, '119031', '8c4d3a0da5ddb35202e52ce493662870', '2021-05-04 14:50:53',  255,  255,  '2020-09-26 23:25:39',  '2020-10-09 01:54:33'),
(419, '119032', '8c4d3a0da5ddb35202e52ce493662870', '2021-05-04 14:50:53',  255,  255,  '2020-09-26 23:25:39',  '2020-10-09 01:54:33'),
(420, '119024', '8c4d3a0da5ddb35202e52ce493662870', '2021-05-04 14:50:53',  255,  255,  '2020-09-26 23:25:39',  '2020-10-09 01:54:33'),
(421, '119033', '8c4d3a0da5ddb35202e52ce493662870', '2021-05-04 14:50:53',  255,  255,  '2020-09-26 23:25:39',  '2020-10-09 01:54:33'),
(422, '119017', '8c4d3a0da5ddb35202e52ce493662870', '2021-05-04 14:50:53',  255,  255,  '2020-09-26 23:25:39',  '2020-10-09 01:54:33'),
(423, '219038', '8c4d3a0da5ddb35202e52ce493662870', '2021-05-04 14:50:53',  255,  255,  '2020-09-26 23:25:39',  '2020-10-09 01:54:33'),
(424, '219039', '8c4d3a0da5ddb35202e52ce493662870', '2021-05-04 14:50:53',  255,  255,  '2020-09-26 23:25:39',  '2020-10-09 01:54:33'),
(425, '219041', '8c4d3a0da5ddb35202e52ce493662870', '2021-05-04 14:50:53',  255,  255,  '2020-09-26 23:25:39',  '2020-10-09 01:54:33'),
(426, '119030', '8c4d3a0da5ddb35202e52ce493662870', '2021-07-01 03:32:32',  255,  255,  '2020-09-26 23:25:39',  '2020-10-09 01:54:33'),
(427, '219042', '8c4d3a0da5ddb35202e52ce493662870', '2021-05-04 14:50:53',  255,  255,  '2020-09-26 23:25:39',  '2020-10-09 01:54:33'),
(428, '219043', '8c4d3a0da5ddb35202e52ce493662870', '2021-05-04 14:50:53',  255,  255,  '2020-09-26 23:25:39',  '2020-10-09 01:54:33'),
(429, '219044', '8c4d3a0da5ddb35202e52ce493662870', '2021-05-04 14:50:53',  255,  255,  '2020-09-26 23:25:39',  '2020-10-09 01:54:33'),
(430, '219045', '8c4d3a0da5ddb35202e52ce493662870', '2021-05-04 14:50:53',  255,  255,  '2020-09-26 23:25:39',  '2020-10-09 01:54:33'),
(431, '116125', '8c4d3a0da5ddb35202e52ce493662870', '2021-05-04 14:50:53',  255,  255,  '2020-09-26 23:25:39',  '2020-10-09 01:54:33'),
(432, '219047', '8c4d3a0da5ddb35202e52ce493662870', '2021-05-04 14:50:53',  255,  255,  '2020-09-26 23:25:39',  '2020-10-09 01:54:33'),
(433, '219046', '8c4d3a0da5ddb35202e52ce493662870', '2021-05-04 14:50:53',  255,  255,  '2020-09-26 23:25:39',  '2020-10-09 01:54:33'),
(434, '319003', '8c4d3a0da5ddb35202e52ce493662870', '2021-05-04 14:50:53',  255,  255,  '2020-09-26 23:25:39',  '2020-10-09 01:54:33'),
(435, '319004', '8c4d3a0da5ddb35202e52ce493662870', '2021-05-04 14:50:53',  255,  255,  '2020-09-26 23:25:39',  '2020-10-09 01:54:33'),
(436, '219048', '8c4d3a0da5ddb35202e52ce493662870', '2021-05-04 14:50:53',  255,  255,  '2020-09-26 23:25:39',  '2020-10-09 01:54:33'),
(437, '219049', '8c4d3a0da5ddb35202e52ce493662870', '2021-05-04 14:50:53',  255,  255,  '2020-09-26 23:25:39',  '2020-10-09 01:54:33'),
(438, '219050', '8c4d3a0da5ddb35202e52ce493662870', '2021-05-04 14:50:53',  255,  255,  '2020-09-26 23:25:39',  '2020-10-09 01:54:33'),
(439, '219051', '8c4d3a0da5ddb35202e52ce493662870', '2021-05-04 14:50:53',  255,  255,  '2020-09-26 23:25:39',  '2020-10-09 01:54:33'),
(440, '119016', '8c4d3a0da5ddb35202e52ce493662870', '2021-05-04 14:50:53',  255,  255,  '2020-09-26 23:25:39',  '2020-10-09 01:54:33'),
(441, '119034', '8c4d3a0da5ddb35202e52ce493662870', '2021-05-04 14:50:53',  255,  255,  '2020-09-26 23:25:39',  '2020-10-09 01:54:33'),
(442, '219053', '8c4d3a0da5ddb35202e52ce493662870', '2021-05-04 14:50:53',  255,  255,  '2020-09-26 23:25:39',  '2020-10-09 01:54:33'),
(443, '219054', '8c4d3a0da5ddb35202e52ce493662870', '2021-05-04 14:50:53',  255,  255,  '2020-09-26 23:25:39',  '2020-10-09 01:54:33'),
(444, '219052', '8c4d3a0da5ddb35202e52ce493662870', '2021-05-04 14:50:53',  255,  255,  '2020-09-26 23:25:39',  '2020-10-09 01:54:33'),
(445, '119011', '8c4d3a0da5ddb35202e52ce493662870', '2021-05-04 14:50:53',  255,  255,  '2020-09-26 23:25:39',  '2020-10-09 01:54:33'),
(446, '119035', '8c4d3a0da5ddb35202e52ce493662870', '2021-05-04 14:50:53',  255,  255,  '2020-09-26 23:25:39',  '2020-10-09 01:54:34'),
(447, '219055', '8c4d3a0da5ddb35202e52ce493662870', '2021-05-04 14:50:53',  255,  255,  '2020-09-26 23:25:39',  '2020-10-09 01:54:34'),
(448, '219057', '8c4d3a0da5ddb35202e52ce493662870', '2021-05-04 14:50:53',  255,  255,  '2020-09-26 23:25:39',  '2020-10-09 01:54:34'),
(449, '219059', '8c4d3a0da5ddb35202e52ce493662870', '2021-08-15 15:06:09',  255,  255,  '2020-09-26 23:25:39',  '2020-10-09 01:54:34'),
(450, '219058', '8c4d3a0da5ddb35202e52ce493662870', '2021-05-04 14:50:53',  255,  255,  '2020-09-26 23:25:39',  '2020-10-09 01:54:34'),
(451, '219056', '8c4d3a0da5ddb35202e52ce493662870', '2021-05-04 14:50:53',  255,  255,  '2020-09-26 23:25:39',  '2020-10-09 01:54:34'),
(452, '219060', '8c4d3a0da5ddb35202e52ce493662870', '2021-05-04 14:50:53',  255,  255,  '2020-09-26 23:25:39',  '2020-10-09 01:54:34'),
(453, '219061', '8c4d3a0da5ddb35202e52ce493662870', '2021-05-04 14:50:53',  255,  255,  '2020-09-26 23:25:39',  '2020-10-09 01:54:34'),
(455, '220001', '8c4d3a0da5ddb35202e52ce493662870', '2021-05-04 14:50:53',  255,  255,  '2020-09-26 23:25:39',  '2020-10-09 01:54:34'),
(456, '120001', '8c4d3a0da5ddb35202e52ce493662870', '2021-05-04 14:50:53',  255,  255,  '2020-09-26 23:25:39',  '2020-10-09 01:54:34'),
(457, '120002', '8c4d3a0da5ddb35202e52ce493662870', '2021-05-04 14:50:53',  255,  255,  '2020-09-26 23:25:39',  '2020-10-09 01:54:34'),
(458, '120003', '8c4d3a0da5ddb35202e52ce493662870', '2021-05-04 14:50:53',  255,  255,  '2020-09-26 23:25:39',  '2020-10-09 01:54:34'),
(459, '120004', '8c4d3a0da5ddb35202e52ce493662870', '2021-05-04 14:50:53',  255,  255,  '2020-09-26 23:25:39',  '2020-10-09 01:54:34'),
(460, '220005', '8c4d3a0da5ddb35202e52ce493662870', '2021-05-04 14:50:53',  255,  255,  '2020-09-26 23:25:39',  '2020-10-09 01:54:34'),
(461, '220004', '8c4d3a0da5ddb35202e52ce493662870', '2021-05-04 14:50:53',  255,  255,  '2020-09-26 23:25:39',  '2020-10-09 01:54:34'),
(462, '220003', '8c4d3a0da5ddb35202e52ce493662870', '2021-05-04 14:50:53',  255,  255,  '2020-09-26 23:25:39',  '2020-10-09 01:54:34'),
(463, '220002', '8c4d3a0da5ddb35202e52ce493662870', '2021-05-04 14:50:53',  255,  255,  '2020-09-26 23:25:39',  '2020-10-09 01:54:34'),
(464, '220006', '8c4d3a0da5ddb35202e52ce493662870', '2021-05-04 14:50:53',  255,  255,  '2020-09-26 23:25:39',  '2020-10-09 01:54:34'),
(465, '320001', '8c4d3a0da5ddb35202e52ce493662870', '2021-05-04 14:50:53',  255,  255,  '2020-09-26 23:25:39',  '2020-10-09 01:54:34'),
(466, '419002', '8c4d3a0da5ddb35202e52ce493662870', '2021-05-04 14:50:53',  255,  255,  '2020-09-26 23:25:39',  '2020-10-09 01:54:34'),
(467, '419003', '8c4d3a0da5ddb35202e52ce493662870', '2021-05-04 14:50:53',  255,  255,  '2020-09-26 23:25:39',  '2020-10-09 01:54:34'),
(468, '419001', '8c4d3a0da5ddb35202e52ce493662870', '2021-05-04 14:50:53',  255,  255,  '2020-09-26 23:25:39',  '2020-10-09 01:54:34'),
(469, '419004', '8c4d3a0da5ddb35202e52ce493662870', '2021-05-04 14:50:53',  255,  255,  '2020-09-26 23:25:39',  '2020-10-09 01:54:34'),
(470, '419005', '8c4d3a0da5ddb35202e52ce493662870', '2021-05-04 14:50:53',  255,  255,  '2020-09-26 23:25:39',  '2020-10-09 01:54:34'),
(471, '420001', '8c4d3a0da5ddb35202e52ce493662870', '2021-05-04 14:50:53',  255,  255,  '2020-09-26 23:25:39',  '2020-10-09 01:54:34'),
(472, '120005', '8c4d3a0da5ddb35202e52ce493662870', '2021-05-04 14:50:53',  255,  255,  '2020-09-26 23:25:39',  '2020-10-09 01:54:34'),
(473, '220007', '8c4d3a0da5ddb35202e52ce493662870', '2021-05-04 14:50:53',  255,  255,  '2020-09-26 23:25:39',  '2020-10-09 01:54:34'),
(474, '220009', '8c4d3a0da5ddb35202e52ce493662870', '2021-05-04 14:50:53',  255,  255,  '2020-09-26 23:25:39',  '2020-10-09 01:54:34'),
(475, '220008', '8c4d3a0da5ddb35202e52ce493662870', '2021-07-05 06:32:36',  255,  255,  '2020-09-26 23:25:39',  '2020-10-09 01:54:34'),
(476, '220010', '8c4d3a0da5ddb35202e52ce493662870', '2021-05-04 14:50:53',  255,  255,  '2020-09-26 23:25:39',  '2020-10-09 01:54:34'),
(477, '120007', '8c4d3a0da5ddb35202e52ce493662870', '2021-05-04 14:50:53',  255,  255,  '2020-09-26 23:25:39',  '2020-10-09 01:54:34'),
(478, '220011', '8c4d3a0da5ddb35202e52ce493662870', '2021-05-04 14:50:53',  255,  255,  '2020-09-26 23:25:39',  '2020-10-09 01:54:34'),
(479, '220012', '8c4d3a0da5ddb35202e52ce493662870', '2021-05-04 14:50:53',  255,  255,  '2020-09-26 23:25:39',  '2020-10-09 01:54:34'),
(480, '220013', '8c4d3a0da5ddb35202e52ce493662870', '2021-05-04 14:50:53',  255,  255,  '2020-09-26 23:25:39',  '2020-10-09 01:54:35'),
(481, '105217004',  '8c4d3a0da5ddb35202e52ce493662870', '2021-05-04 14:50:53',  255,  255,  '2020-09-26 23:25:39',  '2020-10-09 01:54:35'),
(482, '220014', '8c4d3a0da5ddb35202e52ce493662870', '2021-05-04 14:50:53',  255,  255,  '2020-09-26 23:25:39',  '2020-10-09 01:54:35'),
(483, '220015', '8c4d3a0da5ddb35202e52ce493662870', '2021-05-04 14:50:53',  255,  255,  '2020-09-26 23:25:39',  '2020-10-09 01:54:35'),
(484, '320002', '8c4d3a0da5ddb35202e52ce493662870', '2021-05-04 14:50:53',  255,  255,  '2020-09-26 23:25:39',  '2020-10-09 01:54:35'),
(485, '220016', '8c4d3a0da5ddb35202e52ce493662870', '2021-05-04 14:50:53',  255,  255,  '2020-09-26 23:25:39',  '2020-10-09 01:54:35'),
(486, '120008', '8c4d3a0da5ddb35202e52ce493662870', '2021-05-04 14:50:53',  255,  255,  '2020-09-26 23:25:39',  '2020-10-09 01:54:35'),
(487, '120009', '8c4d3a0da5ddb35202e52ce493662870', '2021-05-04 14:50:53',  255,  255,  '2021-02-15 01:10:04',  '2021-02-15 01:11:43'),
(488, '220018', '8c4d3a0da5ddb35202e52ce493662870', '2021-05-04 14:50:53',  255,  255,  '2021-02-15 01:10:04',  '2021-02-15 01:11:43'),
(489, '220017', '8c4d3a0da5ddb35202e52ce493662870', '2021-05-04 14:50:53',  255,  255,  '2021-02-15 01:10:04',  '2021-02-15 01:11:43'),
(490, '220019', '8c4d3a0da5ddb35202e52ce493662870', '2021-05-04 14:50:53',  255,  255,  '2021-02-15 01:10:04',  '2021-02-15 01:11:43'),
(491, '220024', '8c4d3a0da5ddb35202e52ce493662870', '2021-05-04 14:50:53',  255,  255,  '2021-02-15 01:10:04',  '2021-02-15 01:11:43'),
(492, '220023', '8c4d3a0da5ddb35202e52ce493662870', '2021-05-04 14:50:53',  255,  255,  '2021-02-15 01:10:04',  '2021-02-15 01:11:43'),
(493, '220020', '8c4d3a0da5ddb35202e52ce493662870', '2021-05-04 14:50:53',  255,  255,  '2021-02-15 01:10:04',  '2021-02-15 01:11:43'),
(494, '520001', '8c4d3a0da5ddb35202e52ce493662870', '2021-05-04 14:50:53',  255,  255,  '2021-02-15 01:10:04',  '2021-02-15 01:11:43'),
(495, '220022', '8c4d3a0da5ddb35202e52ce493662870', '2021-05-04 14:50:53',  255,  255,  '2021-02-15 01:10:04',  '2021-02-15 01:11:43'),
(496, '120010', '8c4d3a0da5ddb35202e52ce493662870', '2021-05-04 14:50:53',  255,  255,  '2021-02-15 01:10:04',  '2021-02-15 01:11:43'),
(497, '520002', '8c4d3a0da5ddb35202e52ce493662870', '2021-05-04 14:50:53',  255,  255,  '2021-02-15 01:10:04',  '2021-02-15 01:11:43'),
(498, '320003', '8c4d3a0da5ddb35202e52ce493662870', '2021-05-04 14:50:53',  255,  255,  '2021-02-15 01:10:04',  '2021-02-15 01:11:43'),
(499, '220025', '8c4d3a0da5ddb35202e52ce493662870', '2021-05-04 14:50:53',  255,  255,  '2021-02-15 01:10:04',  '2021-02-15 01:11:43'),
(500, '120011', '8c4d3a0da5ddb35202e52ce493662870', '2021-05-04 14:50:53',  255,  255,  '2021-02-15 01:10:04',  '2021-02-15 01:11:43'),
(501, '120013', '8c4d3a0da5ddb35202e52ce493662870', '2021-05-04 14:50:53',  255,  255,  '2021-02-15 01:10:04',  '2021-02-15 01:11:43'),
(502, '221001', '8c4d3a0da5ddb35202e52ce493662870', '2021-05-04 14:50:53',  255,  255,  '2021-02-15 01:10:04',  '2021-02-15 01:11:43'),
(503, '221002', '8c4d3a0da5ddb35202e52ce493662870', '2021-05-04 14:50:53',  255,  255,  '2021-02-15 01:10:04',  '2021-02-15 01:11:43'),
(504, '221003', '8c4d3a0da5ddb35202e52ce493662870', '2021-05-04 14:50:53',  255,  255,  '2021-02-15 01:10:04',  '2021-02-15 01:11:43'),
(505, '120012', '8c4d3a0da5ddb35202e52ce493662870', '2021-05-04 14:50:53',  255,  255,  '2021-02-15 01:10:04',  '2021-02-15 01:11:43'),
(506, '121003', '8c4d3a0da5ddb35202e52ce493662870', '2021-05-04 14:50:53',  255,  255,  '2021-02-15 01:10:04',  '2021-02-15 01:11:43'),
(507, '121001', '8c4d3a0da5ddb35202e52ce493662870', '2021-05-04 14:50:53',  255,  255,  '2021-02-15 01:10:04',  '2021-02-15 01:11:43'),
(508, '221004', '8c4d3a0da5ddb35202e52ce493662870', '2021-05-04 14:50:53',  255,  255,  '2021-02-15 01:10:04',  '2021-02-15 01:11:43'),
(509, '221005', '8c4d3a0da5ddb35202e52ce493662870', '2021-05-04 14:50:53',  255,  255,  '2021-02-15 01:10:04',  '2021-02-15 01:11:43'),
(510, '221006', '8c4d3a0da5ddb35202e52ce493662870', '2021-05-04 14:50:53',  255,  255,  '2021-02-15 01:10:04',  '2021-02-15 01:11:43'),
(511, '221007', '8c4d3a0da5ddb35202e52ce493662870', '2021-05-04 14:50:53',  255,  255,  '2021-02-15 01:10:04',  '2021-02-15 01:11:43'),
(512, '121005', '8c4d3a0da5ddb35202e52ce493662870', '2021-05-13 01:14:05',  255,  255,  '2021-02-15 01:10:04',  '2021-02-15 01:11:43'),
(513, '221008', '8c4d3a0da5ddb35202e52ce493662870', '2021-05-04 14:50:53',  255,  255,  '2021-04-06 19:36:44',  '2021-04-06 19:36:44');

DROP TABLE IF EXISTS `user_group`;
CREATE TABLE `user_group` (
  `id` int(11) NOT NULL AUTO_INCREMENT,
  `name` varchar(255) COLLATE utf8_unicode_ci DEFAULT NULL,
  `due_time` time DEFAULT NULL,
  PRIMARY KEY (`id`)
) ENGINE=InnoDB DEFAULT CHARSET=utf8 COLLATE=utf8_unicode_ci;

INSERT INTO `user_group` (`id`, `name`, `due_time`) VALUES
(1, 'Tenaga Kependidikan',  '08:01:00'),
(2, 'Dosen',  '09:01:00'),
(3, 'Jam Bebas',  '00:00:00'),
(4, 'Pimpinan',  '00:00:00');

-- 2021-08-22 00:59:12